149
779 845
34723 24590 3077 38157 27932 14002 12381 25140 19033 9530 2119 20361 4160 29232 8675 31741 543 32367 34251 21753 27956 23856 5666 35607 19144 9400 25060 2267 29713 17859 34333 33428 28973 18011 38378 17996 876 39403 33877 38946 24251 1942 31140 26825 9594 6872 37208 25274 15008 35901 13410 28326 15097 17861 22759 37905 29269 24640 32157 32968 30373 11130 24875 20800 16285 3401 25589 23231 28839 292 22513 19162 22635 8445 16061 5425 150 23334 36891 31273 21301 5265 6029 34077 31330 37817 33183 21082 27275 4388 28235 20272 25478 1945 11600 19377 23854 11286 5460 10683 19245 1712 5527 15680 18296 25878 15758 26387 5070 6023 20599 39467 1892 28802 15847 12872 2260 36844 15557 33481 35107 22869 21751 8117 10012 29653 23979 17503 14391 10399 33406 29788 9892 8173 15541 12947 3001 18221 7636 18126 2606 11916 18772 28260 488 27957 37496 8777 17816 33770 11781 15217 15442 12961 32084 1295 8722 35839 23488 22206 36530 25593 18725 25400 13035 31666 33727 13241 18004 16986 6371 1996 31763 7708 39544 16825 35894 33130 35642 35396 5783 3701 38375 26729 15107 18070 16699 5813 6847 28784 35624 12916 9874 27017 35359 14431 7405 24380 34118 23718 28566 26650 37389 1509 35092 11646 36450 15516 26627 3579 23462 34181 14955 9699 32791 20552 5850 15698 17148 25619 1816 27769 28201 28620 35684 4260 10536 32871 24237 26593 21242 6162 39302 7790 32526 30914 21983 795 29747 24595 23384 5731 21370 35860 20395 22569 17869 29014 30442 15276 16676 36332 39823 29390 2626 20293 16592 27961 37484 29802 38746 36030 17694 35663 13195 31822 4030 33012 26819 13305 37294 695 28821 7275 22479 30291 20062 1144 5471 2663 35209 167 4811 9996 30986 2768 5394 38615 37564 15840 34886 20727 20606 16440 34354 27078 3400 10464 31558 7747 27115 31826 37669 19670 11737 33159 14259 22561 30348 8863 18451 13942 6190 8739 28477 22193 16990 23640 7173 28061 34623 39428 4584 2584 9205 4250 37194 16558 12332 16416 1005 14891 2493 16793 26863 31844 27239 20260 28090 1874 24128 6949 17016 36254 11175 28814 19017 7890 5229 2588 3308 13509 5075 32749 3729 33906 15568 34169 13813 4744 25557 2512 11251 5896 23042 19842 36311 35831 28552 29637 30374 1970 5087 22076 6676 13022 26827 10637 12617 23266 2143 24456 19924 12174 18695 10390 20452 11769 12716 11435 471 33706 17940 26565 37799 26263 30509 35246 7527 33283 37043 19767 16333 8950 3080 32743 5740 10578 24619 25324 13276 35859 1628 12962 31161 21578 31154 182 792 17098 19422 16275 1657 14785 30315 8372 9069 17711 5040 17130 31001 28479 13043 14170 1439 6175 37662 28777 4346 14900 31467 2697 18990 21504 8408 26291 25488 24177 25900 1968 28452 31028 2451 21272 24480 12158 27217 37198 19202 13028 7208 20569 22398 15702 7159 39306 16116 11299 8463 10129 28819 25147 4335 30026 36612 5478 26960 16349 31336 14181 33742 15556 18488 18358 29609 7498 14489 25773 38681 1957 9023 6884 18833 19630 29107 13140 26069 95 25209 8118 3610 20160 20317 26717 23636 9657 29852 18236 37370 27473 6832 38160 25700 11179 34997 23078 39547 3706 33401 21646 3637 37652 11965 24780 39270 35180 34979 28823 7018 13174 39462 38670 32480 26630 38400 31580 10522 33382 12198 16774 36560 30396 29481 29790 28033 38261 11145 36734 9496 27909 37265 25579 32436 12577 9828 34664 10790 19048 12645 32289 980 20244 19138 14324 30282 37075 7315 35825 3665 5210 25918 39342 33390 18603 21119 35389 26306 2876 22771 22241 28332 3864 34845 30423 808 26622 16588 18491 28135 26144 24693 8295 19533 35689 27507 37723 13011 5160 10766 8765 20427 27990 20866 25391 33071 34848 10424 9210 12547 755 10533 37213 15817 18263 4579 6315 26993 11871 7396 782 27373 12764 21198 33951 30590 24229 22697 10562 31376 15550 30669 34051 14435 22043 35991 24074 31602 545 28476 3 19026 2304 23200 2340 14408 34086 21918 34970 8468 4478 5513 26519 21574 10785 32645 16606 8024 32736 25887 12604 31770 24365 14072 6114 31675 13091 6153 18807 35977 25782 3557 25690 640 37341 39504 21792 39232 11207 7007 17877 30600 36780 22753 32708 1840 12593 15530 33445 34950 27294 4993 7618 3291 9453 13578 37014 17490 7064 18143 39378 12818 27520 8361 3482 21609 28997 39141 32974 31160 13516 21925 32148 38191 18206 14242 21324 25142 35058 19133 9381 21879 18509 38612 3994 28222 3313 3523 24670 30862 16379 365 1105 16430 37869 6973 16809 23183 35949 31777 17583 89 32307 19551 20086 5769 33393 6780 1736 12908 13984 14817 20620 28913 14782 10422 20978 27370 3097 3282 31137 1543 12115 9984 34135 30587 7848 28876 17839 21677 16512 8674 26583 15403 15369 2808 27706 26376 39035 16156 10291 30013 2195 35590 20965 18303 7063 28060 2905 18838 14836 31786 31030 20486 29780 7203 21013 1755 6834 35625 16291 25896 28991 37233 3952 123 7077 35852 8250 19149 17808 20291 1702 2916 35477 36035 38929 9369 27060 7036 28567 4988 25416 14015 13304 9470 3007 38141 37716 10832 13109 3004 31100 23783 18060 27994 21896 12409 5299 33296 13688 9180 24606 6122 6180 4745
176 803
36514 26637 19520 275 10596 3312 11046 14873 37333 19861 34905 313 13447 3903 35781 9580 15480 3121 30829 3533 16834 8182 17745 25537 16761 18742 34103 31608 21838 32808 38048 4031 28299 8100 22770 804 38924 9469 27269 15225 23147 17537 30549 32311 15609 409 12533 32948 32338 8643 28769 23657 10860 21056 37764 12994 22580 11070 4007 11005 22403 35124 25370 29874 16303 38207 186 26511 1365 21246 33220 9762 2992 12517 39519 33153 22506 797 4606 29669 37827 32253 23902 29417 9427 11988 26349 5912 26427 36610 14678 21173 13297 32653 20972 13251 16249 6782 23757 3019 29949 12790 39130 25572 5362 19425 14126 2118 27562 22441 4166 19869 38283 11695 24664 3926 24119 30444 33142 13342 16920 24015 16367 33731 5649 30389 18213 9134 39113 20281 3012 18818 38347 15590 19844 24779 23883 4319 38861 21402 2213 184 9311 6464 30633 19975 26683 7659 25477 9647 8776 31979 13335 21448 4924 17620 17702 1581 27930 18671 17352 27536 513 28684 33543 33391 15476 494 10135 37794 35137 39447 38189 33957 19765 18090 26018 3131 28082 9545 2735 22349 16543 25766 20505 20604 23717 22393 19894 18586 1557 28979 6331 37081 23580 15615 25581 26498 24945 23281 39153 18368 2059 11811 39036 1485 22757 25810 26592 15128 37978 9840 14847 27066 30599 33244 17324 19944 21318 33675 24522 15594 21000 6250 6860 3749 13160 2716 35588 15185 1705 7210 35006 22744 19200 15452 7430 20191 35088 24793 37556 1688 29282 29946 14638 13873 28889 31967 5393 37801 18092 34157 9620 7325 37838 627 15091 10296 20920 36559 6794 10752 39534 34899 27074 19597 364 28593 19332 18456 10050 6911 7291 36274 33101 4181 21454 18223 32028 13634 3177 16892 1443 5100 472 26363 31081 11654 20681 23196 34605 14140 9630 27357 30974 16318 29176 37010 27602 9776 26130 23207 17894 3908 10948 29654 36421 27031 11266 24025 17837 21219 14560 23243 28911 17576 27061 37624 24146 34727 4240 12528 36104 1763 25044 19306 2056 35657 14915 8404 26902 41 10043 36827 25359 31995 37761 3776 13864 6817 10810 37219 1350 34417 8207 1990 26989 1013 28798 3206 7175 4109 11237 11755 34665 3267 29841 18458 13376 8198 15061 31361 38776 14261 19671 39633 4921 26676 12471 6463 8403 25484 24166 4106 33387 38627 36747 25241 14903 2133 20069 14210 37001 4177 13154 13523 21055 20425 39166 1676 37900 20110 29195 5556 32085 24358 16084 14950 22958 8960 33881 23180 23797 31448 34439 21873 38356 18570 36932 32287 32899 14220 11914 38255 20992 2780 24253 34114 28931 25577 19629 692 12971 17311 16790 13775 7130 13611 28917 14808 14075 25298 11957 24831 1122 19824 16230 23829 12545 19147 13893 8844 5723 24023 18709 20670 27813 33811 11551 10421 37276 20737 38840 34776 28647 7428 16450 1790 27944 2409 8147 35387 15261 33542 583 15839 24144 36165 21215 6283 29957 21403 34777 14913 25671 26746 28634 3667 21352 23966 12126 4892 4530 29500 3065 17306 12875 5660 26939 33539 37668 11896 94 12220 6678 5383 27737 9797 12965 24256 32605 3677 17734 39581 12758 16995 27645 36147 3822 18766 2144 7310 25090 16238 32666 29095 27895 20122 10092 14755 4400 37459 5900 34061 23987 23989 33596 14064 36677 27101 23190 22932 31814 37408 7911 9727 25326 1181 38633 37419 20211 4395 26396 15572 16268 26599 37121 15345 21655 33302 34698 10531 682 31926 21557 17971 16024 28356 29712 21307 1326 34656 35469 4322 15224 39296 28089 1943 21859 25678 19416 7685 17401 16421 33286 2150 4352 37165 28128 5966 27076 35438 20390 15804 814 27941 8071 34213 23503 3017 33065 14705 26256 22992 29729 20021 4025 31871 1856 32011 20910 7678 11273 35870 36672 35850 29678 456 11685 379 8042 1784 744 11926 7020 35059 36499 28426 32527 19795 15190 1076 3543 8386 16779 12280 1844 26605 20991 36882 27103 31292 39263 11716 36583 28137 32218 3040 39091 635 7115 2158 39287 36205 24702 12301 6688 2478 31809 15754 556 38757 14332 29270 33452 26572 38973 16192 23927 15901 15800 11420 28929 24397 10275 39078 4539 13479 3294 21009 8621 24244 24888 32802 25849 19018 12157 19936 22120 38109 29979 14370 9040 10580 10990 20351 36908 31578 564 36154 7546 1830 26232 20083 31538 3576 18129 1053 12383 28806 21851 24634 24427 13592 23395 32689 33018 24030 37347 8290 17767 18612 4460 33187 28338 17997 5729 30720 20127 37450 35355 38447 38186 17091 6948 31663 10445 25711 14736 20099 10893 320 9344 31827 25968 22816 13306 37298 10697 22326 36967 21514 29868 38250 37893 14659 1502 7069 29565 22183 9298 26480 28946 20526 16397 21393 36555 37230 519 5009 26408 24984 2311 38619 16211 794 29727 23775 9259 17934 5414 21541 29092 5223 11202 26072 38312 36966 31394 679 6770 4278 17144 31048 4047 5165 6986 14553 23235 32753 18793 30340 21670 26534 24261 39125 26461 38988 2484 3496 9268 914 7222
1086 786
39461 36191 20824 25553 28217 33272 13172 23735 7771 27010 5277 38114 18361 919 12279 24178 35735 39207 15745 39145 35369 2074 10614 22595 33972 30000 39779 39507 32932 27455 29600 19228 18714 38748 12024 17827 12413 291 6760 35700 38339 31790 3269 18562 32170 3352 34288 18465 13604 5392 26080 2643 4805 36040 31051 2834 7425 15017 23727 1612 15929 31595 13882 4206 15414 12734 4634 34039 10259 22319 27346 3722 35672 19549 28541 35075 4987 35487 36999 5433 24674 39464 34253 26812 35951 9189 29309 34445 7963 20984 20939 26286 33127 9206 30106 18038 33809 34138 21813 9196 36316 35561 39367 4937 5225 12007 25886 16501 30793 15946 11714 20644 2842 22846 23803 32981 8284 11751 30432 30379 931 35562 19791 21585 29645 27682 31471 14059 28659 6532 28584 14310 7277 517 8047 35989 4730 2642 9053 17300 35916 22671 36455 26493 10451 33169 3703 19742 1151 36874 12838 39251 28149 12210 38888 30241 12289 7334 16849 24515 19982 30064 24761 37061 10030 23006 25213 2958 12075 17005 21830 30802 23700 24347 13278 26859 19334 38319 5184 37664 31522 11067 25184 23017 39184 28482 25992 9011 39090 23037 12676 12505 29194 24314 6626 28974 7690 30177 24764 2504 21727 8921 6546 30529 20316 14536 18900 28034 8066 30956 1463 38220 30491 30076 24808 31640 22621 14003 21364 39435 8716 33617 25302 7399 8905 31122 10764 11231 5617 13799 10013 29960 18889 25116 6423 13413 7602 31443 7596 27773 15923 29274 22874 17477 29965 36465 17140 21640 28056 1045 11616 26695 21567 8096 8145 17429 19151 2897 28940 31647 33729 4078 22549 3108 27113 293 27743 13124 37339 13295 15381 36346 37943 6436 38211 33096 5295 33948 520 37904 374 24364 30701 22982 21139 27372 715 19005 8417 16626 21664 8543 33919 3407 2565 13316 6150 18743 36940 17058 5355 16045 13392 17813 32781 2490 16831 28116 14631 27913 6612 27264 24715 11747 1938 23898 3386 19466 19613 8430 16745 10402 32153 35081 35181 14674 16250 4918 6232 8587 25564 27166 23490 35309 30244 30226 24807 17744 20567 14728 11934 1558 13626 376 36494 35436 5500 15433 7849 4451 19609 32053 26916 18915 37058 18538 21462 26738 7012 9959 20002 34319 8349 34326 2245 33234 36367 25522 33304 29028 3813 39334 33298 1339 15742 9358 26900 24775 15430 36182 9250 6067 16602 38155 21688 27638 24506 32326 30717 24502 3704 38891 16173 39264 2290 28394 37089 13580 10669 6593 27662 22685 25803 18306 12346 37011 21939 30575 23354 10833 21417 31583 11682 23132 4019 2395 20923 5678 9938 24677 32510 38864 18855 11939 18692 7683 38288 27931 19396 36315 10994 32303 26816 30609 14872 23142 13541 38244 39598 20399 36246 17239 18 21580 33013 24803 11610 1599 21936 22411 39419 4267 8631 16034 37395 19410 34518 23325 22963 7296 23646 4807 28633 1179 5292 2574 24485 19691 32979 4262 22898 23671 26838 15902 16325 22679 19523 36719 13206 18453 16778 24405 10477 38738 21861 23261 29681 31529 14381 309 28112 12331 24727 22348 14093 21502 30565 18470 8838 11948 25301 22477 13971 5088 3283 1300 11396 36624 33760 2374 22752 25502 12992 10455 16358 7923 29889 21171 25442 4467 18485 7415 33965 20153 20672 5495 14694 36796 2975 2092 30111 6292 21327 19993 2835 19338 8567 30470 10732 11846 22620 6784 26134 18346 28951 26708 18791 17935 28900 8515 20888 7557 6893 2190 37169 31105 34049 26442 19378 27971 16150 26658 33221 936 30752 15676 4094 28386 2866 34921 35301 9014 14342 13895 39733 20082 33845 9167 18414 7537 15797 14723 17520 2454 20433 1658 889 5185 8211 11724 24193 26199 22760 18913 19123 8411 32598 8796 22534 17600 35812 28309 6811 16673 18373 2599 7466 28554 32316 21558 14197 39455 34984 34548 15963 34962 15222 4793 22637 18763 159 38030 39219 11107 28964 14586 1690 35517 5395 1248 1204 26328 4336 38263 10443 27120 5311 12978 34541 2915 13189 3098 37968 8440 1261 15035 4673 11539 7288 11630 32163 2231 38130 22371 1530 3598 986 6806 5426 32002 18778 20596 12051 8639 35017 29339 28989 14865 9402 7513 11467 28233 19526 34377 11976 37082 20236 8273 20653 33125 20323 8294 8050 9244 19856 15638 2310 12333 19129 6866 5055 5032 15951 13977 21883 5829 27319 7446 1090 28204 3209 23250 2734 31309 4291 11620 16958 2976 38004 35583 29623 28307 23335 38526 20905 18939 27778 12568 17198 24463 25288 5047 23937 23651 22164 9454 2167 5320 21905 32970 22892 21705 13629 7520 23344 9437 18553 27320 17858 21250 19830 32042 4978 5496 18821 30104 31656 29464 37196 4473 22474 4778 35895 14648 39520 33003 19694 5566 34272 15850 15631 3660 38956 32424 37320 25389 13782 16848 39654 18153 39772 22329 21125 13369 30623 13555 35481 16348 28810 23885 12297 29853 7168 11406 9881 38999
122 783
8340 18464 33814 28696 12582 16900 24953 15427 38662 29346 15604 19115 3708 27934 20498 14578 19552 31121 20880 20893 20746 3064 34917 37686 38056 12707 1862 8542 37683 37390 15752 18938 7237 12567 24841 15317 19771 10254 6718 23154 25524 5150 39003 5498 9729 22162 4605 39242 2396 37456 8355 19858 30650 16016 4082 740 26214 23372 26016 11077 25015 11276 3993 35648 37044 12167 21910 24876 21451 19404 31868 34597 21023 11260 33752 7868 25480 17478 28573 28195 23765 37445 2783 9001 34853 15303 38256 8818 36585 34132 6110 16791 6400 30166 33175 31921 9683 1527 10530 37611 308 33754 11869 18783 10601 37518 3037 27626 25120 15383 31528 4125 23540 28357 17430 5353 7105 15247 33991 26671 24527 28993 14942 6336 31032 37125 3570 3485 3023 25867 30276 29673 26301 16098 14570 2514 37902 7120 16046 7427 13784 18731 11125 27475 11953 5186 17918 6270 32072 32172 8809 5794 31124 35529 39246 22388 32071 36619 23351 8553 32079 17548 10057 5331 11355 14199 5856 11311 39209 32188 31145 2700 18023 12654 30501 35904 5054 11853 20173 6722 8627 33135 1521 19640 39195 30977 25819 25998 25293 32057 15856 26557 1008 29359 734 36676 13535 23234 12415 14533 5951 9957 23270 17507 38839 25387 26004 29991 18605 18438 12363 14030 33230 37042 13947 1935 30532 6747 30981 21383 5251 39292 16242 2134 36056 32392 312 6932 32738 37515 299 32914 11527 6121 19118 833 8750 21302 9883 20471 26182 12996 2900 19034 5446 4389 14550 14365 37480 2489 28315 2822 27137 28694 13237 26266 16269 17106 19940 23841 28395 29414 1812 31291 19041 9139 16820 18885 36578 24852 25445 18370 7750 18779 25255 16050 7395 36113 32712 22047 28691 32806 38935 29120 22127 34651 30737 18955 31799 36228 16278 585 37040 32958 17462 30831 27725 20091 13050 17 4170 15744 29463 10622 27479 19107 35286 28470 39811 17643 35005 9018 27805 729 32348 17393 24413 32305 17458 17962 9243 28497 10449 31490 10520 37908 32943 18448 4486 21095 4741 38584 4413 11466 3571 21427 14543 37784 39760 35844 38212 31041 37350 30257 20053 860 26397 37952 30912 38876 26946 39527 16110 4248 33726 23777 351 9965 16169 20011 32103 13429 12937 14331 7675 27203 18178 15740 13395 18278 4904 8138 473 25113 20753 6827 9756 2665 24561 1864 18989 25542 17716 30596 38225 2825 8344 11941 81 38426 7947 30946 36347 38714 38659 19019 28063 18419 31941 17137 23106 13343 10904 35987 10444 8092 10635 10639 24402 30903 30607 35492 31652 25160 39223 2448 11588 18076 35942 22689 20485 22749 27439 23179 22210 29238 18101 12320 20601 34835 14967 35082 7019 36942 20174 12832 33039 12481 33031 10016 7256 1396 35936 6479 1428 21776 2431 13031 6850 24058 38981 35176 5727 24131 2392 39479 6166 33063 10075 891 6952 32191 2542 445 1383 13422 34063 2273 23429 6814 24627 18653 12172 460 27707 22916 9204 18591 30943 19304 24447 7603 23645 28051 15999 32764 35806 10334 7065 6478 11681 14459 38655 21488 29347 17261 36649 30695 36890 8998 2762 11852 1466 16889 5504 3968 1471 3717 27524 21496 5635 31149 3505 30888 33431 39762 33548 6094 13951 23635 30514 37242 20371 25948 7545 33671 25272 33654 32672 30403 15660 36312 30156 2011 25786 27478 21336 7228 1328 33796 20568 32557 38838 5244 16266 12737 4425 4923 22288 19059 352 16567 39707 24266 34394 17060 23853 2882 27285 26844 485 1453 18525 36885 4916 25570 13695 6192 29641 11975 10105 30579 6235 11206 17473 14519 13659 38332 29273 38002 1995 16982 28699 12527 216 848 19398 16096 18399 22298 38169 36349 21584 22997 4862 22018 9355 2316 8559 5125 9937 13704 596 2924 38274 26197 8018 38125 32074 34521 27513 25785 29999 20042 26210 17120 9770 4254 27915 7397 28436 35159 28464 27169 21596 30493 30182 19692 592 29801 37682 29170 36442 19141 38098 39210 22666 38243 15875 8692 6746 6679 34235 7662 24621 19215 24171 4942 3995 9443 8686 18674 39788 39657 10462 39796 20588 27568 29803 4725 7384 3140 5568 20347 24585 32980 6483 1552 17495 24847 9293 22943 2509 38604 36717 12566 1329 10657 15457 13242 33178 4471 10107 5429 15366 12686 24147 18651 15316 32503 12747 8942 1364 36179 33438 32628 26402 6622 7441 33143 373 38417 3218 19210 26203 19896 27762 12817 18338 26254 24130 13843 5230 4612 11760 31000 15378 39430 4568 37710 29397 25755 5183 10715 6486 37553 3424 5878 13236 16274 1582 20862 28032 19437 5550 8932 25193 38925 25372 35976 14563 27142 2453 22304 27414 26577 24231 36121 6409 1352 800 21099 21663 9036 34457 38651 11368 29562 6787 20034 30175 24114 11143 4646 7932 9806 31072 22405 24387 33282 22184 39190 27953 938 3484 31056 204 35950 14844 23672 26779 32476 12261
1000 764
13459 21466 38915 21651 17404 11617 7502 7648 20842 35443 25923 18271 4748 276 36001 24070 22531 32292 1631 3799 22205 35532 9451 34489 5313 7060 17846 1903 15633 4591 5867 6141 16762 11987 37954 23176 22081 11592 38230 27749 17717 35866 4283 33032 32313 38765 6707 9130 3316 1564 31110 34768 10682 29893 11307 798 6616 29997 9517 25739 21066 29427 33512 13833 23336 4685 36360 1568 13105 17950 30892 15216 11688 18417 14008 32185 32848 18019 7358 34734 21553 15382 24578 20157 3210 25482 36216 25405 39539 12652 18678 18462 2416 31940 24955 24115 29265 11521 5860 39361 7215 13703 753 10840 7410 736 1665 20112 16326 25386 11576 10257 3100 38705 6857 36439 14608 13515 38752 10777 9871 32700 37623 33364 398 19190 17268 32711 6239 2580 18494 34044 14025 37805 1507 12119 6907 18025 6092 17830 17122 16742 9816 39681 36675 15979 21784 28715 2861 3116 14554 16332 36991 3225 5493 27723 11795 3284 35647 13716 20936 1789 18198 16965 36319 37818 9169 16922 8766 14217 34680 30643 28141 11408 13012 17538 18005 34626 29383 28269 4474 23961 35592 2872 13321 22828 37472 20036 10359 7591 15186 14993 19251 19893 14609 5659 22465 38809 36334 34964 21032 22871 13202 37126 18091 37051 31299 15333 21797 26854 39032 15208 38144 9245 30042 4644 22967 7459 18449 13645 16210 15935 30231 9617 35326 10914 8279 21007 25170 18520 33556 7444 24346 960 29320 9506 17785 23137 4800 25380 28267 33028 31456 39446 30820 28935 32512 4622 11506 23662 31968 34547 16642 10140 29218 31358 19647 8482 20377 7993 9817 26741 13300 21131 10347 37143 15365 24511 18360 35803 10549 10970 31107 38571 17368 39694 34426 27402 23512 17852 32321 26444 483 21796 5922 23547 34696 39155 26674 17315 19047 7529 20009 669 17221 30985 34617 19355 6919 28462 37729 32607 15801 16893 4661 36586 7356 17502 30322 11843 29572 30905 24884 15577 26507 39314 21636 10038 35346 3369 34308 24208 24885 990 16432 30234 1519 1621 12714 3020 35462 27714 15139 31534 31447 6876 26901 633 13073 31965 23707 8929 18927 37983 10675 26931 24675 33384 24706 2541 21248 37855 34206 3923 31177 35782 5899 32978 35228 31911 1330 35931 18299 13271 26995 18795 39727 19358 15238 38012 29213 15028 15360 11813 31619 5015 7001 31413 37065 23387 3125 12634 6205 1572 20107 27263 17828 33813 9732 38377 23131 30341 32064 15591 33090 27564 2126 31371 24495 25237 395 12251 5636 35063 281 35393 11155 1772 19959 8272 30311 34453 4296 14549 5111 34971 13845 24960 15331 10059 32409 203 24091 39137 10442 2136 26807 21266 27999 20189 26635 1006 17834 10150 14482 27219 33462 4760 8459 10499 25458 24989 33572 22772 22731 1206 36429 35891 4518 14192 28960 1272 24552 1634 26654 11216 1123 2726 13554 32241 3830 7052 12494 9775 35207 21238 10419 39377 9681 7907 16289 1036 34465 8789 2202 37987 34754 6831 23983 3466 31099 32125 5101 10217 28753 18147 5283 16973 32531 11640 37482 885 15347 8196 19522 23847 34038 27965 22064 7062 22875 21835 973 4226 19069 13894 1421 14853 35725 12766 274 2875 4669 25447 920 29665 20635 13859 34643 2328 33739 13858 19406 39523 4891 4243 15983 24116 32861 35076 14134 13488 17800 35763 23687 11121 16036 35214 31350 34269 24600 13311 28820 7726 927 9356 13729 19952 24607 25088 21111 3932 581 14341 7247 38346 7784 32686 4609 34888 1366 14987 30083 34191 5154 6761 32123 24367 37544 29134 29478 15460 20094 31341 32999 32430 18646 20686 26862 4497 3341 29226 28046 37913 24586 4421 39406 25064 24908 11789 13706 32640 16565 7519 33800 20700 13761 29648 21638 28701 19813 27784 2540 16632 15993 16055 38433 18331 16485 17854 13610 7150 39408 10802 17783 8322 2928 37779 2718 2536 21367 37223 17024 39075 18861 5065 24569 38458 13463 24669 18561 15274 17468 8782 35656 252 37368 7239 5273 38335 25858 33645 20275 3797 20320 38732 1138 17376 9218 35291 32014 24517 21529 12141 36971 7531 21668 19541 14722 15176 36076 19648 38768 32520 8551 16870 19277 34953 13690 11651 14289 6339 4626 27015 12077 13544 15508 7709 19806 30512 17977 6095 21482 24262 9179 22377 16190 15036 28109 779 9341 7411 12940 1280 36098 38272 23897 8499 34228 3011 35473 33476 21016 39004 27411 5374 31070 12001 19100 2538 4859 31410 25430 22619 28742 13546 4138 17956 16897 14127 21026 17907 24288 33362 32491 26255 16729 19594 12236 27051 20777 18617 16329 30292 13366 23719 30105 26909 18920 32304 23230 7936 10023 11770 13023 30283 5344 19804 34014 877 25851 30562 30958 25793 39175 17848 16206 37128 6821 6045 9131 19361 15749 2071
686 747
30718 29748 16366 18410 383 34509 12698 24797 16394 11360 37569 21732 18248 8380 13159 38641 33540 15956 28835 39059 19758 13283 9927 11947 35478 28547 16176 14402 24409 7719 34944 17351 17064 37947 6946 10401 17760 12793 12148 539 18601 36506 2494 5327 14810 18634 16932 38773 15158 8637 231 5711 28422 7682 18987 20495 10232 26678 10748 23396 540 35429 11509 29781 8849 37266 32426 37589 19049 1402 21148 32447 10719 23917 19211 5565 6034 18498 18771 8056 29988 25352 403 11665 2712 36204 4264 30576 9230 10102 8597 34564 21818 32041 15273 18857 18540 28711 24337 793 22107 11659 15879 8590 36573 16752 36500 13261 16025 10616 37828 27976 35877 18811 34057 38782 10041 11263 9568 2110 20407 39373 15515 39409 7198 11982 16030 5182 5919 39052 307 24744 977 37157 36608 39812 22528 23953 3879 25463 29290 20517 14534 6428 14021 10185 38408 26582 38657 28004 24336 37319 31441 15647 16270 4261 30871 10584 27831 33797 8715 5477 23289 21928 8439 13643 6148 33799 3585 34715 31690 9693 21374 5916 19038 35472 13349 18827 38715 25123 15897 30424 36105 438 1152 31404 39346 8426 20625 35964 27946 24714 38892 27425 3620 30088 29823 38578 22368 14529 12507 6732 31545 9375 192 6916 7624 28532 39205 37174 22262 22511 15439 10760 26305 21530 28717 22476 14369 11252 4557 15717 23166 23168 36837 38107 11309 3393 1445 36107 19892 7431 37394 2995 30739 12685 15606 37241 9077 667 26926 31138 17013 32991 14632 30227 29349 10247 7272 24690 15558 16222 7039 17208 38622 8168 17644 33260 33821 37600 32033 37505 37941 5668 791 6473 5066 9728 15153 37502 38701 4237 12260 26053 11227 1673 4350 22155 29432 33882 30137 13737 17020 38514 37473 7333 16257 13655 23036 36065 4187 23668 12303 7966 20564 22680 29634 30569 14822 26033 34911 17186 21133 23457 37434 13249 20132 10432 3120 478 13834 12611 26501 29357 29474 4737 32264 33467 38756 24046 31631 16400 19193 4791 28999 21455 37680 8658 22508 2752 3855 34271 31524 18880 28360 35845 5454 3520 32669 10631 8758 28316 36162 19345 9696 32285 24028 19755 32671 18895 23891 2322 23031 28635 9499 29658 2997 23593 10378 23348 15520 22959 30572 9186 17573 17021 22399 34830 1128 15397 15794 12270 19464 15003 33030 4394 23303 23929 3577 16323 10746 27702 29434 23982 31377 31005 38963 28970 24338 25179 1028 33947 7005 6947 1737 28361 23527 15599 2388 18686 36303 36899 9091 16916 37703 36381 38018 36359 25099 24163 23099 10189 21180 11575 34239 20523 19383 32827 11129 36902 1155 7516 30302 27951 20761 38252 29560 6445 10691 17220 25440 18323 14811 12506 23329 23032 37998 30443 8068 27852 807 5664 11045 33530 26131 23786 5915 6025 37342 3130 3383 1888 4314 3430 12606 8215 27380 31986 14463 32466 3695 4193 26367 11950 19473 22746 27297 17056 10112 35218 33713 16668 14701 20463 19004 1240 31076 31884 29322 22068 26809 26590 34931 8248 1997 17768 5627 11835 26975 6446 25521 6738 20960 18372 4939 20038 24974 37222 17330 22825 29901 1256 31998 29743 37979 15944 26981 24530 12110 24588 8860 10240 24519 2592 18539 10693 27055 951 16587 22710 16152 29502 24867 34273 33236 36933 7551 24315 16434 37235 14411 1559 21149 11589 16350 22098 33422 24539 35188 22294 8133 38665 35136 29892 1024 2108 21027 18883 35337 28305 19871 7797 37935 11984 13252 19722 25336 31515 15115 23629 14473 8324 13334 38643 11804 12456 31754 624 14168 27315 35470 25246 32258 14896 3769 21560 10062 27928 38392 38432 35144 13867 16574 31486 21463 28510 5188 21330 23414 20313 7783 14026 26997 17757 20878 20336 15000 2517 25897 36592 29857 36528 13666 29928 24537 20907 16764 32716 39589 6628 2265 2052 36039 12170 38337 37804 33486 10778 25658 15661 37185 20608 27657 35717 22805 22220 30780 32020 32104 16090 10003 10250 10666 27679 11741 4675 3964 28365 20899 13187 4418 28882 25850 19817 2860 1948 33469 16283 4698 25527 14510 20773 38499 20181 16659 17881 4720 29236 28538 4559 13173 27298 11250 37522 36418 39613 5526 25191 11249 10894 31544 30636 25268 37201 15938 39489 21809 5455 15771 33265 22672 19950 27802 4998 4307 37429 35824 3027 11040 23428 27485 21409 22379 17207 11814 29740 21501 577 12294 17765 16865 11241 13352 12901 10376 29294 37739 27191 35651 17105 8398 31166 1929 372 14710 14315 28298 1839 27333 29529 8653 20731 641 25112 30929 4876 11705 26235 36478 9652 24374 34594 33017 27793 30458 23567 30268 24218 17028 16838 3725 27430 11161 33185 26814 37027 20539
601 735
30832 9258 4233 19299 35830 36417 17392 24198 9975 6719 25979 19415 19163 22331 26410 836 154 6633 37873 7253 4167 35114 4727 37226 4640 9983 3196 22944 35748 8258 7409 28065 11012 5609 19675 20074 34144 15726 27094 13992 34540 11338 4590 28778 23637 9161 27922 36020 28255 19652 861 16344 5323 9338 30201 27603 3072 38573 3167 29771 9342 7155 29454 28689 38099 6845 27541 22725 25234 20919 29244 33874 38960 20630 157 31791 13768 19511 26876 12697 9918 27664 13069 13519 24700 30093 14095 7732 18789 22676 14504 3311 24832 11582 24647 6667 32460 15445 31978 6465 11156 10880 1971 15678 19169 39768 6215 4896 21642 39152 29080 21531 37164 15692 9946 14943 878 23209 3888 23506 39056 8574 36988 16500 24869 31634 11220 11876 39139 2676 18087 24623 1176 33222 16067 13884 26973 19548 16077 25469 39277 23474 38928 24643 12035 10850 10229 19432 26810 10010 37909 21453 30474 39524 16804 7701 16966 26139 22165 21966 32952 19875 559 5419 217 88 9059 16447 9922 22785 2755 24546 39701 38254 7307 32556 20762 34173 27791 17071 15256 34988 20845 35661 37346 27712 23478 29424 35975 3137 2880 27992 11619 9257 7583 8161 17580 21146 5590 35696 32783 8008 33820 5220 29073 17697 33120 31705 3129 13441 28512 28229 13985 29834 30818 2042 26865 14417 38826 24487 9760 20769 33978 28690 6278 29239 3222 1286 34266 21882 19494 8704 11289 10489 35307 36287 17577 22104 18444 25334 38264 30646 26772 30604 34478 7086 22813 5168 8458 5667 21113 25792 15834 12842 38398 16750 11812 24320 20557 12054 32854 34195 20900 30605 15750 22823 34646 5375 35546 29348 26881 31853 27183 11951 12217 25818 7278 35944 7670 26891 28211 33893 21310 13214 6057 21810 15194 22283 2840 11079 24017 30472 24883 19430 10705 8449 22525 23273 5987 28265 21877 13230 33011 24488 17152 31805 24653 11062 15757 22203 20765 34199 20503 30697 5778 38145 14005 21200 22214 34801 38444 4390 4018 20718 13805 28557 5631 8200 3363 18770 33433 14092 36606 26311 22102 6828 20881 28168 31653 27080 38644 25441 29119 23374 6144 14892 7281 24754 34550 23604 22129 15454 32591 34025 36982 36893 4846 35116 9455 17290 24777 22468 27960 179 36876 37135 18893 34686 35315 23542 37291 18182 33700 13933 22194 28126 26260 18332 32298 13336 18496 24951 5284 255 34291 4895 21736 32624 29288 15335 4975 35581 38921 27635 30347 11698 20970 11635 33774 39001 27875 16083 29260 39168 15618 11071 7016 25220 39043 18189 30077 28035 11864 13571 35548 26644 6129 27334 3203 28441 22249 12353 10368 6663 13388 5798 11277 14898 29759 5249 28739 14763 15207 18261 28628 12661 28507 25989 29882 20095 756 11247 25665 27569 21507 32571 27396 31897 35464 19447 20527 27343 18493 13821 1713 37005 38975 6855 12662 11935 19745 24212 28320 13449 37244 24422 35097 38972 37709 8389 6920 35145 16102 24381 33173 10706 37018 10952 17759 21631 24796 33034 25816 1165 10525 23369 38804 13694 24891 29015 8767 22231 1496 27674 1663 18165 28345 11017 24648 9449 37754 3814 24258 28884 17634 38759 38556 23571 31269 15981 22442 18720 34220 23663 7011 14923 36066 15539 35530 35087 34945 33118 32845 13165 8703 23563 11531 115 29387 27646 29436 29168 21899 7014 20902 34936 36599 36353 39660 1731 5042 6334 12140 4836 10039 21832 32487 31867 12096 32457 31771 2449 35888 32523 30536 25907 8297 34447 30984 36222 10989 7226 12340 37622 9383 19254 9350 36664 27041 39714 23215 14627 30036 32541 22276 31171 15421 31369 260 15146 28746 15697 6592 7500 26625 31781 26252 2287 4701 623 19501 17390 6824 66 34226 6917 23685 39382 14637 20789 16157 31780 39800 12454 4931 37166 9836 22426 10452 16186 19581 3287 3850 35381 6176 36877 19390 34946 38219 20590 2960 11626 37995 9224 6308 6219 10889 4089 26867 5307 1774 14138 28754 39631 24934 26448 13309 1857 24581 6290 13565 4032 20822 20758 14515 19764 17209 4528 13115 32801 32957 22094 28104 35194 24668 31963 18184 36580 17677 23781 25316 23434 35064 1197 20251 18812 29739 38880 8876 18896 12609 37259 36238 30390 10002 39719 19949 38267 30656 26712 7955 31848 37253 4027 38511 7862 13419 14481 21550 32441 19882 13649 2912 16894 8390 16008 20715 11680 19126 30468 26937 29072 32365 5073 9216 3573 23164 16505 23108 1566 15477 23729 2777 16589 194 11883 12029 15942 5484 2977 15719 22140 26857 36563 7931 34593 27167 23328 4743 37378 3840 28524 23787 27686 35449
115 730
1855 2932 14988 2499 24718 16255 28186 3979 17900 5329 34842 19687 6664 6649 21816 22458 6120 21931 29980 28766 13945 39441 25481 31250 36114 17112 17691 7 37948 36144 22804 24076 19470 26713 2994 18181 35881 33207 19031 38691 31699 4704 34352 34538 16969 33876 20807 13854 11949 30760 10852 31492 15431 1780 30151 25202 28707 27606 5999 161 4281 19711 21071 2078 13778 23423 22502 20547 10465 17321 9425 3844 2378 30031 35575 22899 15263 18572 25023 4886 21714 31158 35427 25309 28852 1989 16563 8565 23294 38580 1048 8886 30195 16608 25092 26112 24224 22169 25903 1220 9325 32655 22281 23858 37777 33642 33960 29337 31644 27020 30288 21088 12985 34425 12074 28459 9408 9849 11818 26300 24997 26858 19427 23295 7730 35633 22317 34358 14546 9371 22067 22191 3689 3820 37385 37220 9231 12491 9962 1058 37530 31811 33783 11243 2937 20671 35858 33896 17927 7258 7590 24601 13113 13618 10033 1124 35674 14503 34712 14357 27615 12899 37645 14032 3445 2027 10726 30272 27202 13918 5386 12542 16320 13238 17615 33432 2111 12012 35761 12367 2282 27589 4653 12464 38074 16324 39239 4231 29767 21518 12185 9264 17708 5333 26476 15039 14267 25227 34102 18075 26430 3405 18427 3184 8957 8858 36937 24892 17457 37778 36397 5709 31053 22110 32135 16187 34298 4728 8800 14166 15976 30294 30781 6648 39747 38192 33348 31893 33463 933 37554 15883 5156 13923 9809 24042 21106 6089 27526 39444 13748 3431 12797 14051 37924 35598 4073 37977 38215 13517 34596 18098 30803 7871 30326 29106 29445 22978 38331 15781 17685 37431 34162 24720 5854 24424 14478 34682 16981 2209 25111 29796 5601 560 38262 3226 35698 15964 37990 31856 24085 16466 5691 36986 27141 28563 29153 1939 32625 5654 31082 18776 25138 20479 8873 14208 34150 28688 17449 16239 14671 10479 39569 34758 30046 8467 36014 7775 10608 13839 20795 16937 13669 12135 22615 24248 17291 9143 21985 19039 721 39252 5104 32152 7461 11392 29833 32984 32179 30363 28458 38009 30556 905 6880 14721 22431 25012 28206 32337 4776 3731 1675 23345 8146 7321 27825 22253 11761 1414 15874 35368 32630 25284 5604 25339 33840 9893 38882 12463 6598 22083 14776 7295 18001 29250 28457 23139 9598 7318 8717 34384 10651 20946 597 6686 28463 14816 92 34411 14762 2523 34577 4338 17974 25230 7170 4501 19736 1978 11186 17034 14641 25595 36728 15614 24684 31622 32226 10138 25363 35704 13770 8915 37359 5706 21156 16541 5810 9570 32514 24339 17518 11590 29189 13911 18787 37381 38965 10939 21343 34137 35993 31778 32167 14348 12388 16022 28526 23045 19518 27848 13244 23511 27863 34507 8833 30096 8827 18228 20508 19234 17748 20602 35596 22501 39618 7920 21588 26077 20089 4829 935 21683 31425 33203 26113 27502 6959 39550 25980 15103 25608 33594 6650 29178 22893 32969 30170 3009 18048 34718 17588 21042 9692 3883 39711 29986 730 24301 38492 2414 4625 15583 20722 1109 36919 25613 36930 9015 34300 9123 15356 17185 424 6560 17332 15354 30807 11861 31955 10067 37071 13119 24094 21085 16330 5440 27090 3217 29989 10743 15623 38521 37899 30329 19870 28121 14693 34023 26104 6553 25318 2299 24821 36790 27529 17277 29508 28371 39389 25078 37546 29535 19120 2442 37867 30141 23948 22113 34418 25461 13677 18100 37972 38079 2060 23838 7320 29379 31307 8922 7599 35232 21216 11764 35775 7641 8181 3875 5774 23133 30566 1042 27547 13685 1237 14908 8672 3175 25625 14924 35358 5713 17107 29264 34111 27580 6170 16445 27300 30155 35887 9214 15262 29083 13273 34672 10822 20710 28075 18471 20169 1508 23449 3286 9146 28177 35935 26429 17128 39431 2285 538 18530 35347 18030 33490 3919 38794 4990 39783 19780 166 11902 580 21296 9581 31251 8804 20950 10084 578 12180 19639 2740 9275 27472 3032 1806 19441 4706 22808 27204 34370 7068 6504 31275 8889 37776 15506 24107 11261 30507 1464 24021 17546 19217 28677 28676 10459 37331 5831 26689 30582 22367 3198 36594 32698 11462 21634 14995 25890 39273 38901 12524 13475 3486 10337 33689 28311 25970 36081 35848 27522 21568 4263 8063 14065 10226 26518 37533 30117 25036 14838 28158 20255 31332 3279 16700 12692 221 12829 25550 10945 13267 4738 39104 3300 39602 26570 22084 8148 14617 8992 16980 21325 1975 28165 16279 3058 9631 29734 1041 28162 31327 780 36125 39595 1685 13795 26818 24048 8514 2832 36155 22908 25643 14839 5216
617 716
21605 10912 13157 3755 39115 2233 17922 13407 26789 2087 8180 26634 15124 25189 5956 20041 36904 34739 31329 12831 20182 5157 37402 8584 32816 5117 25115 31788 17756 17567 11374 23130 26813 4438 21964 26492 9411 37099 5347 0 5025 3647 33560 16836 12710 18026 13153 16054 20597 3838 17413 22784 15266 2160 15410 19243 4870 23655 37334 21500 20750 22704 37453 10158 38321 16743 29701 29675 21934 27448 21404 3724 110 38725 6193 25258 2634 39712 9765 20277 34679 9998 5046 15013 12871 20799 24401 27356 31574 11445 10920 17214 35834 35250 8718 11485 32386 20443 12286 34197 14626 5449 32178 15573 26642 4974 35744 30427 28797 34200 31854 39303 14969 28902 15651 3415 18655 31506 39151 13617 8679 26183 16335 36415 22074 29070 29475 2381 2895 18232 1265 2441 35417 38907 9463 30193 16383 21418 20101 3910 10341 13288 10915 27907 3697 37160 11867 11963 22217 13722 18512 24524 22691 19051 17385 26093 30264 27423 7330 11427 11865 8689 28996 4708 36686 6157 16941 11596 20639 13500 7698 4608 20659 9694 37497 14616 33657 10073 21062 36411 37148 32664 12015 22768 35914 146 14729 37458 31646 35016 8227 36900 20537 34031 25602 36687 9541 10992 1430 5509 35303 4732 8977 6386 19607 15807 9915 6991 4894 39729 30690 17693 29304 3560 3618 17803 9389 34746 28687 15183 3018 27368 18219 2399 507 24632 23029 38020 11323 18014 26760 7342 26525 33295 28419 11908 23568 4461 35836 11394 36354 22335 3173 36953 2618 28675 32385 33372 23212 14689 23748 39825 22578 22645 32088 4820 6039 15058 36535 23708 15569 17244 17650 36945 24225 1537 26280 39679 20329 30733 4709 19450 32761 34592 16497 5542 32076 29277 24695 31957 39014 28041 11942 21850 9584 20450 20573 10144 21385 37147 1921 23772 37931 20743 19247 11946 27007 21138 37106 6258 13912 32353 33368 35011 3085 31222 16095 7125 23461 12755 21014 1672 24079 25770 17090 25906 29193 10153 29160 25108 12318 34611 26785 36365 19570 29647 6921 22891 23433 36000 19622 3462 34882 10591 33695 16573 12276 30074 15965 11454 13151 25490 28243 7118 28111 10725 36974 28406 33684 28599 9376 36597 5820 28461 13208 32662 22886 4076 24834 20622 17824 30353 5497 22986 1361 37217 7843 18290 1524 3096 14819 4740 37889 32730 18273 39327 10953 2348 33190 7143 21537 30333 33711 33023 1669 9782 13227 38416 5282 9452 6915 30683 30754 15164 5864 35289 26793 39183 8061 6449 7799 30533 12570 31709 32450 10547 10331 20615 33248 32796 3254 35212 19935 25047 15350 13994 26020 8443 35614 6194 23151 17904 1967 19130 2397 15288 28263 32734 34761 12550 28791 27668 13000 15565 4611 25381 33219 24514 6566 21091 26509 1662 35141 20435 39483 35044 4428 27675 3008 28455 10361 28064 27820 14630 4620 31334 39640 36036 22717 32825 3785 28786 14188 2239 5203 34543 7985 6145 25976 38061 18288 21411 18758 11334 14198 32960 38922 7067 27324 26843 2095 11958 26081 19350 14367 12406 21134 7302 36550 30785 5600 22071 17119 37520 23584 26008 27794 28916 25054 20167 37055 13559 31111 4515 15056 5411 12615 22002 3555 8547 21249 39452 22922 10574 10056 26433 10228 34353 19197 3549 14882 11102 33033 35459 17796 14338 33844 30885 17929 9538 26352 3920 8812 21867 18871 24426 3818 21684 26718 29029 39160 2093 34248 18259 7661 21766 17790 9305 5260 33958 20986 23665 4813 16732 36571 7417 36118 19633 18121 29749 8785 34141 7866 25377 13232 23850 7538 33506 14912 7505 36850 33097 1656 20415 32306 14920 16691 19489 25168 26096 3551 23184 29243 34238 31570 30917 26051 32247 29252 15170 13394 30691 16057 34864 26638 8153 10032 11803 34986 10055 962 15302 15358 19071 2109 3418 21912 39174 16154 35298 34072 13175 26499 21128 14877 12976 13397 24002 32562 4115 11993 1993 14884 6018 29344 39374 3076 6635 20980 8307 8431 20860 27244 15413 1475 30809 20459 39387 26428 27146 28319 17053 33835 28995 16521 826 11259 13018 13143 22408 39603 35332 20185 16618 23353 32388 31333 1767 20218 39673 26046 11151 3224 20403 15284 21166 688 15789 18846 26740 14761 16135 38675 11687 31188 23984 38654 25018 8351 4343 8465 18334 26308 36438 20711 2176 19837 3132 8933 14683 3572 1060 13990 30618 18132 20472 5205 36762 38878 29452 26244 38917 20155 8345 36172 22372 4012 8115 29577 32758 20933 39674 22668 11439 7812 12078
369 678
20535 25007 6708 35890 39720 9844 8263 31220 13483 22310 5140 33766 30420 26078 14426 29677 19108 18629 2595 1936 21188 214 38137 27621 15621 2081 21081 33194 37356 15048 7048 31783 33124 29564 234 18102 10098 25462 17652 27406 8994 733 36692 30941 21946 14649 23889 17799 7119 22988 4965 35461 405 13747 9839 25257 14800 32670 17357 39470 25832 33027 13513 12364 33066 30125 6680 4746 7756 39157 29894 16388 29215 25826 22593 34109 26176 29662 26449 28262 19220 32663 35268 3083 14537 6310 23083 25105 28456 37802 11065 39135 13053 7492 11749 8334 14611 22833 34262 16227 27362 254 37195 25541 25654 6603 16223 19669 15911 15984 21969 37616 2163 14135 29826 12047 13556 4119 32046 6041 996 24384 24155 39229 36309 738 6399 12239 5672 28012 11381 21545 23612 4572 863 38596 33694 7362 38740 18418 1148 5960 3449 6030 36817 21554 13171 84 22520 20942 30975 12740 3364 5764 18235 2429 20462 25703 11981 27040 24973 7357 22582 7565 26457 35201 36590 1809 12018 16446 33857 1671 39426 5345 12317 34123 20404 14565 24532 21434 33392 15009 21607 28579 451 9632 6394 811 22713 26709 36037 8473 1025 16877 24160 20401 9896 12746 30 23896 12866 36685 35699 22799 3896 1312 19712 33359 2426 29828 29723 10108 15151 30352 5245 25971 6509 1817 23057 16004 17199 12385 28218 30411 5879 32317 9090 36886 36948 2851 32432 9052 1308 9192 30459 24763 36683 8578 26753 26040 39238 2597 13752 2000 5384 39087 17138 18670 17746 17136 36572 11500 36751 24528 8506 23398 17196 12765 840 19426 15891 37379 3052 15406 29930 3771 3373 35397 15723 24467 39268 31460 38520 6071 26327 11218 11303 7550 14112 10768 11298 24446 5189 8260 29519 19242 20279 13772 4141 573 26416 17435 24516 36752 38476 3900 36504 24101 27363 17829 17418 23256 18744 25460 12282 7200 29062 27238 28545 20416 5586 23812 13548 25240 4224 7486 23350 3849 35756 3422 14654 33496 32577 10737 24859 10815 27689 20614 24416 27939 38010 21469 8219 11790 20171 10956 4686 10142 39201 34980 5847 32774 39650 11234 19989 24838 27459 19879 728 13008 33990 6737 6584 24889 37248 11108 13103 20646 14972 16404 11627 35245 37399 10329 12515 1174 4455 11149 31010 9446 35970 6646 13829 32949 16420 17036 26912 19800 1293 12293 13055 16082 29756 33199 31747 11185 25776 5623 10364 5443 34600 27367 32639 31543 17298 15129 7964 30810 8566 32174 35409 37854 9464 13753 21738 13136 20205 31103 9549 33075 25508 28382 24654 39116 9769 26042 4689 31664 6744 3891 8797 32486 8753 7132 33778 8308 32661 1370 31734 22033 35765 38558 26972 21982 37449 32278 33925 21979 33213 1707 14321 25567 6848 37227 12950 34184 1067 19853 16261 20775 24972 28845 3285 6541 20560 21058 10967 22718 4445 2830 31673 9046 7643 18321 10176 6913 19003 18131 26275 36957 27630 21167 33511 8156 35300 31532 2043 27799 27617 23971 16605 5423 24113 5022 10280 28488 28986 8442 784 29049 803 36984 30792 16857 1941 2690 22719 15324 34401 39134 24839 17999 26228 6882 32008 34690 17073 20908 32271 2319 36693 20519 20035 39279 29370 23551 5532 3780 26587 34544 32602 2173 19428 33605 18780 29936 34926 26044 29330 24683 16216 19368 17327 24638 7664 13798 25814 11253 17257 5569 4531 11248 8369 8374 7518 39705 9511 16280 12088 11799 11399 26289 39537 33688 17124 37602 16143 20014 36951 32149 14628 37271 7630 25413 20228 37478 684 18242 7830 18593 12299 34286 27918 27188 24510 29053 36069 31226 38808 15825 21061 21117 19344 13313 17570 31316 28312 27954 38290 26050 23726 26800 39062 6652 36849 14739 25373 1761 38980 26568 27814 6198 6361 4372 35080 18551 6377 33545 25733 5196 3458 22316 21350 3825 19604 21116 4230 3109 21787 26028 6208 17204 15576 555 24170 10312 15916 16614 23302 7238 21803 10628 35178 19310 28827 15195 8634 27172 9136 32940 13847 36627 9380 22921 32050 35741 22603 35829 21765 9165 15992 39611 32868 29655 28826 32478 39808 7371 33246 12557 39703 15940 7332 29321 2907 18328 14323 35392 21801 16167 4415 37707 27110 33631 24766 38495 32418 24717
1006 688
37483 18751 8238 16902 25683 2314 30289 30736 5544 23431 16118 10311 8039 10501 20532 38008 29616 32962 7924 29967 20533 19070 29792 19309 35576 1301 19054 15472 21181 29619 25059 30948 13231 31687 6859 7124 21391 14806 22538 14343 1807 11402 39821 16221 9485 11442 5579 35229 36482 33085 21421 10534 16625 16111 2185 37660 18760 3307 12412 36818 33103 19307 21972 2376 33997 10973 27200 26127 6656 33829 3003 3204 5768 14936 27026 28645 17804 16448 20774 16959 33148 20012 12781 30301 12784 22352 14887 11015 21540 23622 18215 2508 25428 6470 14557 16639 4102 36328 3835 13042 34755 31615 1413 23852 25280 21506 10910 27407 24556 9058 5800 30525 37500 7542 9457 12717 33650 33932 18139 30228 5715 37439 24792 16395 8496 14991 15813 9636 17396 11150 12639 13371 6715 32331 18864 35541 37927 9706 6335 21211 24019 28122 33755 22683 4994 26969 15782 14618 470 34813 4446 23576 22597 25384 26048 25744 300 17853 32083 30186 11866 10924 13470 32836 6084 33974 16842 3562 38341 7289 2674 2284 34257 17050 33984 33565 19042 19644 24138 15773 32015 14444 17998 33243 38767 750 15881 10118 38638 1722 34152 20709 17320 36487 29476 9388 35969 21047 38372 37476 9503 10564 13878 12019 26133 13440 8581 34231 2853 31093 23606 24509 37566 20855 18389 20098 16719 12581 27388 225 22453 2944 33859 17566 444 10984 26878 1654 5235 33369 26584 13169 21823 8655 13167 35978 20341 31887 23004 23661 27792 29047 19479 7825 28087 27842 11692 30800 19676 27086 6785 21587 19934 9487 16437 21853 31735 33292 9429 5170 8649 34930 22182 17699 10273 28846 21980 2283 16555 16502 3837 1636 4551 34523 25121 2139 1169 23628 35747 12010 27995 10968 4122 5553 21730 25033 39027 21046 18822 20222 38135 34270 19331 29908 1846 19933 7470 35269 35382 15690 3781 34398 38153 20618 27039 5926 2384 36784 27462 24846 17558 33358 1881 30873 6329 6112 16687 2223 20932 1305 30854 39560 17184 28588 5816 35042 34189 13007 26735 11483 9300 19148 32935 11044 14045 26742 32363 37093 21963 12285 35818 20071 1811 29860 38871 240 2782 3654 24363 29770 3000 18924 6006 1447 34938 30786 11746 11968 37376 29085 19643 17389 6230 30434 14747 18287 26073 31391 4967 29108 37053 11717 39463 37959 1270 3718 31511 12588 34208 6182 16391 34840 21845 37940 30263 30142 25192 1343 37412 6710 23739 38112 34793 576 33383 38195 36199 20344 9655 2112 36702 30038 18836 30135 33524 24195 7300 33353 31688 18727 38441 34470 38204 3127 14231 10051 33499 38299 9908 35342 32372 27033 29569 27763 13184 1894 17521 25691 19185 6942 19272 13812 30828 28613 36272 14282 23517 38593 2084 11614 23681 19964 392 14425 10714 39029 8995 4168 15130 4553 31126 11728 32428 36804 133 17246 24418 12745 10590 12602 19913 11823 16092 28014 27973 16544 23005 14325 28279 22819 8282 14450 13883 14460 22601 30840 36419 1837 34967 9956 21667 4769 32382 33710 18387 14163 17792 24901 31400 7028 23305 16256 28878 18057 38587 19359 35383 3228 32357 1836 21926 8808 11638 775 12704 13270 14344 18559 6352 12485 21965 31143 35564 18665 18936 29805 36260 37498 33484 11740 28672 4377 38634 31116 1549 23113 21779 38304 19073 35636 37362 27874 5692 10803 27728 3772 2981 25417 3453 22556 10242 762 3851 2218 14293 6653 29525 39667 38729 2855 14300 26933 31947 8497 7615 11101 20852 18300 24947 18284 12036 1769 37894 18395 17132 20312 18568 35984 37130 21342 34933 17416 4443 6810 30631 20522 350 12156 90 37436 13351 20995 642 39313 10230 6294 35555 12660 23391 6200 3788 39822 6993 37615 4386 34566 3793 15941 20864 19136 22174 22082 33115 26310 33264 11612 6369 13372 30589 35519 32936 5368 12684 20268 4069 7376 25507 27726 35211 36215 38292 30855 35106 17612 14262 17201 18813 29289 3126 13857 38296 17236 39587 2635 17508 4199 7122 7625 25996 18750 27121 24233 19172 24265 11183 35559 8341 30128 34224 20050 29444 19608 14123 35191 37601 22999 5061 1327 1548 6527 10829 7689 14737 25494 31067 5242 1389 35662 11343 38102 10262 35966 12600 26643 22794 17972 25277 31865 19977 34062 14122 32650 4516 25852 1446 29254 16 4189
545 659
15292 6549 18728 21812 33240 25629 26561 4691 31315 19262 32889 1714 22000 25689 3853 9239 24388 1218 4835 30843 13900 29696 21378 21562 14485 37047 33232 12808 17134 35947 14206 32824 30471 3634 20771 23851 29741 36286 3931 34584 35422 22323 29584 34134 6909 25164 8726 14508 22787 17673 24362 29531 16819 34330 32142 25260 27716 30469 30657 17339 13134 27795 8486 32922 33690 1953 11599 12828 22151 3318 18183 28159 9718 20586 38566 22048 22005 37067 39069 34436 18966 20016 32464 12851 16707 29735 3545 14813 25233 19374 6578 17007 9576 35192 11228 38173 27197 5524 22592 7322 25585 10826 20102 26576 23857 36529 7810 629 670 17233 30520 37526 37383 575 39744 9415 38127 241 9087 8154 4382 3231 37033 31882 18784 9480 10000 2854 38203 33399 35503 5941 2334 7638 30439 9337 36996 33132 24986 21996 20887 29360 11287 17483 22610 9744 14246 37675 37846 19492 391 37821 36582 27302 8311 21930 13203 28948 24636 3655 12086 929 30378 19638 3187 27413 5726 8909 21610 28773 2247 18492 3861 32263 24310 1642 345 3839 25551 38841 13557 23388 440 13567 26684 14172 6257 23925 1126 38961 37318 10747 38519 306 8709 5266 38854 135 32437 33212 26613 27016 6897 37009 34139 19342 32093 9814 17445 31114 4534 6538 4162 4761 5760 9008 26835 35241 14178 15592 35599 31043 18514 28071 21821 282 1999 4433 38062 6340 7469 28105 24473 32248 19525 20848 33526 13739 30714 34438 12200 37879 27208 26193 13029 18381 10356 13521 26290 21340 30815 12890 14084 26356 21628 9118 21443 21314 36863 19600 34402 6873 19785 27163 5348 30129 34772 27576 14255 35941 14243 31510 29259 33182 10710 7772 13098 1154 13697 31562 38382 23007 5673 23061 6496 38910 11723 34774 34218 39666 872 16590 31723 29180 69 33389 15948 17001 1268 31773 390 23845 10909 20667 25674 12972 34002 8232 15023 36201 12630 25042 21888 16979 6262 24433 3565 37304 16407 12118 28831 1870 4734 31859 12991 18732 30051 4426 19235 37560 31037 28448 32352 3644 903 28811 20449 9500 33575 10267 13462 15118 14400 37842 13852 6695 28161 3675 19653 35972 20105 27374 2497 30660 38036 15544 7927 6506 6792 26715 34071 24880 31414 3859 13464 14584 30740 5163 24582 9281 20040 32907 17342 39448 6305 37287 36266 8899 39331 19540 17807 21673 29975 18839 2940 39237 26125 36426 20202 16585 30654 29985 30099 19319 4013 16191 21369 6666 10954 654 15007 35797 31755 27865 39680 37190 14863 37598 16194 12927 17723 39732 26011 38246 31493 20266 18964 19154 1044 34387 13771 30645 30134 32626 25889 1135 5474 19314 26918 36096 922 32529 7601 6717 16596 35479 37976 24503 18337 19847 22935 32792 27844 17721 23338 29419 19097 22143 12957 37015 27194 1254 24672 33116 12743 298 31119 29943 29925 13528 30460 30708 19963 3959 17623 28425 13620 3804 7337 3984 20386 18826 38214 5132 17581 8150 28697 31412 35490 2816 34018 26282 20451 10926 16896 17146 36711 23013 36860 35921 2805 2420 30108 2942 11824 8069 30859 4729 1273 2967 32599 659 32462 8089 32550 2658 1381 12417 12677 11132 27155 26138 2736 23815 13363 5029 25473 34975 19180 37965 7619 38015 26264 6016 23652 17096 10171 1517 2801 27299 35605 36192 20520 15823 20235 4970 8149 15114 8381 14265 34258 10428 30140 37874 27518 12008 35915 25863 16170 1101 10517 2187 8460 31991 25881 24249 20663 5071 27610 17069 36175 35234 36832 35001 4826 36840 38289 8452 2320 29777 38376 4956 17343 38052 13587 35718 6195 3832 32800 35786 28561 14513 23620 2621 35732 39127 35412 16634 20502 7614 22853 32309 35905 27876 2826 23639 7345 28920 4619 28749 38577 36326 23658 11168 19046 35460 34443 7562 17891 32559 22185 20723 30269 19486 207 1049 16869 39670 25125 613 31990 20798 35876 20000 6161 35014 8485 10480 33184 22227 3048 18659 25311 12258 2066 18199 9855 34821 18623 34857 27353 15020 30485 39536 5437 35317 22246 8937 31913 1423 25736 10396 12762 17166 873 34795 21731 8143 11160
284 666
13939 36553 9441 1598 20943 28949 11047 23601 25244 12196 3597 39466 5874 17987 23430 5112 25872 10879 18191 1746 25152 8046 38672 31206 30577 23070 992 32574 20476 6647 25008 17145 1162 1185 23052 21808 238 36433 16701 33162 7246 37414 19717 10902 9682 30755 25171 4202 27461 8435 4589 4299 36636 18359 6149 2152 32614 30909 33670 19260 37301 39105 9837 31661 16532 27290 3913 39345 21456 20583 26047 8425 20921 17422 12000 8554 39026 19481 24052 461 18705 2568 32455 22946 4317 15889 23125 35219 34915 16290 25510 11985 18275 34292 19750 25597 31858 17403 30482 31487 13607 3337 34554 5272 11475 8930 12479 35768 32673 13443 37771 4556 15062 37306 17143 35038 13266 36407 31775 25779 22626 11964 34616 31120 7692 11734 24930 2617 17603 23126 15574 11922 32920 381 33966 10854 2080 3936 33536 28372 25911 24865 24929 6637 13327 8582 31485 17464 11559 28329 36467 21136 36335 35693 32818 30143 7166 9105 5803 9666 10215 29373 12480 2417 38345 30864 9321 5475 21719 20045 38310 4922 34318 20356 34196 15264 4817 17528 4756 1946 21067 28788 35411 6015 2833 21491 38094 9208 28407 3692 14587 36412 30285 10740 14316 9991 38976 9567 2908 21052 34365 34482 1895 27178 8697 6625 30794 22374 5954 6742 33773 16962 36375 28947 12559 5267 12487 21401 37237 22973 20954 8033 31256 12059 25866 14383 36847 2370 15950 21267 7608 21785 24719 3478 2946 19504 8493 8075 32873 18583 28435 14159 23383 4008 31863 37592 9735 29235 36743 13612 34531 33457 13087 39471 10933 3961 27329 12792 28558 17679 34583 31989 33665 36462 13606 9479 8113 8913 36085 21177 21217 28709 20253 38770 14225 16471 25027 14590 16864 38913 11997 17625 27797 7634 37820 10702 3335 29879 26123 10357 38228 38790 24977 9906 7902 17870 349 24471 35601 23447 11391 11873 30003 14965 4282 24906 32953 1358 1573 4374 9494 19724 18830 36782 26001 11432 13016 34223 3354 18292 15155 30789 33193 7104 27955 2513 6671 5629 9921 9256 11810 16356 12805 33455 11613 16859 25383 7992 7312 8177 36659 8640 1116 36013 10199 2636 22353 21005 7269 39583 27044 14230 23477 15089 8803 37252 31195 6204 20265 39044 31472 34614 28583 28872 22446 99 27119 21395 4309 39366 8606 4063 37171 12179 4915 27230 14286 17980 1260 10532 7801 660 34515 36906 34060 36132 8475 27170 17811 25730 15059 30926 25657 11060 1454 8371 24535 5942 30712 31540 34293 24407 34644 11561 5574 6177 19273 19956 12752 36725 17740 32387 22167 38068 32891 21474 14815 16208 12666 33604 37299 38163 15492 7442 32603 35846 13596 2818 23562 18193 23583 25999 26227 29209 9495 17513 10186 25175 37793 6209 21944 39801 7788 25623 38116 18921 3408 28022 9080 26535 22175 36521 20826 26523 11072 32237 31055 27187 21484 12037 10853 38817 3956 38845 341 20372 25159 9606 37547 33447 30585 13684 4692 26135 22302 1693 17541 31937 11112 36645 23823 5976 32772 27864 35779 26880 25787 38479 27304 1384 12999 16658 22259 33878 2559 21425 7499 19562 12513 32256 31190 10831 12016 2784 15809 11563 18994 39418 28094 3343 13004 5036 6160 16713 10173 570 2710 4860 8224 24097 36362 20720 32516 18556 17780 13491 7739 24665 15945 27783 21229 9826 218 24917 34535 35388 29773 2862 30402 38828 37537 12100 38906 37535 26407 3741 25616 28544 35488 37026 1426 19665 39283 39311 21566 32564 23455 10838 39439 10888 25153 16196 19191 30749 18074 19908 38016 16580 10018 35773 27871 19904 7408 35377 4259 15974 1906 765 31365 28241 3743 17704 16510 17684 23831 16351 18790 26871 26463 1388 1115 26086 23603 29934 12058 7971 36800 5191 11405 36596 10374 22695 26811 21494 32615 19563 34380 24272 11945 30521 14733 22297 10892 650 15872 14451 15563 11530 14335 23686 4000 1170 27327 6614 1588 7280 15980 34618 29909 11173 20931 36183 13543 30849 19668 36356 12296 37575 9891 9271 18803 25921 6362 20135 30816 24982 5161 24835 36556 27476 2527 35244 2657 22575 27484 39233 10804 19621 500 34841 23219 28209 6940 38150 31335 2790
22 656
14355 6519 15811 12655 32109 33767 34045 25418 15908 29096 34067 14569 29313 25994 6615 13264 33883 37759 15468 33329 31281 36241 7149 8489 25001 18487 26980 8504 38718 19593 3249 5332 33725 38750 22269 15877 33849 5567 33019 1340 11203 21084 18854 24538 2351 30621 24284 21613 23980 16424 29161 25094 26633 12948 8010 27910 5218 32994 36554 9638 39196 16924 12233 13773 38317 20262 19105 33976 9423 25901 37856 7699 20987 2562 1068 24878 29251 29069 29804 35395 34655 31073 39777 9403 11313 33870 37989 31828 31094 3179 34952 17978 3819 9401 14350 31722 29622 6571 2347 27897 22643 16796 14495 17608 27997 16352 33419 34230 26251 38964 24964 13865 8454 2362 25745 20708 3826 15933 12688 5305 21603 2554 13953 7447 27293 2097 34276 21844 35248 3455 37024 3714 36509 28268 31218 9660 17123 35550 10082 28026 15166 33249 35579 25432 38324 9310 6654 2637 1531 15479 32518 4410 23605 3417 30790 14914 21659 3333 22177 27426 939 29263 39399 31018 2051 26681 24540 14077 725 18820 13525 907 31807 11331 18958 17256 21573 2461 22581 32539 19015 33078 5819 14633 38249 32113 32032 36739 10303 32425 28125 20223 26998 7002 15869 20276 1021 29835 10918 38494 15297 27927 27856 9434 5891 13145 29923 17595 7560 11375 9629 20632 8744 36210 29488 37095 26085 5925 16881 38067 23886 38478 33276 5119 34065 17571 17664 24368 39322 13756 8576 31236 23418 32102 7422 23610 6285 33479 21044 26836 29515 18630 26704 24921 39795 3059 8464 35551 33161 14744 37366 34745 20412 37688 35618 37583 18459 9516 4093 10336 35659 11523 15198 29163 23670 12930 25515 25582 7074 1571 38468 21749 13290 30528 36872 947 10205 21672 8946 1512 11850 7242 27243 697 9924 11324 7688 17842 10040 38019 37760 26552 31674 31726 2241 16382 30728 14414 5805 26007 21937 27056 6797 25028 29504 29599 23740 7335 36342 30144 2903 32260 19241 15613 30959 5780 32694 1674 11148 541 23063 7791 17323 31676 8617 4961 28178 28597 8073 13963 7633 10222 11024 12919 2720 12495 10028 6403 9364 23403 5735 26608 18071 32451 27923 16409 18595 13301 36484 28270 30908 23077 17099 37132 24117 34928 3240 2936 6096 35066 26243 16739 17100 2342 11782 14245 25504 30745 7990 6944 28084 18201 27073 14288 33749 3002 39040 2156 39122 6082 23535 15041 5848 22544 20151 12699 34502 12905 15713 38504 39636 12573 35169 7217 8078 34149 15857 21339 9108 5458 34122 34406 21666 4524 3831 35230 36235 29078 20414 16612 32996 463 35999 7236 29425 34703 28396 35174 14832 29137 34803 29297 11532 13811 39676 11917 7996 10610 1556 6263 32492 30853 19509 39112 20246 14447 22305 6846 28197 1027 5014 5018 3587 36761 25775 4861 7958 37922 9852 23589 25772 5545 23309 14074 18265 34866 4098 31772 25927 11385 7085 12626 18537 36457 17556 3811 30024 25232 21413 17423 701 1194 18088 38471 38325 7853 26223 2181 25154 31567 20418 10773 1986 286 38603 20776 1002 34855 36992 33746 24791 14571 33129 39686 38926 36493 35673 6533 27147 10367 36430 14929 20473 23376 32198 29990 28494 27624 14471 17171 15737 36057 2099 1869 25426 34519 8534 716 19131 24830 39259 31092 24671 13370 26696 11691 1682 23094 16129 34902 1733 616 26348 4566 29181 31721 33971 33418 2609 24645 7218 382 20993 26378 39578 17658 11349 6961 10037 37563 9737 37849 14091 14057 39085 6300 36190 32693 10405 30680 11727 7273 38993 37380 28029 23802 18949 27803 17657 9395 24872 23574 13039 22777 8364 7888 14984 12834 36194 38783 19044 29968 4215 27107 24646 867 20114 469 25936 33522 22296 27974 8462 34762 23352 34741 10899 11579 16661 17534 31112 30218 2583 23724 6969 39541 10409 39691 23448 36720 1684 22176 12377 21940 32150 32552 37848 26013 36862 22960 37887 37037 1618 14680 37357 11712 8070 36408 31784 2447 11856 25800 24810 20957 23450 1719 7088 12150 9044 18696 35084 4601 31841 33520 6835 6930 39646 22974 30983 27747 35231 32195 21764 14238 720 8457
1163 630
32187 13364 22599 16133 15088 8305 38007 5833 36557 10293 39093 7509 12620 38613 17346 31386 18224 28861 11966 28851 15735 6815 8185 14700 17500 33091 26314 1614 31433 23476 5155 10083 10673 6027 22013 22077 9270 26108 14427 22585 28830 9111 4951 14301 33317 5582 18824 39123 24045 16232 20489 22130 33891 1916 23101 156 12147 1033 4161 4840 10545 21773 21592 2091 18138 16097 10553 22010 23899 16546 29079 26296 9912 21289 4598 5543 31324 7206 10991 34879 14309 17519 4118 33489 39699 35333 10906 522 39381 32811 24993 25340 25210 13205 8406 33333 9035 10735 2746 15392 14469 4159 12408 9587 10095 32997 35103 10828 31800 4360 23701 5396 6252 9200 14709 38650 36129 24189 31916 18968 28630 3491 15966 32770 14248 6311 19461 6849 15905 4696 32314 4682 21887 28485 15500 11535 25319 33880 36611 13338 22802 16536 10437 37335 38268 3734 11545 28864 38454 30368 21132 34369 39781 39606 14253 10484 27358 32099 12553 11762 26977 15110 3556 17676 31310 7915 8019 2885 2985 9985 26515 22955 30091 20389 36534 11170 17647 36440 32706 35967 39736 39214 19787 21048 35331 28748 16020 13627 22933 12929 39321 7668 14394 39590 23789 37670 7017 22359 24180 4816 7394 23244 71 28157 20786 9475 6713 14154 13531 20689 36062 29466 23283 14415 19436 36135 21571 16315 28516 30487 2019 30331 6099 14120 21674 25393 30028 2922 37117 36631 20197 27672 38462 30275 15268 2124 12144 5379 9162 25098 14044 11765 21994 39039 17109 25100 112 27643 55 36651 32687 7021 30406 14983 32335 17732 20475 10947 32204 16728 29030 32570 645 15339 33150 13284 1923 23977 7934 33311 155 16371 22741 34995 28230 24694 21660 33593 28623 2046 24971 31713 18522 5985 13355 16066 28755 21218 11742 36051 27650 29022 6456 10585 101 6954 32807 28985 4046 30675 9071 31101 2257 5227 35740 32608 31525 14034 6875 29112 30681 29689 44 4210 834 12104 37888 17809 7490 28847 21022 1140 18345 10330 25114 34789 32435 25333 35356 14006 4150 1834 16748 7372 15906 36025 37780 36533 4065 27594 38213 25089 35224 29871 8076 32452 8163 8745 18868 27288 23001 37558 26365 5618 17248 11492 2898 34222 38006 20406 20444 1629 10328 38031 3967 16006 31381 19478 12023 3735 18724 20321 23973 2146 15461 19889 39530 6982 247 449 3388 24662 6256 5585 1608 34176 2232 7805 37020 14308 30355 32021 8421 23399 30808 19860 4405 37897 25556 9102 9684 15246 34143 278 37247 13281 7450 1156 25183 28860 18887 7129 15205 35753 21831 18234 21103 17009 18980 10116 19970 4688 6868 29393 25347 23195 11174 18635 11863 32301 24692 6401 38978 24739 8016 14602 20273 17428 39774 213 5744 7957 7049 21748 35515 10264 13315 3487 28001 10391 2838 9043 28756 706 37193 32250 2017 36485 27751 8137 26279 3869 17890 38057 17267 38677 28388 33791 31239 1859 16212 14585 23935 27132 15531 17989 1768 15672 8829 14581 24326 35842 19111 9901 5167 17051 12314 21315 22273 26632 2571 1072 20280 27540 17874 31155 17251 17672 27517 6727 8300 21693 10727 39368 33828 22934 28606 32931 28353 16327 26808 19077 25841 23471 13 11146 13613 16516 34694 2535 34440 25662 34826 21511 18341 19902 23820 31040 18906 9361 22735 20144 35282 38334 11452 7768 3546 16711 38533 11537 18480 17686 35147 30449 605 15031 27274 22905 1981 37163 19341 22394 4567 7693 6585 30345 8479 37738 8412 10621 36382 24824 32442 10872 7755 17705 32795 19685 27410 14889 38073 33077 15833 38995 7004 2421 17559 21270 28649 23720 4172 22925 22721 34800 29969 15997 37806 2951 7083 34571 8564 7905 9450 7313 14778 16439 26189 7724 15837 34528 6631 18276 35494 3941 6056 7778 12488 23291 34628 31605 34386 19589 28423 21010 7597 9753 20242 31503 39245 20441 5078 10294 37704 38806 25672 21563 36300 29094 20955 32709
691 630
12336 7605 38694 14200 26194 10261 13993 14639 16537 18615 18009 20188 29895 20358 31695 37994 20587 13934 3539 3193 1926 2079 7169 9559 3477 8610 36944 766 24162 22226 27000 4711 2620 3684 37507 31724 30047 6076 19783 18633 5004 342 35604 39726 6922 34590 14254 39668 36655 12071 32213 11274 19779 8650 22750 31987 18442 9182 38194 17180 16950 23965 26979 13090 21543 29155 3917 31714 24736 7961 13614 2072 38452 20046 37659 23317 21904 27977 6388 20346 30086 22709 13219 6341 29617 22545 6004 33313 12918 25093 35475 12897 26309 19357 23751 15622 19449 21548 18697 1103 13149 6795 22035 13540 25762 7898 1112 21984 24181 31397 1263 7925 27776 638 11020 12989 6951 32078 34209 393 13711 39763 10271 16564 28589 14276 33214 1567 23733 32933 37920 16660 18648 24054 19681 11650 13849 2953 9649 38625 18317 35265 32813 8 32898 6908 12750 15353 19156 37901 13200 35869 16240 19920 19741 33458 25919 38351 13211 29846 10685 12369 19645 12813 15441 964 28052 32362 16106 15228 20093 30894 30161 30826 14180 32412 37107 8123 33308 30581 28173 14466 34263 117 12049 30351 36357 2275 5855 26434 39411 5499 16623 29431 8656 13186 31007 2631 1499 17523 38535 17955 14707 3392 28469 30321 6355 32229 39081 1896 13920 12184 13707 15551 12944 10371 10210 1680 8289 8035 8034 15915 6054 24926 7382 26099 32747 4773 11884 10859 22489 32992 25332 29981 26098 27467 32274 28296 17522 30918 11458 4051 30667 30248 27386 21184 36936 10382 21960 10974 15102 10548 25467 29284 4996 6485 8074 38731 36570 35994 28762 2557 15662 6337 5597 17205 20442 33817 16365 8585 24886 10373 14375 25287 21202 13102 26536 35364 18875 29791 1849 1314 9029 4912 35156 34663 36338 9945 22464 25035 13863 15579 23464 18476 5021 13808 20465 27133 11444 33776 13774 21742 31186 35641 9070 24236 2298 25873 4251 10061 35378 9124 1492 2228 32482 10654 38639 35237 21780 20951 1962 12348 4960 26924 13085 35403 39307 26936 2628 37694 14690 4724 35925 4165 29311 16072 13081 32155 30467 14956 25020 3082 18930 15748 1410 8377 13457 18797 11854 12328 18003 17884 15067 1267 3436 16994 34887 36518 5679 33225 35932 13661 20657 6714 26211 2100 20085 5287 37151 27811 33491 85 31141 31189 14864 9596 30058 23213 1004 1380 30719 36380 13005 27796 9471 38653 11707 20756 21717 8029 30989 13938 20437 36709 7480 3978 23536 6712 28866 33141 25443 23884 4071 11256 3872 3640 38795 37269 4949 17636 9804 8498 19025 33936 34154 6885 4491 10318 38562 28862 3395 38011 29751 21279 7347 22285 21015 27159 2821 17714 9324 28258 33861 16905 37457 14947 35898 2214 6798 19393 39499 36710 27666 452 23981 27991 8737 34652 11888 25081 30163 31966 27978 140 29672 11290 24294 23833 21900 29638 3682 24435 37238 32236 7894 17787 30210 32951 31917 19155 18677 22146 11667 25975 37618 25471 30445 13322 15300 437 30454 593 36296 9422 32290 9789 29220 2747 26544 36243 33291 10447 3758 9233 30921 28873 181 21017 3727 18698 33200 26720 30797 9202 16171 746 24564 14623 31912 36859 36965 16649 27483 33224 17838 12572 7445 16298 34093 22115 1645 16798 8023 39515 28039 22315 18422 3536 28789 15630 32133 6384 6113 9168 33838 26265 20793 7144 8799 5690 3189 34916 39521 4422 3151 31513 13074 12928 33271 33651 20945 25496 38895 34158 9764 35098 21519 5844 10047 21347 18775 8850 9579 24842 17718 23058 34167 25205 7271 12638 21043 4409 33557 27777 19666 6009 3999 4149 2664 22321 970 7483 26486 3715 874 7279 15179 6550 32249 23453 4453 15587 12968 4512 16974 21049 39481 18246 16781 22926 8081 8666 6545 15231 14250 27480 37597 7192 33653 31339 15109 29430 12841 15218 28465 18247 10938 35471 28453 15763 35634 17990 22660 32718 39230 2045 33284 23419 3924 22505
223 603
26508 31982 10963 35652 32554 22475 30878 18136 26403 20290 23986 11470 17472 9265 7820 3621 1626 22769 12232 37944 28257 33721 19808 3754 37460 6269 12612 23127 9000 1160 4431 29530 2820 34115 24496 27045 23793 26595 11639 18701 28790 25353 14944 2594 8825 24918 802 34087 23105 16635 3314 10876 8845 14667 25827 9120 37170 26390 35734 13520 21331 31563 31123 8291 6412 13299 27966 1905 8259 18627 10353 18858 10658 8049 38260 32699 11001 12703 16808 24553 27050 5563 33916 13999 14714 9095 24566 2313 23169 4997 29468 9964 35730 16780 8535 15423 1961 10603 38931 6524 24434 18295 30023 33938 21782 28546 8098 8319 10011 4476 22238 22373 5233 27826 17606 33197 21190 1102 34289 11172 6772 20375 1276 1773 10965 38730 13553 13437 38950 21658 13116 31338 11048 11221 21176 18712 7229 38721 30242 9865 8348 29138 34786 12563 35327 39290 6896 1866 4789 29261 39608 19035 18730 2215 19872 34820 18667 7607 22800 35737 17133 12857 1043 36031 31922 13719 3641 12803 38239 30136 16923 1483 23964 30375 33202 2767 25104 30481 9951 5431 1757 33812 1247 19686 37543 2689 12536 33890 16301 36564 36374 6088 17856 34949 19116 9856 5130 1315 36158 28389 28536 21063 26792 30522 20411 22712 32461 25382 38524 29702 6364 22814 10821 5064 7407 26934 22121 6005 20065 34780 6864 14712 35048 11042 22852 18934 37212 4550 2742 27862 12811 5081 34028 23427 4946 8790 30693 15790 23761 39717 38635 6255 12427 15503 35500 3159 6997 6838 3500 6467 11347 31050 21461 35886 12163 12040 18527 25821 37410 26840 32180 15073 27515 4011 18600 23269 7163 15368 1037 27860 34737 36436 17618 751 37815 36130 34129 8708 2023 5754 21597 7027 8027 1278 18967 28605 17632 28560 26631 22861 23906 27224 12659 11504 30551 32704 33052 30767 1436 16293 38953 29765 24864 24559 32768 23613 34824 23827 24625 510 38281 38178 26174 28431 13562 21555 5757 25763 32477 37327 30620 26734 25117 6327 38343 34539 39493 35351 12009 22885 19529 9113 17692 4570 15066 16954 29066 23268 24501 18099 35497 17752 37732 23246 18282 28117 7388 3863 36290 38570 38271 21086 34346 33832 32029 23667 37843 15986 9290 14001 1444 7631 10478 35800 35511 39570 25338 12204 31498 16181 34612 39301 35563 6103 25358 38923 30698 20304 30688 23014 18012 33837 27310 27122 8204 34829 164 9296 15367 32381 27189 7465 7440 19836 23069 14625 19353 26666 6254 23954 7354 3142 10491 29993 10485 32496 16858 8749 13577 29691 14047 27092 29055 22533 34929 5651 18216 39312 10207 36750 28007 20461 36923 21995 11830 9308 10065 39156 33641 5626 24927 31182 12870 18541 25128 7718 14446 35160 11008 21549 687 20055 2896 35035 33949 29102 24099 19901 703 10757 31156 36912 22051 29287 29931 15443 8966 35924 14769 33245 25859 2680 33436 35407 30270 18186 31241 24933 16730 28794 8935 3608 27920 35557 22571 31193 14251 29060 31879 5863 22618 10172 13398 7314 36787 27559 5880 34497 1257 1991 2259 6360 27348 10898 2873 19999 36870 12124 19803 823 29844 32782 20216 23048 19006 10497 175 24800 16851 1452 39626 13630 18164 22235 35310 25487 18592 881 18518 21820 18269 2632 14042 10579 32380 29403 9864 994 18681 6062 2623 29772 27332 20117 4824 38359 14011 13930 38792 37541 37210 15355 7029 38396 22404 1089 36716 38866 19759 37523 4831 10344 23148 27460 28120 23146 1336 27495 31830 28572 20302 34192 7574 33434 11605 25715 28875 17399 5862 36368 11301 12395 4095 1794 30674 36851 12032 37254 24890 37613 32742 14750 12926 21483 8306 11472 23945 36009 3319 32499 28578 38873 5198 17333 2721 22025 30316 17575 19738 20080 26770 30777 36913
459 601
607 1565 8191 6206 25519 36545 10935 31536 33080 25855 28113 33941 27807 9644 9467 10034 16475 2648 501 30799 6894 21006 5773 34383 19990 31300 12693 3996 875 27845 3296 5151 9273 3425 731 20352 35273 12705 9039 28968 30239 28901 4052 33998 7559 28432 12304 24975 23874 26883 30419 26122 8645 29972 22343 6581 28894 8867 36010 36045 10652 16899 36321 34759 38315 15125 5321 28190 10814 19719 20397 23951 29865 2458 36539 20661 34570 38897 6151 27236 15221 32855 3581 35911 37375 34775 25031 19009 24201 27165 8053 35792 33145 10882 38301 31254 30464 13728 2798 3106 28078 37057 38349 2965 39269 17954 9335 7577 11158 33167 4765 2041 34760 35019 32679 15708 582 6458 9800 13188 21004 33962 1252 15844 18851 15802 11549 29034 27037 18194 6306 30392 7717 9878 3481 10377 28568 5682 32884 31756 37798 39063 5969 13850 16815 5278 25435 32840 10249 7901 31466 13653 2437 26837 30065 23532 29667 8402 18125 27601 25973 9750 35514 31537 10875 2870 25796 11382 24784 21734 19349 26247 28899 6510 2906 11075 36117 26372 3783 37816 8673 35585 34934 9101 31260 23177 29100 4340 7706 10209 17048 12254 23834 37587 5039 12913 31180 6854 38818 12873 32928 2470 35600 37052 32126 32964 10178 6472 30689 32474 20788 34446 38323 22318 9221 26034 35350 14097 531 31707 36938 12840 21933 12768 19340 24531 5024 18301 12103 31357 26061 30308 87 26157 3944 21 11822 32601 17408 2829 11028 37930 25166 22684 10007 12564 38875 20929 6491 6090 6502 9741 434 33553 18867 13498 7075 38720 4265 29442 7452 21520 22006 35015 7305 18333 317 324 17008 5576 35556 13975 20988 13170 21521 24270 7549 12896 39725 39165 20090 32329 34557 6943 28817 33403 26955 29456 19384 39775 14313 27143 33189 369 13353 6363 20261 250 6275 12290 38537 39226 16705 3039 18814 24849 19064 35493 30524 27698 25041 3548 19298 25049 12082 17629 27567 33002 27052 4787 13129 34585 5341 33165 7244 2101 33104 26602 20017 918 26357 37726 26664 12470 3600 3567 18267 12932 9061 9552 29921 36576 27237 19997 4594 1532 28731 38914 32613 11928 31629 25892 2456 3672 6072 37403 21114 18251 28011 11103 28308 11378 29917 11364 34485 23928 4247 39756 22836 20324 26641 21164 22438 20666 24312 19132 30313 24822 33918 4526 32396 9827 35134 5317 11032 8541 5428 9821 7339 15223 19029 23592 32171 8265 9460 25141 21629 33625 35531 24596 22303 11280 32505 36901 36875 24954 39106 3325 27560 33380 17728 32355 32835 22314 37781 28445 14099 966 31836 34317 38546 6159 21045 7331 32107 19623 32121 32411 32553 34207 25693 21151 37302 2577 3628 34119 6660 10932 12411 8203 18919 37875 4989 22170 31983 37700 6886 16942 19916 12735 30727 9262 33532 28328 35505 20959 2503 3858 11258 16295 3622 10835 31795 28615 7377 19925 12544 119 16721 16876 13425 37557 14272 19900 36064 16089 21433 24789 6245 8857 10191 16271 7306 15092 17965 11337 15783 29246 29234 13450 30968 9734 26399 11568 39651 36091 12042 37292 21916 22148 3192 318 36566 17412 31108 23647 8419 5106 39742 37599 15444 36513 14807 7297 27648 23792 13689 18355 30973 33597 15636 38185 36181 16747 26257 4277 20217 32611 19312 15501 28702 16672 27341 15968 208 32110 35442 24328 33152 34348 27369 8292 4726 10883 18190 8756 33278 13058 16149 35501 5381 35 15842 28282 29998 10476 11351 17994 9669 38166 14720 3488 2473 37470 9283 2217 28367 27557 21268 15462 9287 23226 26344 29342 30839 34328 16506 21840 11474 21998 22705 29216 14438 1918 34976 33060 28629 17355 12084 26423 26739 39244 12202 21059 35420 5551 28306 31852 36979 38919 6790
863 587
37214 7009 19056 4014 10214 23559 38022 12521 16159 32769 31192 199 38035 24733 17242 14339 14831 2551 21752 39249 33738 11097 31546 36102 31748 32658 36541 5310 22976 39010 17450 19536 23978 33793 20373 32132 9384 34575 11544 6003 20419 35175 30925 27993 35754 15034 38515 20668 321 38463 22553 17045 24893 32573 2980 2129 8142 7319 39689 22211 23439 11930 15234 9677 27538 38872 32431 8693 31730 28252 37981 21410 3156 1250 22119 19250 37684 31667 16763 1744 17635 22747 20421 21280 35260 34456 21903 19448 9509 36797 11407 30050 36848 19153 39216 18932 16910 31769 4355 12291 24067 5469 15260 36080 25299 28601 37479 4507 34310 37183 25188 17552 32656 36618 33093 3372 6059 31509 8385 35452 37353 31611 22202 8288 30034 29175 21328 37110 24490 37831 31596 27506 36584 8583 35645 8893 31294 18781 17871 38295 32926 27587 17586 5742 34136 19419 11095 128 9037 16032 3025 29433 22240 28213 26229 39488 8186 2020 6495 14067 19987 18501 23531 36355 20364 21416 3977 33660 31855 15641 13593 28502 2814 34859 26323 11491 35374 33549 5605 527 17818 18923 25325 2359 10830 8805 31677 5564 33636 24109 24470 22678 23914 7941 26055 13210 32572 25719 2203 12203 16556 10122 2148 5099 25618 26242 13168 14491 7154 17627 35907 6430 14354 2162 10363 20064 29615 6829 30628 24814 32924 11713 1526 35325 26032 24372 10078 26826 625 16989 24998 33795 1641 18937 12062 17889 27449 6555 17476 25239 26021 7728 35034 14613 38069 13365 4671 36087 24656 21786 38813 16085 28495 5302 9347 25222 18848 8107 2927 25955 33913 7510 11011 36161 26017 32186 172 202 28234 15285 34449 10439 26253 18649 1191 29441 25229 9406 38734 13710 39071 15259 10712 13452 16968 26801 1511 11585 33325 22557 7098 2550 34667 12739 23292 10692 3658 18543 2385 21497 11647 7757 33909 24818 16401 9135 34029 19762 33062 3139 37338 23475 34657 6608 30495 3816 30594 32281 24558 17212 36873 27533 39594 18741 24958 35057 39138 27891 23907 34233 22801 23910 24150 29945 19773 39255 28651 10487 4379 2171 25177 34421 18565 27670 35774 6413 6699 7882 8111 9705 13493 27755 4983 10576 28358 11700 39243 30970 4328 22699 31469 5466 23794 5400 34750 2753 23882 35960 4999 28484 14692 1783 13968 39697 11562 34867 23321 579 19194 23876 5486 4842 21304 24468 14868 2552 12880 23416 1904 18706 34339 9392 4280 35553 32119 22650 26091 30883 31956 36369 34685 2393 20013 39271 13408 8906 32908 20362 28990 32405 25206 38661 24939 30622 2096 33119 2343 454 32269 1822 18050 12715 30121 30410 27884 20219 491 14895 37539 24481 7883 21432 31287 21298 11269 6142 34861 7731 4113 7293 5641 24073 2249 34958 11356 19922 17659 5356 33691 32511 11201 24268 33687 24419 19632 5698 11912 1458 2476 10837 35432 20158 9439 30741 38198 38460 23442 16690 14696 4770 24493 29578 1842 23556 8471 36809 29300 32469 1322 5108 26383 33851 15 4475 32202 30054 31034 19937 18447 16539 33172 29618 28761 8517 7352 18441 17177 28770 7055 32579 37665 2904 32780 1015 29746 4137 35261 23332 39688 10649 20033 34376 6877 17335 5897 3396 6024 28895 12441 28938 16469 30479 8470 6487 176 4492 20513 16309 35690 13651 17283 28564 23111 39761 3907 35119 22498 33635 7873 35068 25847 39532 25860 32038 14475 37639 38284 36980 14562 9201 13126 35654 23822 2625 12476 20983 27593 5062 2200 15598 19408 141 22646 2530 2727 4884 14378 36258 38538 12465 18310 38564 18638 9600 23626 10605 768 30154 39067 19122 38611 2391 25134 39724 39016 39357 12005
687 569
17607 11653 23312 29416 3512 35197 17383 4607 29203 13434 25106 1609 38033 17817 21762 38686 14161 16377 138 6044 8991 34684 39285 4470 34329 23228 20542 32162 35499 18745 3566 3094 34240 4449 37116 7916 18798 680 18238 27458 15320 6165 7620 38235 26756 23367 2030 4750 24428 30383 9117 1922 3753 31317 12460 30118 6026 28045 28115 24915 30188 2803 33216 7308 18280 19851 16569 17626 29139 10266 39522 3519 18174 30178 4810 10456 27649 13088 11556 31883 1040 9219 26913 25794 11940 38628 8952 28248 6421 39354 2375 39176 1153 18992 9703 2539 548 19823 7494 17622 602 19846 17712 18114 12810 19502 19275 11134 35728 666 13713 35998 32035 3915 10194 1078 2884 16951 28834 13496 22602 17781 37579 32077 5300 34091 22560 10415 37637 29129 8664 37960 12343 31211 3057 14299 30335 28736 12891 1092 233 34379 16033 8842 33146 10125 11264 13096 15848 23985 5861 16766 18446 9798 23972 19302 35334 14531 15912 8015 22500 10423 3958 22166 32857 20810 33281 17544 24395 6066 1382 6435 30376 33147 37542 36227 33718 8102 3495 6127 27190 38517 28695 13846 6743 32965 2107 9215 4463 12339 23039 8058 134 14453 21510 10699 32054 5752 24916 34925 4036 30676 24049 8175 10572 17084 30901 29394 22966 16675 3326 32870 23861 16355 26350 7896 30250 28774 16895 24980 16296 35616 10641 8516 4129 2661 22487 35496 35791 12373 38692 15775 31178 12424 31344 12822 29589 30858 11014 15921 13766 6374 23084 26406 36909 31892 25914 4197 37141 14935 36634 5710 9297 38147 31396 7628 22981 27736 4472 13838 25624 7725 20027 36078 11534 6659 23124 10599 23788 22675 24173 7610 22213 19103 10113 8626 13296 19555 7402 18041 22437 32332 3676 5271 2264 38049 7926 25661 8778 17540 20385 27781 20802 39708 20237 32530 35658 6985 13742 25139 6346 9261 12763 29666 17778 36108 8628 30629 37646 19838 30430 14702 20309 6739 1610 22154 39089 15432 13948 930 36510 28277 38853 7989 24011 6867 28627 31442 24404 4060 15473 17524 4717 8125 11471 2507 26479 15741 13162 23023 15200 14017 466 10252 25465 7435 16903 31474 30715 35952 27134 327 9898 10236 9724 5949 17210 28172 19561 22406 9621 38815 28515 4066 1765 11177 26872 33886 26948 1462 29554 13642 18015 31063 3746 15233 8941 24111 33321 1595 34836 29415 15666 29283 27081 16319 32754 8948 7867 37275 32207 30377 12782 9497 22945 28331 11164 38724 34716 9825 14812 26066 27181 11536 23288 7734 19972 34395 9780 14314 18093 19833 10004 20640 24848 569 34040 4495 27836 17925 1213 8608 13793 6856 13017 25811 25754 22390 19096 3710 38032 8802 22608 27477 8654 31066 38947 12116 13970 24062 3802 9103 39028 25433 7935 21038 18457 29514 38539 7569 33492 36658 6246 23040 22792 8636 15588 8925 28883 12183 22913 4541 17032 30887 4927 5363 10263 23800 17609 1696 38648 3661 29222 5562 9393 16427 33051 20456 19631 38605 11841 8157 39193 17621 34373 28869 12264 1202 36516 33123 7201 21214 7076 23046 28335 34627 18481 8120 4337 37936 37891 5401 36632 20172 29501 35523 19584 39739 21884 33981 20363 17654 27002 30971 14946 9923 1770 29742 19646 32402 6265 38076 2164 10182 10292 37993 31891 30450 9950 1481 32585 8885 21839 16369 34427 22147 37966 25815 34364 1489 15534 32822 26527 32748 15244 10816 20849 22782 33804 18286 27604 35302 13929 27118 14501 33069 21739 23507 39809 32302 24215 36363 26798 30200 3595 544 27028 24373 26395
637 565
1317 2068 25285 6131 35697 23153 10008 20019 1729 20307 8613 20825 25226 35108 34993 29345 32586 4055 32488 4580 5034 30456 31090 267 10908 15769 33211 14449 14356 10529 20555 7627 35062 34325 15663 19914 24161 3854 11672 4581 17713 19137 7003 30452 30761 10543 4514 9730 18089 5190 33608 39716 2424 4458 7284 28712 2817 33105 14445 21207 33987 15318 14858 34338 1232 27937 17338 13329 37824 15746 23092 24214 32445 23008 13002 26569 4506 32397 22295 8945 21457 5445 31668 33873 19434 29896 8711 1400 3841 31716 31760 22579 4546 1800 25963 26488 36420 15812 16346 14647 4943 36997 5178 10457 38666 38401 31077 7140 30995 18719 32839 9255 11109 22938 39605 28373 27451 39076 26010 11512 18810 6833 35906 2952 4156 16336 29354 14749 5206 23257 39790 23220 12624 38461 7266 2475 34182 37607 131 8953 26142 23602 25916 6492 19983 1928 29158 36219 21051 9163 149 31843 15725 25875 23255 8539 23753 15108 27276 3014 11798 32954 4220 11970 26777 8595 3253 6229 28591 13063 25712 14598 36340 20422 31184 30658 19010 5939 38829 28722 15126 13663 31618 28491 21895 26906 530 8192 8483 211 735 11418 23000 15135 35129 33504 34957 5179 35348 18046 31815 38445 21769 33297 37283 4270 4621 37191 6323 21656 7609 20500 6104 10783 15084 27878 24292 28266 2691 38754 26095 14979 39599 37640 37203 12316 21669 6277 15585 35603 16550 28170 5135 33633 6133 36690 29017 37000 34797 18738 13121 34668 1575 14490 15973 21929 18428 38 34757 35534 27632 3786 28543 13094 24376 22734 8079 2 32145 34506 2852 10842 11316 37712 25310 35099 30963 15083 38151 38702 14252 3376 27323 5069 35089 28618 32993 22530 20342 27979 33613 1106 33223 19642 23975 34041 38316 15914 18842 34146 12909 35720 32049 17453 21522 4034 18685 9150 1762 18388 35676 27378 24827 17594 22224 26890 12108 4135 18343 4663 21477 16582 12814 26805 15887 23784 34766 7223 11661 19167 18796 34725 15349 24967 12862 16011 32297 15240 33099 12785 33117 37492 30323 27680 9588 37354 25457 14185 19885 35589 18640 14645 6058 10414 11758 39405 14998 37697 24291 6570 7349 9409 36808 19770 38834 34391 17598 35186 32117 24545 3273 26873 19203 28930 9242 17599 14330 14697 8448 28903 33781 11754 35259 12708 35856 4797 25817 14732 38300 778 35031 12256 27655 20973 16215 36142 38174 12355 10310 9086 22696 91 3265 25221 6390 17155 16195 14201 8244 31282 18069 28670 8902 16203 829 1796 20884 20846 11543 18747 36245 38322 652 33055 21354 10645 30232 36284 22017 25929 17337 19568 21035 25198 13146 13213 224 29822 17125 10720 35448 3038 26294 2142 26334 24574 19259 26415 16056 32741 31452 39173 23705 28225 20149 21394 31348 29897 685 36435 10406 18996 30103 31823 22463 23401 74 35091 3721 2062 31439 32638 2763 15659 35535 13810 7994 26307 4872 13307 8731 37264 34977 22221 28038 301 37289 35467 11009 20145 31672 27656 23836 4040 10024 27029 22845 6289 38327 38989 21012 18454 36193 30919 6320 10633 39558 22247 2593 25082 3463 35631 4147 12081 16682 26215 19052 36324 24417 2117 31693 20697 18371 30255 25501 33589 5352 21349 24489 28043 27775 22797 32065 10253 20283 1958 7700 23598 13831 19888 18733 11586 33682 35819 12917 9961 30359 961 28439 10099 2567 11643 18636 4466 10289 20685 25201 15845 5338 31860 19786 30019 31152 33505 31575 13248 30107 18664 33500 14443 30194 31353 3800 16328 3202
252 552
1292 9670 433 38231 10029 39180 37766 4655 10609 18250 29787 30089 37996 328 5624 33407 38540 19171 25652 30735 37565 31346 34488 17851 7432 6692 515 17340 22663 1474 17373 17072 24703 16155 5387 431 9295 26846 169 22743 31015 24943 19294 12800 2739 25721 31627 11052 18385 14137 21508 10420 14825 5149 7424 11973 11296 20359 24676 16553 26930 26588 35037 35843 37503 28180 4648 16431 8580 27868 17914 37084 394 4909 15165 13969 15236 32575 6890 12414 3073 19394 1477 14109 9229 22158 38970 10827 31980 17463 24415 3760 33493 15716 35857 11059 4592 5865 23911 11775 15407 38415 17482 26556 36449 13522 14890 28967 9773 25704 27572 39417 17777 34854 31597 21988 10568 17930 16816 33477 16515 12963 33993 8880 34048 14902 39615 15105 24450 21696 10731 38133 14788 30880 9943 9766 621 27929 37313 22910 38830 7344 12046 11827 32341 16797 36070 36921 25087 27075 5322 24650 2901 26663 37907 7938 36170 14191 19028 12257 6168 13044 19184 29279 15939 36801 25965 2537 24593 31521 39316 35815 6490 10354 23098 39318 29812 27210 32967 7390 25470 37812 10818 36697 9947 14657 22350 10184 29670 8234 25611 9585 35454 11497 2422 24206 32902 8699 19134 25559 19285 28735 13712 28577 5391 21876 35813 13482 33982 30386 2677 4858 15755 1741 29439 18207 4933 14961 9907 36437 35706 11969 20335 36100 18294 19864 21262 534 15119 29082 17967 10237 29407 5314 37772 35973 26783 36745 5996 14727 22830 5910 36740 35709 26841 27227 8055 37958 37332 882 30431 3433 12519 15792 2909 12053 31684 32930 16795 20949 33959 10793 20763 29574 4219 10048 10678 12330 39661 16413 900 20215 37372 32522 32660 14271 14976 39815 34969 6385 36609 4576 1802 25830 37311 32280 26109 195 18266 37992 18549 25032 12368 27711 34873 29422 26432 28062 6357 31767 23607 10770 34441 39730 29177 16749 22510 26240 34951 32048 19264 4795 12886 7526 34956 15734 28500 14173 6109 33471 8670 14470 7566 12839 22779 32733 14061 23206 13910 32379 33332 14764 30988 13180 26204 23694 15499 17174 13767 9974 26230 26258 32058 3976 32016 19055 12597 2651 1570 3454 39778 29093 25315 22631 39353 28231 11416 19053 5059 26370 1039 10287 14028 13700 27195 37693 28801 34837 29157 2864 1900 11805 12181 19161 37911 28855 12292 23067 32286 17033 3868 29745 14187 15435 9428 31592 287 4349 36918 24823 27685 18580 33208 21781 3916 10440 16800 13286 28139 13079 12372 39745 6107 33164 38294 29842 35354 14078 1424 33753 25119 24794 21054 30541 20906 38181 10128 5026 7491 39293 30911 38992 5741 9562 31733 22607 6572 3834 23276 32454 3948 17304 39769 9312 35537 21101 8939 32209 11084 5717 32688 34782 36954 20387 14772 12529 722 26175 15715 13691 6286 17448 24825 39721 4444 17434 33775 17589 16812 1752 9807 16603 17512 1417 39414 14153 38595 17405 34166 11110 14428 13020 9746 21422 29612 15060 5080 28324 31065 17018 33769 3687 17775 2867 23546 17674 19463 36524 33201 21203 11204 662 4788 16769 8533 34511 9853 8586 14223 36280 39577 36461 24751 24642 9405 32752 24082 10165 19611 33988 10319 34699 16423 3055 37540 21590 8784 8986 9830 25631 10397 8714 14295 39518 8101 33836 31197 31645 24725 37790 31118 36722 21623 9299 24641 8264 35940 38745 13640 20688 38749 23698 33673 27366 31451 6871 8622 7189 39722 14642 18723 36785
289 523
6365 34779 34935 21641 13959 26435 3696 33577 294 30056 19627 12562 5250 22566 33901 27171 15495 9195 12433 34613 5008 14327 22267 20365 30068 11068 7600 17286 11336 30578 31351 35759 15075 21227 767 22097 34923 36109 11319 28259 10756 33139 20975 1289 13507 13499 17170 23479 17882 15428 13956 21639 29625 38054 22950 16474 13131 24482 2793 26797 8723 15806 36864 4404 1014 7127 15291 19412 4196 39281 21679 25638 14326 13844 7809 8072 22301 8630 17382 987 39126 15301 4176 36476 1318 25876 39194 12632 26473 9988 4753 36445 27710 8006 23404 36753 13155 30053 15239 21235 24786 11292 12072 10403 36395 18888 34105 34708 15603 14573 36976 39828 22504 15178 253 11631 26830 29455 32941 6705 10216 26261 31555 7657 29629 673 8212 7259 35267 17447 16481 14379 14031 34729 18304 16720 28285 12903 11502 25451 38045 30262 9599 39610 14738 16418 9368 32495 11615 1604 15006 33191 30354 23407 35073 22007 31793 25101 24965 4510 35179 31700 24032 12671 1969 22417 16338 15967 38821 33602 11262 7974 30939 13781 4938 4244 25468 5953 8729 5505 26707 934 30097 39690 6309 11503 15510 15626 9926 29588 7929 20146 5453 29148 25877 39434 27786 33076 21725 37003 32534 38371 1313 28174 31568 3220 28323 29859 33176 4318 1440 14619 5943 23915 9966 3241 31042 20815 28188 27925 6014 23181 4586 14436 7777 7188 36511 14932 1411 12742 8928 17784 38827 26321 10556 21919 28914 19615 22237 9857 24252 21893 30731 7158 22056 31151 18970 39274 36707 28191 14410 15177 2668 35609 28804 31557 17526 30819 22664 23530 31708 30150 4042 15882 15078 22258 23866 36376 28612 30325 9971 20466 20757 2364 21625 6836 39045 22947 20079 13946 29511 28220 21345 10046 20969 11555 33226 22596 23010 36289 38856 9417 30305 25000 7827 33465 23561 22857 13066 18254 34895 11587 27365 5929 1307 26313 31737 8527 10020 29413 29045 35520 38819 22045 29428 14221 1117 33483 25408 34635 3293 14951 25475 11501 20707 6980 11763 28653 35793 12050 3971 9791 17554 26598 8798 16010 29916 16799 23745 1459 1848 10813 37371 10786 1541 37070 25283 35742 8476 11387 36432 10109 18675 11197 7561 11104 6906 22954 23435 27250 35340 21886 5187 34389 12552 36073 8087 3662 27665 25392 37258 39571 38868 26285 30659 18475 13495 26716 9919 2127 37246 23543 28725 21619 675 8594 18557 3592 30018 19992 24661 1937 32158 1129 18521 33745 16124 5197 20447 7212 8502 12845 18777 31553 27421 39253 7299 26454 15868 34174 21237 35840 12421 8824 12663 32729 32927 23165 22609 10586 4241 5357 39119 32549 26956 25526 33839 28594 31458 7135 2404 33326 18690 26074 35111 37585 6736 15765 5222 24798 19588 24774 23498 14149 36223 7829 17108 31181 3426 13221 25528 12323 10900 33478 1337 30382 39817 7436 5048 3451 33323 6551 6011 15846 7460 19280 13986 21637 9532 28344 4848 33534 32097 2748 18713 5846 2546 38778 4416 8647 36764 37218 37573 17831 21252 32732 33094 36492 32403 19854 7230 26124 22888 21080 12730 19716 9078 6276 21804 34704 11401 31959 7617 16331 18109 14695 3591 34012 22649 32393 29793 93 29597 37711 39284 30814 21913 4154 20430 14888 22328 37323 21999
1108 523
12649 37469 19487 8441 6863 6818 11516 9184 19333 21594 26082 6522 19476 8943 36607 17038 14837 14229 38348 30369 23022 22758 23097 14985 9309 33000 22767 10031 1637 25651 31862 1977 13764 22968 26024 12127 17614 15926 15250 2544 33466 35885 2751 22776 18890 5120 10595 19367 17035 3669 16207 4971 23355 32805 19709 6764 38837 20143 25546 35294 28208 5779 13156 4641 3164 8088 36897 19335 12459 3229 9160 28098 23557 14476 28998 19827 17481 20428 35542 21212 18879 36169 29736 1097 25069 19969 15540 17227 39011 30185 33412 11 39634 11913 27880 3246 465 4487 29162 27111 16613 36331 7180 22715 21011 30573 1226 17223 7151 21902 3947 36776 8510 5832 34578 22732 29699 10389 26690 10751 37701 30796 23871 26137 17475 30724 24241 8401 31221 8895 33114 26052 34562 34869 38202 31953 6925 15602 27177 19387 24778 5675 39567 34168 17953 12247 3668 24154 37975 39597 3767 13545 14547 28377 1298 34896 28772 14859 25605 35980 19060 4442 14363 21599 17931 36198 7205 27487 2888 1525 4878 21478 26692 26832 20721 15346 6266 32373 29491 13217 36705 25068 31308 35132 31875 30872 29150 38916 38277 19690 35072 13108 9674 38449 10612 23798 923 26382 6273 19424 35816 10045 24699 38939 16177 1619 34692 30152 6350 18086 23202 17511 32635 28322 14268 23880 2795 15704 25697 10998 29954 33922 3534 35223 12651 23808 27280 33686 26943 38106 13725 7622 4629 15656 22634 12674 21509 20298 10139 27129 29661 36603 2151 19339 20108 17738 2207 38063 10629 35423 18445 13209 30762 2919 31026 37807 30940 23272 7697 9823 16316 26343 14305 1161 36546 22632 30870 36927 19420 30593 19087 34876 950 27584 19932 3493 17394 30312 27466 29460 32578 35701 2463 19233 8017 29418 26146 11533 5262 38303 30706 25843 39512 34794 14377 17640 27245 20994 2325 12493 10575 14405 5201 33110 111 21446 7679 36361 16936 39308 22996 35948 27068 8720 15169 4665 11428 27249 25978 2695 35233 31864 18268 759 12329 33756 10427 8500 13465 23347 16317 23611 13510 25053 25909 13089 7111 12030 9360 30559 2776 14488 18133 26549 32089 18944 32115 33040 13455 34849 12155 34631 30766 25668 3163 11719 22761 21643 29490 10688 8356 7199 10955 11076 39336 4957 26274 15657 35182 28293 22138 29355 23409 24383 15450 6448 121 3190 22086 33252 15904 24269 12089 37293 20872 14686 11606 38699 26105 38774 10284 26601 34932 26192 17505 15399 34125 3165 27588 9929 25130 26140 3513 2047 5558 24626 2543 24436 28562 38949 29977 16775 39324 10636 12833 34961 30157 4873 33480 13926 14652 35992 18961 8685 35908 2070 39356 3504 36137 38887 19292 2483 24007 8614 36772 30863 24024 22272 24909 19769 36701 23974 29453 7078 25466 28981 1510 12212 29598 10557 10239 29891 29077 13501 1797 28286 18647 8423 12283 19559 3111 27731 36486 2954 7326 22020 19605 38909 1392 24554 1538 24610 28654 542 38287 13445 30092 6061 28330 34069 16810 34245 14224 23790 4344 32826 969 29121 35304 24008 26668 19928 28013 28301 339 38549 22789 29567 28102 7918 14094 16467 24716 12039 3153 37273 20037 37850 29907 20692 38784 33341 31169 28019 35719 8826 5083 32136 13036 12574 30205 39129 12438
418 531
11114 18362 2021 27691 937 23778 5315 36505 28622 11257 37895 10997 13692 38143 18420 1624 11636 8964 24014 15876 33541 25752 15919 35867 8420 13670 12538 28933 30233 497 26788 13966 33081 25981 8030 38708 19269 28927 35363 4256 12757 8814 11064 6511 7139 4707 16160 19689 1973 33068 39154 36638 23704 10014 11944 4195 5607 32312 2797 36865 38229 29293 34487 25951 35927 38955 20581 22105 21233 37245 13563 29152 6769 16833 35635 21897 14505 24145 23214 12836 23161 36969 17764 37576 24012 38278 16123 38984 11211 22044 5450 15271 33395 19985 6125 32219 20575 35280 6939 35353 31203 14605 8624 19278 20339 464 20600 24390 21382 9643 32484 9690 37868 34011 2547 7034 23712 19545 12229 38707 22931 20204 36623 35715 33314 12195 7842 4111 4772 8346 28650 16934 33306 3526 36454 35100 34764 36149 15471 681 11903 12189 27700 12342 35361 11898 37914 21862 22088 429 8528 13542 6636 19208 20966 25746 21050 34434 21025 28763 29295 30314 1113 6640 38997 1851 12021 27809 14421 32416 9851 39008 19726 20103 11725 5103 25539 31235 36621 31523 11140 1407 1985 20240 11832 33022 27156 23465 8819 39402 28337 11023 24658 36595 34004 39376 1835 13530 26694 8671 12656 4173 34558 1149 16104 26062 36674 34553 23714 24895 8879 22754 37474 23509 806 27987 37630 16696 20250 5908 13427 15560 37724 24711 36394 31961 17375 13285 28800 30017 24773 15764 18375 13818 14241 4123 29829 14959 32443 11584 9248 6083 16408 28327 952 16645 39429 13840 3728 5955 8755 26456 19684 31366 26181 9543 3092 15969 32812 17847 30256 266 19910 10515 34987 1750 35163 5408 23832 17284 11171 39513 17750 16193 8276 26000 34407 12516 39437 10594 11918 18693 16452 6395 13009 22192 15743 26828 16165 3766 21799 26171 21436 9397 37730 14148 34527 22470 20592 21112 17202 18910 22432 31455 32584 21498 32366 36549 9802 3013 15314 34582 17755 38851 14848 38043 31135 70 29050 9754 31494 6931 34832 27435 33683 11345 22103 2315 21978 27296 8575 16103 21707 3992 17720 9166 14046 28992 31069 21065 23301 20935 23566 5350 36768 13735 36542 11333 24277 139 3133 21254 19704 32283 28808 25932 19721 16180 19907 13594 7762 33415 35287 11344 16178 30567 29978 4588 14527 19325 36828 22212 15150 22058 3963 12728 896 18406 18545 2289 11166 26445 20005 24216 1980 6741 18230 16454 12668 36802 36323 11757 10120 31047 6221 12136 14307 4331 6696 9459 29911 23994 12166 10849 25365 23073 27338 17968 12356 33621 25718 21733 13100 7572 25182 13404 5354 13848 34922 39333 5456 30937 13801 19598 25908 29312 3244 33327 23581 9072 13759 8760 33160 9774 9352 2714 36451 38165 17863 2172 30388 22570 15162 3588 21633 30775 29031 19072 16824 34883 19663 39079 30773 1214 30278 15798 27780 38490 35070 30405 14684 24809 16158 16282 9902 15149 9687 16310 23771 17671 9886 9323 19400 7448 17454 5923 12011 26067 130 10458 26687 10072 33975 17206 1560 17983 32727 12302 20504 29361 28092 5035 19585 9700 25757 11363 15580 3547 5628 12921 19493 677 27064 245 29253 34632 3480 18039 7903 3808 2892 35235 850 28892 1238 28660 28185 22209 20467 8141 3280 35945 16650 34034 13384 26737 9555 14278 17153 2018 19743
116 505
32793 26949 16477 5737 33468 27025 21194 4345 13318 33855 18922 28603 1717 2561 26336 33029 32340 28182 10722 7096 28679 22199 14260 24196 37452 20751 17876 16132 894 6288 33196 14121 29996 23564 16630 31988 5407 3852 34459 29799 4414 39006 36276 33842 16654 191 9132 12109 6599 25725 9720 15913 1357 941 35547 19237 1899 34287 8144 30364 22225 30066 12551 12351 5494 6317 1606 4917 9172 33629 21033 1518 30517 24896 35809 34183 21536 22484 10797 23025 24213 28513 36670 2660 15464 774 30281 17656 38329 36283 15791 14871 8315 5598 1623 25335 10583 29513 12445 38656 35688 31382 24379 35391 24440 18196 359 337 14675 36101 36214 5473 20869 496 2886 30180 5602 4366 9198 32983 25663 18594 37418 30568 10794 23742 22527 39561 32333 19323 12731 1585 21288 3070 24881 37803 19939 1184 29291 2566 18344 5517 15858 11034 15548 7485 39362 22402 129 17142 6661 25946 8252 14237 14333 32697 27727 7558 16435 21226 12162 33889 10482 9887 3257 14 3402 5221 33405 9793 37367 24290 21076 22291 25995 32618 31628 34163 29380 24207 38938 19024 24391 6974 33038 36148 13078 546 11181 25682 2863 37896 25950 28005 39329 3251 3188 18645 7195 32217 21040 28571 29858 24518 35133 26629 1725 20380 14103 10807 30206 19188 20366 33470 31808 6291 25604 6994 10426 13924 28474 31606 4357 6607 20736 15434 24106 3732 28138 11265 340 36458 35316 1347 38824 23158 8116 10971 38171 21559 2033 15707 1150 11991 39625 34767 33830 22179 11288 28239 37885 17424 27779 4024 3026 38990 12361 20196 8199 34834 27213 28031 6870 15255 20023 29915 19715 23690 38047 27022 38780 29367 25930 34983 8228 11641 29135 21444 39359 35513 35826 14144 25583 2522 19674 34117 557 33275 5116 39563 23299 410 24704 24172 12514 38796 37465 34671 31374 29068 17063 5412 17407 230 26566 15688 13676 33417 33344 31383 17305 18463 18786 30957 1810 5217 39280 30655 28340 16610 29262 13451 26614 1947 5491 2650 24938 31168 25534 7338 2251 22764 16464 29351 10617 25555 14389 1872 38512 6474 38825 20115 16998 35540 38420 31285 4287 2627 22445 35045 39315 13064 23947 6751 7474 748 1225 13853 13216 5905 19877 36712 26333 25967 28150 28238 15786 15196 26610 28130 37407 30304 27600 31272 33242 3053 34968 12143 10471 31437 5134 25279 37363 33448 14824 10511 34525 982 25596 4067 9220 34784 37400 34280 12498 36746 23650 25401 39340 4819 1208 2693 4818 27350 33584 36985 34533 22567 18315 4676 39117 8171 35758 8735 21030 30307 18729 18722 40 32799 20847 2774 5309 16818 6621 26886 7564 33964 8931 2312 16684 26191 31036 28399 10847 2576 24620 39146 37685 27718 36833 19226 26030 16757 12883 26775 17359 39335 16414 16697 1338 3260 1677 38115 25312 37756 1038 11657 14741 12631 30732 34726 5358 30502 19637 12250 1262 5541 4758 25489 39559 4140 32856 23264 28641 32604 20230 13595 8103 22079 27214 17387 35655 32789 1223 38606 24299 4029 2758 25446 8099 418 10632 25747 27255 12273 24862 9676 17484 8020 37490 27418 11878 9557 455
307 498
31637 39709 39240 30002 2220 16241 11272 23128 10089 39042 19740 5159 17761 29976 29932 34164 3889 1379 482 521 30418 34096 25223 19143 26685 32318 35794 36824 20794 10869 3157 11678 18415 15584 36778 14939 37516 34275 16967 38425 37768 38497 19887 35131 17272 33852 21525 23104 31648 20584 29114 2135 16247 2844 10507 23544 8914 28393 20303 32479 16918 34771 6809 8556 37312 18975 24142 28207 25952 31263 30261 39401 15611 20896 31340 19351 14430 36379 33802 13591 16047 3399 4143 29111 23080 36786 23049 13448 12066 11911 23425 17872 24979 26440 6895 7471 1277 29811 21366 26299 28114 18141 18918 39805 14990 18024 6889 35306 21459 18898 15607 7933 36914 25614 23438 24899 10834 13047 32215 9187 22232 21743 30295 726 23770 5226 14292 28489 19849 15325 34642 23691 4683 24836 37007 20626 2040 4928 13599 36160 31302 13616 38516 29451 2993 16560 23959 21185 6556 14016 6799 3113 13518 25376 29721 19620 33255 37122 10076 38455 5771 34532 818 9445 2113 12446 15873 34966 35827 38368 36798 34870 21758 8985 21021 10806 3461 27059 27616 32399 15451 16125 3553 13067 34701 6074 1778 27057 27160 37750 36473 12437 22236 4188 37102 15814 23590 1258 38737 15272 18555 6891 33149 21654 7311 17310 29493 31029 39771 22378 17353 11828 14760 1884 21152 12243 10521 7177 2573 15795 2921 32616 39814 263 35743 1982 30639 15230 32821 16911 31117 14731 5056 37337 2590 13379 19106 13751 21581 1734 1633 36931 24232 35930 19886 31388 17771 34920 423 8548 28582 24740 39565 12246 38393 22838 19365 6816 25964 97 1788 12164 12407 24910 7702 8646 36978 22135 3856 23804 6912 5122 29583 11010 6941 38616 38440 38610 33386 14142 20420 28631 5964 33299 16817 27198 31459 19224 4062 22594 22337 1597 25990 33677 9858 25129 4902 34510 17587 6316 39278 30145 38442 2744 13588 38503 26768 10111 24027 5701 4963 29323 5619 5646 38727 34545 27964 23779 13071 13032 39458 18566 18844 35167 24709 31847 12026 5638 36998 2408 16063 27100 29605 23990 34897 36444 27065 25074 23468 36915 3122 28008 30148 5639 23818 21361 3205 32589 24868 4900 14105 10942 13981 37068 11860 27158 1448 2266 29197 32860 1198 15101 11056 27804 12642 2333 5948 3809 24790 1683 9007 16410 12523 16734 23198 16021 18643 37063 14774 4362 39385 2230 28023 31479 12530 25644 20166 10068 26917 4290 22497 7316 14905 6658 38142 7365 14228 17841 19530 37949 17896 29356 5312 26925 35252 1704 25840 4457 601 7796 9357 14634 9928 39330 36587 5993 35256 13344 8083 36633 19995 2781 10488 1689 24758 39298 2918 17616 34311 31476 22060 16387 28608 20213 33879 14679 15522 14730 36795 7073 27885 12956 24466 20043 20052 23044 38576 24394 30902 13478 23239 14615 23051 12510 27676 9109 36116 26923 15667 20724 387 28714 18947 34579 39077 38726 25659 35509 5236 39818 26022 15168 36308 20817 36661 31131 10208 27272 7753 13944 17582 12146 9373 6367 7359 34567 37204 32361 6391 28446 3538 19565 7087 147 19327 15954 28424 35025
922 503
18737 2324 9519 26380 9031 16009 1031 8537 31870 6146 5982 13287 18173 36488 38979 5581 36159 26119 14284 2323 29171 7191 26698 15543 20812 18335 19385 24331 17037 6225 33887 24311 35148 30966 22414 5843 36406 33072 35691 11785 3357 25636 25620 25110 33352 33084 11745 21763 20177 8507 561 11477 13902 30014 2949 8312 10679 25869 38522 29987 3670 6202 2309 29459 28732 36962 31798 11386 38554 14429 1007 17182 21286 15739 30899 13346 30299 2545 2443 31896 14089 14346 15245 22055 23618 10019 20388 1850 26705 26904 21257 21791 28733 16640 21614 10369 3502 18759 30037 10166 18231 9104 37060 31951 12452 31296 29037 20270 11779 24575 20759 9999 37123 15385 3639 262 37687 4375 25249 26537 38438 31326 36348 12439 30138 29939 28416 28025 10454 24056 29446 9193 8738 13639 2533 18792 11609 7845 19329 3320 11920 743 19754 13377 29950 35525 32901 20693 12398 16517 32296 13837 34599 25895 12722 26852 16646 25723 38962 22019 10983 16411 22998 10664 4351 1269 2380 6812 16472 7556 38170 36894 21322 35929 13386 20426 17560 25245 11457 14082 3789 9068 31470 25341 13789 36665 1607 6065 965 28698 11209 26728 6138 9089 32214 31804 12231 12467 29760 13490 1137 19776 34526 31025 24512 36403 37031 24164 20660 29757 31266 3707 34843 17285 14835 6564 16514 21300 29389 31252 27849 25263 25369 11330 19673 11291 27063 27481 31824 26546 414 19664 39197 24321 4459 21681 35290 12230 5718 30694 18528 24565 3101 25084 38209 14204 16370 12578 31768 1697 664 26083 22486 8424 11595 23482 4656 16321 13982 30627 31838 11037 7881 370 25884 31283 22720 30214 22627 23747 6351 37136 14687 4767 12777 15042 23505 2307 22354 26234 17372 39163 26462 450 5023 7398 2608 30328 15826 18652 32846 28713 30371 13995 23059 34234 21915 3317 29401 400 22261 2525 29523 2973 31918 11697 8037 7082 22078 20843 1878 17006 442 10791 6526 31551 27669 26202 22795 8691 17082 29046 15030 28581 22914 1643 971 6665 34501 22798 13961 34068 32566 14885 20627 39349 486 26581 21231 30915 314 14037 27800 14041 16368 39755 32490 19021 333 37074 9909 985 13265 38881 11484 7346 12549 16246 17557 34080 10058 9366 4897 14131 11496 38591 5172 18018 25512 7760 34460 16213 1233 36401 4158 7329 11618 6547 28674 12393 15022 14980 30258 13667 13769 13026 18884 39092 35154 57 15646 37513 23238 15440 27981 25176 5243 16017 5180 27510 15535 37179 18374 4223 25429 290 18716 10305 31418 34738 13564 36428 8267 12759 28339 23664 26057 20092 11696 6512 17564 14190 34477 6582 25894 25913 7793 34337 36285 23060 27563 15323 15370 35760 28156 9932 31930 21962 26180 18205 1125 15004 26475 17952 12788 36589 19080 4300 26245 20548 22949 32881 14069 39070 28843 21824 9183 30944 36669 10225 23940 15629 13310 7351 28264 32254 16930 6711 20299 27577 594 32652 38314 32358 15932 32270 13780 34260 35021 1416 32904 39422 23867 5596 36794 26860 17043 11954 16265 7909 5974 26381 21472 9049 26404 15772 7363 36373 15204 29725 27840 4439 33956
417 478
799 37719 6281 39412 15971 20612 38240 571 38983 23480 31711 11478 23762 29440 30475 36773 34043 4508 27108 30404 9968 15694 31146 13414 14129 6862 36662 10026 37953 26667 26441 9824 17822 26117 31162 11542 21695 20343 11655 19114 3973 24245 32905 1554 13118 4752 22122 9889 3089 3817 17318 28893 14670 5827 11295 30764 12540 23489 36124 1266 20063 11608 25011 27355 36265 11994 15751 26701 22606 19232 8955 2717 27225 33924 5162 19616 9027 11554 31776 37571 9144 11159 34943 39099 21018 33301 22039 22092 1351 1019 28890 12235 6965 2501 17766 17076 8085 10512 17049 15700 9862 36383 3881 33789 22895 33562 13204 28069 1012 16863 21768 15774 19826 35670 30327 17933 19317 22180 29408 227 24667 24103 18694 3723 23496 32866 36404 18110 21464 27514 8025 26267 9550 21041 15047 36038 7850 12474 32756 19290 1255 26452 11743 1603 28103 20516 33762 17946 16311 37078 13226 11300 13486 32722 23828 6881 8011 19084 30848 32023 26655 3680 33250 11753 15524 27427 3450 32580 658 24066 11623 9211 27053 5005 27220 28472 33087 31385 37365 24285 13823 5909 33014 20061 9558 14592 17769 17378 8330 480 35040 16704 3171 31204 26038 21168 15296 31268 11574 21503 25323 6936 26198 12326 2711 10646 26089 12114 7579 27286 37006 22906 19457 22188 20049 26101 4693 22063 30044 11602 12664 13940 12767 1207 28294 18891 16638 20296 2122 3304 6325 36903 29732 10372 1823 26075 18376 33044 27307 29018 8509 14124 7879 19699 11441 29423 12149 14516 34400 29867 26951 23746 27019 13070 33646 32832 23300 38820 10282 23361 38846 35746 3162 34371 28166 12723 33450 15045 6619 6420 32220 26864 34906 12123 34409 10132 35538 18061 21471 11073 7262 7525 1081 26691 2191 7433 3494 17886 27542 10560 28151 23933 3201 15270 14845 5594 3472 14607 34100 24 10281 10774 14603 31355 28941 9615 6382 4627 38105 27281 26791 32453 38977 29091 34264 20591 9155 28300 18878 35293 10903 24327 2057 21665 29983 14559 15064 11882 25812 35918 32200 18756 19713 24095 9504 26868 24660 12469 32066 31257 2090 22289 27959 13107 32205 9879 39371 33497 32649 30029 17187 13234 3768 39393 27248 7773 6222 36861 21526 37752 29008 10238 37290 2179 35762 30817 12358 28529 23182 25742 5830 5728 33473 30890 14114 22096 6554 4755 21036 19182 30980 5238 23950 38072 34035 37021 25920 33269 16784 27734 27284 2001 16137 36414 9832 2859 2974 10709 2989 13467 15387 26167 33566 6730 37146 30488 21712 5334 19146 24122 24873 2457 25254 13193 36234 22706 33441 13320 8743 11322 34994 30692 36961 25949 28656 21334 33339 4697 11992 18662 26401 5616 15141 39740 2500 2268 24432 4865 11777 18016 14790 4867 1902 26762 18469 23860 25799 4871 29607 37699 21105 3381 17563 8852 14387 32106 33570 23204 38357 37066 8240 15171 29385 14102 12979 28391 29240 32036 39172 609 35995 15152 23522 14954 17241 28221 12591 14433
798 456
2615 19602 27854 27443 11278 39451 23186 33854 34282 37446 26961 2926 16122 35039 441 27504 22682 14083 5642 14716 967 2270 25071 3935 14754 23459 17993 20642 19429 26102 27251 13536 26560 18547 30448 31552 20075 603 12186 38457 32010 14691 19125 36094 2357 6442 34907 26006 16185 27651 1234 9097 29192 9987 18229 22611 5694 26787 25905 33322 132 10949 26325 27364 7973 29016 1639 35020 35787 22030 1356 9949 34991 33426 36630 39564 25348 12193 35723 17280 38381 23516 3623 26967 8418 17651 33414 8044 25607 7171 22918 27612 1908 15867 16015 33910 4596 23649 25566 13207 17149 31046 15253 27574 35666 20948 9501 5772 21788 27405 5756 32376 1166 29646 24724 27942 5687 2301 32844 37721 21874 8112 16667 11517 21303 27812 16648 10352 31901 14792 23684 18914 20028 37819 38431 13648 38530 35095 7792 25879 8544 20438 16651 34740 13471 35365 4645 38117 25548 5708 8109 39215 17624 19943 15808 4100 33443 21282 21127 2114 5842 32124 23744 1419 21429 4950 1814 23821 35823 31581 4112 7851 7248 632 3550 657 23211 26745 4935 16741 7268 13574 28885 9635 19595 30100 33639 8523 17949 26092 6826 18311 1959 19596 2684 1026 18227 737 24083 1001 36839 26293 17162 35539 22586 20482 3382 14125 32232 5452 11569 1853 24594 5097 12027 5351 39723 38340 23943 32045 30874 3321 10927 29869 16945 3540 7910 13765 18735 11465 38132 9916 24283 27546 7837 10167 32596 20274 17543 24555 13991 14828 17057 11738 20967 11136 3909 11979 24227 20621 19628 10644 10913 34366 4908 31829 16075 9291 33102 14412 3607 21671 38618 11679 24036 22264 21489 15628 9079 6422 13949 32400 33188 33454 17194 9413 35939 32025 12234 691 14798 19112 8077 13916 23150 6077 27313 7100 37344 7473 16755 37825 14522 4385 31293 23284 36131 38646 20540 16131 16686 12941 9787 35879 12522 38753 32114 17908 28740 18554 36163 2436 29231 11788 7816 25456 9067 29698 22491 22662 11111 4879 22555 38569 22355 19747 22811 13350 32069 28604 28919 19733 38110 22114 14999 24860 19980 4759 22870 29807 5650 31200 764 14883 17467 32081 9818 14793 17545 20326 34332 348 23316 29795 549 12902 18960 32810 16636 10923 28638 19941 7456 31468 14568 17849 23319 22829 4710 31586 34214 31088 26431 436 16559 5535 13337 20148 31173 13803 28924 12945 20431 11766 11124 16496 9444 13875 5902 12431 28904 35236 16498 31500 19110 37118 23759 32252 31248 17388 27701 25833 17875 18935 6989 26749 16252 29810 7418 22293 14285 4503 15379 35677 13176 5928 12988 31849 35013 16839 11167 13182 16499 1221 37658 28404 9251 27157 9723 28977 4391 15843 5921 32147 18490 19725 20971 31960 17380 3420 4004 36622 36629 8572 20124 38543 4393 8555 10762 27471 976 38353 34473 29131 12565 34483
945 430
29057 25378 1651 35077 33370 27456 30744 7536 20370 13998 17374 28815 21073 12504 21487 31785 32517 26573 48 13331 36947 22061 26126 20577 15341 38084 6624 3643 39445 31481 22257 24013 10204 9374 19356 27770 28765 36970 23454 27470 3601 5444 16480 4088 38742 7443 38111 5459 17247 26905 18029 19102 18146 27207 30033 37770 6716 35619 12069 14007 1093 36005 23967 14775 10592 36515 39162 25696 14128 15785 39746 12673 39394 10052 39320 28586 27761 16847 38592 18506 10375 4313 23587 19868 19480 28006 11346 5424 29000 28767 6051 38418 25289 5781 29141 15021 3439 27454 20060 24279 23643 21360 20195 38607 8963 23669 31810 23282 26976 8531 22090 38614 18928 13260 4151 32852 26371 6905 23018 16251 6990 9622 10782 7568 24167 16105 14711 3034 38223 21388 8884 34677 1432 12920 18202 37698 12382 16655 8620 16062 9484 3586 22274 23988 18400 10769 34285 20477 39741 3750 13783 19951 420 35276 28779 10780 22376 11731 13727 4681 13879 19697 18977 6596 30672 33559 37175 16832 34744 7806 226 15374 7165 22939 6904 22245 15513 7886 17715 12695 15269 12804 36138 8513 23380 13972 29105 24306 20958 4104 24765 26320 23424 11673 30397 31019 21546 14104 1209 190 28106 37634 12689 9757 1716 21365 23825 14600 23555 3237 13583 5793 19702 23140 30072 27424 14454 5256 4623 6154 21468 18495 22788 944 11773 22385 33569 12218 16428 15632 9920 33968 10805 14703 37866 37814 58 34340 37278 7202 30638 19903 19454 23426 9604 31994 946 4316 30835 33310 16872 8086 33611 7375 16571 21490 30001 7081 2570 18034 12274 2088 21093 25271 9695 29800 11494 5873 15142 35431 511 10981 8338 29543 16562 5207 36092 8275 12613 31880 28392 5809 29302 788 33696 8665 3792 31565 15770 26921 3362 38693 27260 3412 9431 12725 29890 843 9142 5705 37858 34309 14901 16007 18589 13917 3842 36405 27503 39267 22099 7576 17493 3554 4721 8856 35549 15241 24614 36604 11326 10887 33923 7370 8970 8327 32154 2893 20546 31736 2786 35667 14970 34736 2733 14651 19209 6762 37176 23693 13660 3846 14940 17510 37890 16787 26548 32707 30219 12192 36536 15567 13734 8512 28664 15159 9303 28246 1349 29006 23632 7472 30223 27986 39068 25926 24639 16313 18120 3146 22037 12779 479 3199 4294 27945 28352 33227 4339 825 21353 15878 14713 6618 28093 18312 12653 39682 20164 22625 8956 16715 6233 38293 1341 16656 39047 30048 33131 28403 28984 12520 16593 26422 22469 17092 31214 37788 15361 25680 24319 10117 34880 5945 35426 23728 27468 30085 13762 7540 22681 36755 12843 10759 20282 847 37056 3427 2799 16183
934 444
18208 1275 23957 26178 8317 24369 13890 35855 36779 33685 15181 17941 20530 38370 8657 18711 35314 10588 13526 2272 16403 37032 3468 2738 18434 26856 25067 5536 15050 31475 5980 20871 37934 17322 27822 27153 4396 11486 20056 20353 34662 32784 30006 21305 3299 7209 28648 21183 25346 36400 6879 39326 20394 32759 422 5724 35560 39248 9083 19165 34689 34769 33907 39177 33782 8661 18872 18905 21981 4286 25535 30583 20446 21144 236 5676 7231 20384 38664 2236 26238 4631 22409 22623 17391 22840 10681 19592 29038 38120 32417 2168 34542 4973 27550 6517 4751 33266 2016 28718 7573 29613 9076 34913 7578 9583 32634 23936 21961 38658 21147 14019 34203 1393 21967 20917 29074 23801 10036 12378 35613 25606 17451 8596 35785 20330 24127 9339 12959 31215 28318 4238 6734 32900 4043 29005 11443 14855 5063 26460 17601 4779 32401 26545 20383 29984 30834 25571 30897 29400 37612 29720 2003 36617 31550 21959 7182 3328 37374 9066 32031 14668 37767 24742 9838 16583 31445 8839 10035 25199 30173 28202 18035 23210 5092 4217 19181 14211 20747 12486 32606 20785 16495 20870 6304 10704 26262 1029 33616 23456 25423 37267 39621 19174 10272 16786 28877 18510 31262 34790 14820 30015 6938 12207 22703 2516 16220 34455 19343 5308 7533 28047 19315 15396 22016 8242 35482 6002 33413 33708 19011 21825 5027 31356 27633 8588 17275 6433 1146 19634 22186 7764 35385 3966 33100 13741 9488 35400 3119 29420 26502 17722 3938 28375 23327 38180 22412 29903 19564 14303 25953 12983 33274 887 33140 2206 38927 6370 1865 36200 32052 35322 34095 19835 38859 4494 22613 2603 19960 15982 33945 28378 4662 15885 24521 24615 8791 14717 8444 30586 31561 7716 7646 16174 16754 39178 30841 16511 26510 31825 19514 39585 14520 9286 27429 24341 22230 31337 2406 36593 21653 563 18691 7930 17158 31779 7528 29517 38058 18584 30005 29656 10921 3507 31196 6119 39516 30889 16871 2754 30174 17823 11915 1667 30176 3580 14183 37859 23680 6923 24230 18825 2116 38994 16224 4552 39256 18340 2297 8558 18587 5537 23501 39217 2666 36123 39751 20515 39538 17003 21834 5610 32422 7095 4966 16641 8821 17969 8678 25573 26947 36883 1418 2983 329 12213 16855 13426 34303 35769 5467 4638 29866 34604 1196 11880 20058 14576 9577 30398 12906 9191 15890 39789 31219 19705 5406 20865 9944 20417 5871 6048 3564 27508 15037 12579 18200 29375 23002 4481 7592 32111 27043 16624 31415 19389 33502 37438 10843 14302 30251 14525 17293 24148 17776 18352 5337 26799 34494 36736 31003 7079 33519 3334 21230 35083 33206 22821 29405 2428 126 25640 28952 27070 3939 25414 26558 30298 38733 32894 24121 18734 31429 26541
532 457
6417 5093 19212 16343 10213 28519 23472 908 9235 26702 32500 27729 12622 18293 8894 8810 14424 21306 9045 12401 14287 28237 12601 26065 5000 6405 22529 23248 31816 6548 26618 7639 27047 821 39459 8271 838 27760 2278 4774 15474 27892 34171 28359 17296 22516 29494 38338 9386 21263 20286 25005 32182 38000 14349 5791 1661 28693 30876 3522 19543 3473 34046 15831 5166 1907 18578 28553 39675 31488 13458 1504 17682 15732 10387 24828 23773 11909 6475 23326 28433 33050 18799 27034 37847 2053 11601 15359 17979 13246 5359 3043 4079 35341 2149 24856 21335 29188 21348 18329 4702 19701 24513 34301 21527 17301 22657 13123 3227 5441 28501 17047 15257 28381 2184 25609 1615 1758 32320 33777 35279 25943 9833 18757 17271 12097 10288 22612 23247 30310 23492 26945 39687 39041 38190 26559 21182 28099 36562 27636 4222 31297 19095 23343 8522 8453 4764 25667 13656 3371 11372 35621 550 38764 37406 6242 18931 6032 32831 28152 34437 1052 23554 7705 6759 37517 3281 4347 35451 10490 35149 29156 25251 5648 30960 4081 36579 33848 38453 30949 5195 35135 1596 24759 5461 5422 13941 1740 16944 14465 22363 7501 13937 15467 15761 7360 32345 5699 39656 20819 30779 25256 12324 34534 32463 26551 19979 20391 30102 27287 19062 28066 39365 29516 38865 28506 30664 26994 608 16906 17533 37466 8840 8865 10925 1824 14551 38123 34357 35536 16292 6356 15644 23873 20129 4255 7449 33394 35343 8179 24199 32767 13330 4412 2804 338 4513 8859 11302 21407 28639 35738 31507 13277 32944 12238 3528 22907 27687 19414 32546 30500 26699 9591 25853 19013 2317 32869 17920 24217 1914 8919 18425 38489 29395 28342 22948 22661 1372 12083 25670 6484 17532 29 23758 6669 28585 16792 27087 3024 35934 27445 5670 37731 20311 28440 12313 5214 29664 13621 19635 29580 24092 9602 20349 3138 4962 7632 24755 18085 36084 2192 16702 32197 12061 24260 8569 7780 1227 27482 11049 24504 33674 7241 13417 8663 4841 34552 3983 38879 11709 34731 8233 19370 36152 31939 20318 6672 22448 26494 9634 32070 25194 25961 23944 37209 4049 29303 9904 33089 28369 28074 33517 36197 10355 25543 29966 23072 22052 14422 31033 28037 21602 9314 16643 32720 1829 22723 22420 11422 711 11924 39148 5430 39392 31270 13037 9346 6064 19459 21405 25774 5852 24728 36575 28471 16837 38026 29172 29052 6964 37229 36613 10220 34580 3904 7854 13374 10527 3922 39143 24185 13030 25146 29110 1066 19845 37792 35263 35626 15691 27011 32925 35799 29125 19822 32880 5707 21363 10348 30080 1827 4600 4308 11373 2212 3216 11007 14757 21204 26106 25492 33290 27196 15601 8980 19109 27351 19 10598 23318 12849 8251 33723 21213 32587 23159 25500 5725 12334 757 11451 21523 33595 7937 24276 31216
347 425
20990 16052 8287 17370 2757 8236 35695 33757 31198 21313 10151 1930 12159 25727 12478 19698 38138 9279 23134 34878 37796 739 6777 6322 29382 27962 3716 837 15682 8683 14189 30875 11879 28657 368 3821 2930 8285 6704 26115 30071 33558 13650 23304 29001 12466 6617 18051 3191 1493 21440 23100 33210 7833 9307 6462 15553 26959 32086 25452 20611 21070 15469 17225 31205 27575 24100 14676 29904 4155 32843 3737 31907 38224 6201 28144 4889 10268 19189 4796 26688 19308 31210 30504 3046 17436 19537 38812 18500 34691 23473 17336 5887 6043 35117 26497 35664 24454 35193 16381 8958 3174 35882 11872 22413 6569 30043 14745 17329 15438 4782 12830 35593 2069 26120 36067 11004 2467 12596 30821 3330 1887 26580 24350 23422 31873 35055 33979 36924 3530 9625 28405 36261 32497 15426 33586 28383 22215 4041 32328 31170 13586 19468 26015 36224 38134 17873 25899 5528 9024 32196 9803 25436 24040 21811 14779 8022 4633 30547 12269 7729 13332 31641 9955 34312 16001 3887 35527 19295 25716 33261 2482 18325 28569 31477 3990 21648 31603 28595 4061 28600 17104 17938 5588 24863 5533 31725 10174 39510 3544 1394 4714 19512 23365 17349 26750 14957 34480 14545 33024 19397 33461 10087 5688 9876 2600 30518 25360 37627 16081 34606 16038 11414 425 14821 11570 9082 25397 27618 2971 32643 14794 8114 18172 25278 39804 5932 34277 20374 8167 21817 39222 24826 31577 37 18169 36884 13550 619 17317 26088 11283 29919 565 33865 36738 2889 34335 17253 4560 487 17506 20570 19927 25822 26173 27138 19482 28505 21814 26168 31453 11393 5028 18882 3874 30133 3989 23769 9578 33158 34942 23086 33340 20595 20956 18192 22820 4944 29329 8434 17226 11476 16043 2128 10154 35574 16189 10164 25266 19948 21264 34468 32282 23901 11180 38555 12360 10335 30601 16770 21767 19558 28971 37642 38467 35146 14708 34572 12884 12774 34504 4023 22495 29179 21159 24753 31097 37678 8210 25798 21932 39572 32519 18104 8487 32189 9340 21346 31312 4874 1984 31435 33320 30619 76 5485 26374 39669 2729 24696 24587 2235 16866 17798 12882 26612 33780 10518 23892 22859 27673 24191 38459 10855 33912 9759 9152 1648 22387 7072 8648 30825 29668 24329 22573 19667 37649 31454 516 19303 36026 32094 38037 1766 15192 29851 6684 26222 32728 19431 4929 19947 31083 35318 38042 21083 28002 24238 35402 8436 11198 38029 13841 23366 6489 8257 854 19158 38932 36952 14366 35421 14805 8187 38017 24442 9116 31313 38585 14814 2586 13632 10538 12306 1721 18119 26259 15514 17068 37279 29537 29590 35238 18059
522 421
11722 37464 26533 37187 20598 5697 7050 26477 17287 17331 32018 20257 38041 39118 7451 12701 22622 20295 16647 34989 15652 33587 19089 29377 15156 23271 14583 8134 19981 12571 3770 14119 151 28347 6543 29182 28408 7570 31703 6312 21078 7046 36377 10431 33785 24271 32051 13635 19068 5072 26670 23382 38500 21852 25303 34512 31233 26063 18748 6776 28836 36987 10193 29496 7194 19695 16040 4822 26225 9941 212 29676 23675 6514 20953 10528 3726 38448 31258 23397 37416 6042 235 17957 4399 25396 5415 33006 3361 5057 17903 29556 33360 24140 17061 8222 29210 2286 35170 23245 7611 23644 5975 22132 39050 4911 7575 13051 16115 33061 36543 18550 22159 3603 31517 8503 28443 33885 39300 18997 37650 125 12892 14596 5434 3506 492 5721 14846 33946 33112 4033 35208 28387 32929 33416 11019 24158 4825 14512 35862 3365 15736 21003 9942 8388 4680 5849 20233 7735 33398 39453 30489 16549 25126 36273 29190 9524 8003 27140 1054 36021 28781 14193 39526 15898 39786 12241 20728 3207 18708 19915 1061 30462 24344 3036 24631 3700 36207 26436 8209 34463 24359 17397 2386 8254 27917 8438 14904 30560 12646 33808 33658 22755 33831 11188 23009 29959 33730 37413 38407 17549 19610 13348 31617 20314 32651 30635 9334 9048 11881 37988 6691 16114 29191 16978 27229 5124 27392 38286 34372 474 19032 17469 32389 24840 11621 35140 8383 34429 8407 9313 38513 32359 26579 31599 37596 27627 39228 15670 13460 9648 10246 586 17688 3292 39588 12876 8969 6207 26377 36959 24688 37139 35284 27381 15788 6755 24942 38172 6720 13477 34787 27611 37303 34602 18407 25764 16509 7185 36628 22543 29449 31642 22026 35671 38103 4536 29951 22449 27983 14658 2534 15481 38762 39759 11089 9064 11989 29021 22171 3416 13664 4802 25167 20350 3807 21992 22822 2480 18702 22964 37811 13240 17425 34101 11995 9533 8040 2598 17427 6321 6135 27879 9009 200 7041 15596 14653 37150 28751 14787 37325 14850 36943 33231 37462 29372 29553 11862 7785 19467 9880 18022 11377 5136 23656 11328 34113 34393 13590 28775 39031 37097 6261 17569 2770 18484 7102 12070 11036 1441 30253 12610 10131 20589 29856 26606 31851 5655 13062 36512 27498 24044 38071 7148 7635 5763 14035 20234 24393 4330 31971 18972 23135 37373 869 24526 4227 27984 18704 39710 24584 15093 26151 23265 2419 24414 13147 33335 10844 1873 32004 17494 38574 5213 38422 29627 30421 8014 36267 12595 21284 23346 28314 28807 27808 13111 7514 20895 18904 22617 39432 27452 24882 13891 1243 24940 25350 11013 18974
684 402
25218 29528 25591 37329 24966 11829 5811 28905 25544 3730 38481 32913 2579 10721 3693 13708 22600 38222 25750 3552 23806 31091 31301 17025 22271 19746 29651 12169 1966 10784 24551 16882 17701 18255 4064 17002 13025 22322 33073 27828 16611 20306 21143 20243 23274 4128 14842 29938 17591 13796 19347 27873 16399 35714 19880 25355 1279 13888 34019 4205 34804 37211 16914 4315 4002 24904 34026 21467 30923 17461 27561 142 2812 3212 35370 29643 21822 4406 22941 15298 13461 14540 31600 5603 38766 7117 3185 30067 14395 27642 23066 956 36637 14770 11440 28216 35384 10758 18616 4246 20496 7350 20605 4479 18096 22324 33305 8878 28737 3778 22008 24919 8601 36723 26957 14029 36253 13019 10276 11335 16545 7715 13730 33533 26722 38510 5591 239 7040 20713 890 5886 8892 36231 36879 36186 25016 18962 22574 6248 25673 26324 12975 5872 37256 11415 11031 9573 38998 27283 12586 5608 30057 13861 27801 11514 9247 7553 25724 16758 30685 1264 19753 27750 26345 18668 24104 29690 24035 34490 32112 8084 19230 17592 18761 8747 9365 15040 32937 8106 12268 18408 27135 17921 1523 447 178 4992 31659 16376 15497 30429 28146 8128 1108 33049 27403 14071 38149 21970 16669 25135 10326 19574 21428 17604 7107 28297 28782 30613 9207 27209 35727 7800 21208 8365 32987 13302 6813 4548 39647 3276 36174 428 7303 19660 35832 2596 34720 21878 36544 23934 18940 7022 5255 8680 4972 30119 39474 16875 23370 23869 33192 5177 5202 13048 10049 14086 8189 2279 29483 24816 36416 16276 10053 27436 9870 17736 37773 26384 27531 28542 18142 32024 17926 17065 38437 33914 21356 31727 4786 14249 22496 11974 14274 37841 19001 26469 1622 5432 28468 17163 5276 5851 27433 29532 20457 28068 29241 28123 32005 22187 15490 19192 6136 24850 33719 7393 21269 25801 12028 5109 23872 39339 14244 7044 11933 21297 36810 23415 31610 8730 2519 30211 23064 13631 15655 39582 27982 28636 8328 30167 25250 37715 23119 13104 19091 35694 14974 38238 17093 16735 33047 14962 29225 5808 28212 28976 28708 28514 28896 5538 32777 26966 39009 36836 17590 30823 27417 13476 11208 8296 29099 24037 31408 2102 297 13683 12173 5264 22325 65 30052 11874 21778 2749 29136 39272 1516 24804 22843 14115 7484 4903 36845 38803 5286 23796 1955 9564 9478 16771 2902 21104 34466 15172 33074 11342 39144 24762 19874 17344 29837 904 6529 9641 10463 17111 14049 3638 38642 12910
512 413
25003 2434 38810 17059 10809 18768 12769 29914 8370 30721 7637 1781 506 12623 2462 31866 4450 26118 3795 24905 30415 35705 21420 20873 22172 22763 17794 16843 35297 3447 22046 31058 38552 3348 18326 25439 6700 2612 21855 36298 13750 6008 37749 17326 37626 5158 12133 1718 16188 39738 27241 32383 3988 30526 19207 7819 7093 31564 22004 28685 17928 33931 38496 11786 11776 38446 27933 17814 38200 38156 10650 28859 18394 3794 23689 10168 31345 21863 29766 9331 37809 2708 8492 587 19650 2065 13484 20004 39495 27192 30222 31399 16184 19311 2624 17294 15226 19328 270 13272 1514 34982 29012 3509 28333 29495 23890 20805 37249 8667 33351 30461 8725 27084 4532 2941 31436 38309 15605 18318 35789 1868 18008 31061 20745 34904 17179 37604 9593 19799 15832 20835 38563 13511 1889 24543 18130 31635 8748 13481 35640 33664 35486 13633 3457 5192 14781 5279 14867 15080 24734 5944 22229 853 7623 12249 35275 35874 15711 7858 21745 6693 19458 26339 26152 37878 32863 35938 24308 4411 24605 38480 1584 6999 7010 23791 3878 5053 36188 30084 3871 35910 2161 4092 29084 28295 5031 26218 11365 28683 120 34733 38429 21971 3443 4617 27321 9056 7748 20073 26908 6172 30247 19700 24494 5573 18302 24637 17619 16026 3558 39653 11938 31405 2857 4781 11026 38306 1303 2341 29789 37369 27832 27935 34474 6728 22111 16163 12386 15784 39542 39700 16231 35665 17653 4850 25197 17231 2847 34937 1754 27958 31213 4279 33606 747 37314 21160 8912 8536 27218 34610 28355 7097 13161 14329 31009 8277 27798 24000 33247 67 1847 19550 21375 19369 18320 32942 23320 30774 27699 14878 37853 28179 12209 760 14958 30913 3516 35292 8261 27748 11022 37059 37317 17459 29011 32915 18285 3702 39054 35507 9835 8060 7493 24768 16756 9173 16856 1646 5755 9675 15290 31017 10398 1136 24377 3242 25809 26226 32874 24731 19411 1805 24914 14968 35029 9979 7463 19899 31547 26179 32308 5239 23417 30395 27023 7364 9784 20271 28059 33198 2510 14353 8104 25756 12182 12307 37852 18439 30463 7922 4114 39574 28048 25622 15640 11686 17492 9831 3195 32227 19252 13083 17097 35637 6132 32830 19491 16345 2460 1544 16048 19757 1437 11321 22919 30229 31271 27537 30004 30865 8662 23278 33263 7146 18072 34314 8901 23469 33581 31402 33503 7181 18608 8700 504 9385 4005 37358 6228 11479 25219 32895 26487 15332 2039 19119 8688 8201 10625 24698 25444 3751 32310 11425 7254 34320 7361 16482 31840 28533 10917
1071 382
38669 29033 18404 37567 21259 845 705 31682 36399 39355 23364 4358 11348 30478 36968 22590 2731 36783 7976 30884 14542 23393 2263 14539 19382 30338 16708 31020 10096 6865 30221 21178 2696 22425 17992 8822 23893 24547 10634 16604 453 6773 29912 915 3605 1084 24629 2038 12816 24562 32883 18739 31639 5620 29042 15649 16153 1976 3414 38477 19680 11194 22740 4718 28108 19439 13402 18107 39750 22444 32725 19798 7101 12794 28816 10245 5967 50 31948 39060 17637 6887 34430 37262 2641 21868 18631 2229 35981 17958 22268 284 9141 29962 924 14374 22386 3946 31240 7766 13049 34423 16681 24948 916 12052 34033 12073 28136 5765 4837 27838 15338 1954 19008 15855 34261 978 29276 20940 13815 776 27881 32143 6419 17203 14058 32540 20766 23710 37284 19945 14893 6124 8974 31478 3239 13763 26782 27316 32127 3927 37034 10969 31491 20691 2669 10498 16963 15960 6928 30857 32961 13411 37783 29955 27042 34133 4926 25627 18881 19802 11438 17797 10604 9958 2792 15145 39658 1241 26604 12387 12003 23510 18971 16068 36789 31616 20651 24801 29233 36019 29815 2445 38525 31579 4378 22087 114 11845 27690 14591 21720 38027 32515 35506 34058 36889 14933 22012 23921 19283 9133 9003 19075 23390 4164 7108 700 4429 75 851 24652 25870 21815 26855 5476 8119 11891 29558 2166 37305 28719 25813 17371 25320 5890 13068 5390 17101 10187 20821 22726 10323 29534 9671 36140 6955 6183 10346 15838 14464 36770 34827 25584 18755 30362 4133 24385 4968 31981 12783 13958 9171 1994 9222 16390 1032 27420 32597 27899 38162 22975 25351 21775 10492 21622 38113 9194 1589 15934 796 20469 1699 1487 5297 5789 304 25741 26009 29608 17328 12275 1172 13698 6260 23315 39684 35721 29308 1100 2432 8609 19794 31636 26031 1915 12554 7057 6000 31888 3256 5845 3933 21800 25364 37300 25857 27713 18998 26603 11937 15988 37115 38326 18316 30075 21077 36099 16225 31765 9227 626 3559 3683 8823 7758 24507 24141 4558 489 636 16412 34388 16584 14232 533 24396 32087 19320 29522 4242 5530 38508 20857 2204 24985 11398 15137 30617 34249 26041 3777 31796 13806 26920 25728 24403 19352 22884 27303 24126 34493 21028 11996 20128 11050 15517 18590 6723 3953 22123 4545 5084 1883 34700 21068 10841 15096 24356 8216 16534
965 384
16142 38697 12214 7511 13931 19618 1163 26649 3934 9544 2009 37706 11806 6861 19923 419 14874 24031 13222 33064 2970 20858 2831 33751 14521 33724 824 6211 20150 33928 23205 31817 24475 16853 27106 13709 28887 34083 27242 38791 11434 38940 7795 7366 12436 8472 23926 5625 9121 19128 26159 35445 30400 11833 24598 13816 19475 30446 17167 15299 10976 22072 38889 14440 22483 22651 32184 13166 10081 39158 17030 17118 8949 11658 4216 6101 35336 22565 7754 38373 4830 16100 2291 29087 34598 27902 38911 3812 23221 15852 10941 27830 33825 2492 10836 4234 8501 8625 10929 4363 9435 19022 30357 5335 30123 35437 36301 37420 16426 11126 6748 37851 5114 3791 265 30550 9722 37232 31906 8229 12852 30950 34559 2356 38374 22653 9933 25804 21197 10500 38741 20510 19440 35606 22263 39816 14663 12197 36459 2115 11481 8353 4050 4658 5234 8918 22655 7045 33940 25823 16093 512 7323 39395 30608 1173 13378 36480 19774 5815 23949 5421 7836 25486 10255 23494 27758 26714 17988 27336 14479 38221 332 1751 24297 39337 310 38698 24602 38077 17947 36643 31548 18017 7944 37562 7665 36749 6381 6642 7092 24267 27556 21079 22287 33732 12761 24188 7895 2647 20680 10788 22630 31649 4700 5515 21891 1050 16120 12914 25107 223 15894 23768 2433 10943 31153 96 1183 14589 23504 32349 36452 476 33154 2075 39438 11499 38311 30934 856 13914 27554 32972 32544 1064 3479 19496 13333 27382 2947 30408 25395 36043 5818 29166 7392 4289 17297 852 4236 29992 9304 17313 24968 11025 32829 12915 122 20123 3170 3752 11508 11645 34094 38363 31364 31834 17465 16529 38890 26790 19814 13420 28414 23394 38282 31074 5138 29621 9285 23172 959 12475 38902 26875 17646 16803 22308 22810 17578 15082 21094 36949 23521 8375 25795 27385 14916 25 35820 30122 25639 27234 15375 19267 27835 34431 38609 17719 36960 6174 21124 31739 13820 14986 9098 15689 37910 29103 5006 29929 28918 10224 17902 9721 694 595 6387 15627 17365 27855 19348 39485 32745 18127 13822 26064 12227 35450 6147 13724 19500 35027 20574 10653 9353 15188 39282 32721 4441 29211 22793 23894 8455 30699 29086 38968 8132 36242 26026 27821 22228 39344 3411 16138 9867 34908 36255 13954 4610 9755 38152 8861 20554 37488 15193 16997 29146 31915 15329 39234 16633 14406
676 376
39604 8917 34216 39662 29465 35185 32216 15418 20264 4053 21569 18582 9176 37352 1647 33336 7586 34454 17880 21975 23862 10006 9608 20684 28473 30113 10324 1952 27312 35096 16737 9004 1877 6493 10315 20208 8751 18513 53 7870 8392 20813 3270 23958 33986 817 19088 14952 16245 31159 10711 18424 23696 7744 27906 39639 15057 35225 2244 13860 21029 37281 1535 23333 35018 26302 4914 7855 35892 8124 6349 16886 8773 36926 9153 12801 34159 16724 33868 7386 5370 5240 26164 31085 37079 19231 32164 7588 36667 25212 31683 17102 34508 18283 16094 11887 9970 22401 9572 39291 1506 36322 39133 4120 6562 24211 22028 30753 9963 21145 27582 7123 9815 25247 2881 19805 15494 6021 38121 7458 27150 18877 7091 34890 16738 12640 16530 12648 34153 10638 19909 7084 23306 14040 16740 31845 32950 34973 5316 5512 36857 18614 33585 22050 32525 39531 13573 36724 19708 13328 21951 17095 8560 35242 17026 15549 6197 1195 20977 37951 29539 10385 37810 9106 13549 32166 38974 15653 34695 36663 14407 11677 14133 34884 4958 21476 34172 34998 32507 8727 29587 31846 17782 1576 25959 29392 12298 26459 17211 22282 36337 21774 6858 4636 12187 3803 38852 2839 27790 35686 34464 28000 12503 23296 3925 10453 32291 10433 36075 26703 11306 25498 32019 6353 27583 5824 3250 12733 37430 39364 39103 26489 21170 16566 29905 21976 32272 945 30610 108 4086 17172 1813 7309 2401 26624 35138 10986 6181 1401 30160 5462 8038 15483 6808 29878 36292 18717 28370 22108 910 34513 22809 38088 10495 21907 1297 25337 36731 11624 34059 27390 22346 29813 26292 19931 29286 30726 35142 7167 25052 83 4276 20741 31228 36134 24303 6995 12397 17985 33420 724 25304 9745 18176 13908 29863 5546 13110 1346 8872 27161 20834 9396 1429 19906 6438 31531 20714 36648 24813 10741 12462 9465 19863 20170 1577 6576 37918 12425 39073 32199 1745 22196 5534 773 10728 3091 26554 3342 38439 14483 16091 20729 6937 1203 30677 1495 28070 26148 28624 14566 2224 16199 30497 18524 14317 25118 36422 28680 26982 39343 37690 3845 38590 11505 14526 11417 11093 15994 926 33714 8967 24221 7733 18403 18044 25993 4080 11226 10959 13757 34823 24430 7818 11703 14643 31694 13326 13786 4954 21909 30358 30007 19614 2488
599 362
26971 16334 12215 8494 6843 10321 8415 21137 13013 37087 22796 25868 24425 36072 10436 23997 16201 28570 23677 29541 7852 12789 8130 26529 13830 18118 24752 30637 19127 11088 31128 18401 26450 10121 32176 15714 20744 15087 25006 18353 2210 20137 39792 8246 38722 31465 26619 9228 1141 34565 7113 3389 36372 4401 16254 24441 13097 30927 29900 19082 29249 17150 27062 7826 7640 28232 6152 3232 28950 6610 22546 23560 9316 22904 34295 24209 25398 35778 6530 7544 9520 7534 14791 32438 10523 13962 37382 33531 17665 13453 11390 3385 35433 14277 6783 32080 5281 39424 29487 9157 31758 36333 26626 31607 26962 37149 20696 37184 4367 26500 8769 24613 12893 23019 34940 27772 23785 12643 19433 38703 1679 21281 477 34324 10656 11135 1403 16751 25162 38986 22306 12946 6244 22053 17432 22598 23486 20875 39555 16487 17633 35958 3295 1779 27553 6366 32255 29682 3649 17666 3630 34751 19318 8178 14362 25455 27905 15143 15106 13551 9512 8792 10858 6272 38786 22189 9075 18386 4792 33622 22029 18832 535 22085 16943 29876 10411 24203 34462 35126 17319 15532 21795 7249 24902 19443 29886 3387 5658 12350 14068 2979 32703 16874 524 37945 26195 25778 4853 17936 1009 37016 25419 35577 33487 4650 26954 38706 4649 24785 7811 35281 2296 12419 37863 37035 16362 36153 34415 28522 37113 33717 14644 1188 18815 32246 39782 29063 27869 7878 25834 31084 22790 2479 3322 34658 32273 3236 3022 24389 32542 20245 26597 2766 29843 24190 39101 5228 9811 22940 23090 33884 6681 14448 12709 22736 18367 357 22424 39189 8508 22902 18613 35937 30490 34811 32680 23519 18874 9801 23699 3982 29604 37666 303 31217 25217 2216 27379 29489 32959 33256 27240 2242 22807 9960 14861 32410 7341 31890 14511 13218 18988 24018 22032 36257 7404 14027 261 1960 16243 20947 11748 18128 16461 20916 3823 6594 30860 28856 25178 10152 18103 4068 7727 4045 6721 3614 27647 30703 8635 5208 29075 20749 2962 604 28247 11566 35926 2288 27128 9232 22847 24398 22930 15100 27259 37297 32000 6520 20116 15884 12865 10516 9739 27566 9326 25518 34099 19061 27853 28214 37840 45 21538 26455 11138 10064 30776 26110 177 23091
306 355
23331 30535 4392 10602 22243 38148 18794 11774 35731 3134 11859 5079 12451 5531 4690 22161 19248 8336 12222 35608 15927 21620 5011 15405 12741 31997 37757 30063 6471 31588 39227 33983 4561 2226 24168 37131 105 7109 13877 5349 25925 3150 14601 14441 25165 20645 21744 6345 12561 4273 38253 17737 21593 39017 18621 34313 6825 37937 35105 18628 26550 4624 16685 3709 22903 28227 18150 15625 647 25808 7770 2130 16678 15182 5644 8214 20882 21362 3069 28824 10001 8152 246 12729 9672 15918 7949 21492 35997 29315 21793 39824 26839 31566 37049 15305 15571 29836 23683 18322 3542 27079 24313 23541 3940 12856 6287 37124 26778 3452 11683 34356 9607 24263 37946 24152 3633 9466 20804 38201 32433 31473 31621 8870 10110 35796 28420 35983 29624 14352 5686 20325 22266 37025 14012 23877 11187 23481 6319 9278 963 24071 16503 1660 22897 31068 35372 27419 34341 9028 16663 33307 18892 28616 16228 13198 34863 34201 37586 646 30850 37076 12712 11525 21191 14477 21102 23053 9779 22136 20538 3815 8936 15079 29374 21187 8599 6793 31671 9002 14336 28957 6641 17662 16674 30827 36384 20081 32947 31202 36126 28132 21115 6756 26992 1229 4174 21123 7110 12 7654 37112 8160 39575 30372 19515 2687 5950 25842 12683 15728 5520 10333 35060 8413 18032 7187 14669 32779 15348 22360 23041 13415 689 28133 19301 30866 448 353 33 1927 12772 27697 25862 25962 13547 24969 11055 11759 10302 13487 31910 36396 22384 4549 36769 3288 1399 32715 39766 29639 1843 21285 8158 35615 21760 8752 25734 7865 13624 33846 9025 1073 21871 8054 20378 34 3857 30548 27898 27595 24179 11490 13439 36029 13423 37728 19688 7804 5577 28828 26656 5269 1670 25647 630 9554 16360 26087 30702 32394 16259 17932 39528 14215 5051 26894 34378 12253 8813 29317 13605 14786 32850 16060 29961 15175 9433 6411 2764 2211 11153 33151 10307 9551 3906 18622 26079 38379 34020 17724 27130 9812 30437 9882 2387 12308 13566 26922 187 36327 9177 34283 1815 35323 1655 7462 17770 38005 29650 30380 31895 9917 35217 12091 5784 24523 31207 11529 554 12390 23674 15870 15094 2939
452 334
28853 15648 21495 20187 35258 21098 18912 21956 25882 3606 36119 25083 20030 38395 855 6970 26170 1550 7723 661 20593 35692 17862 5592 16386 23730 13358 27326 8206 2582 5738 36093 36034 24084 38602 12211 20226 2827 2529 5657 10227 22972 30225 30494 361 23262 15493 27400 10703 6186 742 24239 30616 39164 18769 31572 29128 38695 29185 32059 1199 10851 5060 10960 17868 26132 8314 10753 20764 10115 22481 35054 18632 33624 21277 38531 12924 28291 7861 26853 113 600 38493 1653 37845 15213 15511 29399 11456 13258 2730 13194 31789 36551 24443 24757 35912 29559 32360 33270 7956 30804 35776 38177 4427 9412 7481 6188 18942 26636 12106 31280 7383 10044 35594 16999 6431 21943 31157 1083 8786 2253 1415 1831 36425 19371 28682 23378 18933 17471 3773 39208 36008 19453 8721 11282 27904 14911 31691 19531 2349 31363 38755 25740 12819 2438 15991 36282 37667 27539 38136 27291 7945 5972 6902 29366 39005 12095 1217 24069 6789 26869 24533 14572 8002 31650 1776 37964 60 11567 9012 18529 16014 37765 26468 23123 33614 21406 13717 27182 39514 18902 19499 1764 7080 269 26755 32675 23660 31428 16162 22307 22128 28438 11541 32030 29409 25224 36007 35569 4303 3088 15408 8193 251 38025 30401 1652 18413 38218 10863 6267 5010 33944 4569 22173 11664 30979 10309 22457 12092 35002 12244 18486 16385 19772 27095 2015 28374 28018 17727 9398 1168 33892 5007 31427 26369 11115 33350 17126 6158 893 6404 4203 21604 11178 38423 35518 33527 17173 32230 8368 31946 3310 37234 12271 6432 8059 26892 23375 26672 27317 18094 7587 30344 34350 35295 34363 27098 2295 37261 28249 18957 15593 11144 23824 16302 21870 26335 31993 27311 25568 2294 33538 17384 9306 16698 35516 6091 33628 11702 33460 39221 20760 28874 2435 33357 18240 628 5677 19832 23323 23356 21273 16456 23392 17308 24492 15404 28955 24922 9063 38427 1319 4020 39128 7233 15227 20892 20057 12477 7219 24323 23908 16956 15990 27921 16507 13228 11669 4660 28134 12194 3331
702 345
36668 17216 35595 3391 14234 16273 37008 10905 7000 2010 21316 34281 23 6437 18774 8360 10820 12240 2619 26246 17893 21274 7061 15917 6106 27715 1583 31325 34299 9894 32062 25977 3297 11718 15187 2704 31706 20703 12006 39784 22452 35046 31750 14256 37467 21376 21837 34345 38763 24628 20534 35041 296 7835 37296 15677 21150 31484 25313 32369 38640 11255 13148 4038 37012 5405 27206 37591 10091 34898 23285 27144 10080 1212 18809 1545 21872 3490 790 4361 33095 18773 18544 35687 25523 30570 19471 1018 12943 9982 27525 31909 2950 4614 18430 25281 27104 32073 24583 18908 7789 26648 6874 9502 22733 36941 38092 5739 13760 26149 32342 34954 20687 28189 32293 2423 15459 20912 30480 14066 2828 26861 31731 10141 10345 17156 22467 13589 39294 36320 22532 24994 34294 22515 19223 22145 36958 20179 37199 20898 23515 31150 28700 16031 710 21542 35069 614 36972 29933 104 38091 4037 9213 27782 4253 13212 2201 29626 10514 28644 15863 38096 12627 23923 16140 20484 36841 13842 28095 31314 30933 31742 30428 34210 13215 37906 35283 33180 10338 38900 34833 9175 5481 3086 32842 29663 34003 584 10306 21544 21535 38545 9188 7554 10157 27067 35707 31680 37064 28926 30580 36427 6347 29499 4333 35453 36054 6731 13856 12967 13681 35094 22937 28228 1230 24729 24098 5587 32456 25838 19938 2923 1320 396 4099 36071 6271 31059 22523 33659 17269 2131 31360 2330 17081 5224 31406 19465 31127 8732 13922 28175 33550 2813 38269 2496 23171 20665 14851 28646 33666 18736 33440 20631 35480 1420 25307 21256 30795 22887 19168 28962 31104 11421 29032 31620 4525 13325 16921 2358 15315 13117 11577 15529 16128 31373 7970 14758 6348 32266 38308 86 32690 17786 14233 27625 14070 4815 35352 11271 35639 3351 18073 19651 30879 4271 28193 772 33843 36807 5518 2104 17553 30930 37747 8342 19023 30882 21990 1348 11772 16468 32911 25306 14866 5436 21615 20249 35079 36291 35439 28284 3942 13101 22197 30769 18245 8830 5045 13579 38560 17426 32619 8511 37322 27097 34315 7642 6298 36447 1164 16119 23381 19474
82 351
6559 27586 18436 27815 9569 2221 19994 37415 34752 19176 14899 514 10648 26941 10724 13980 34791 33693 36185 4072 28379 37442 536 9269 32055 20448 6375 2646 12122 25575 24137 30413 36217 29704 22742 3200 18982 17258 37030 19590 2153 20104 39497 23436 30440 16347 26447 5965 32555 13341 35780 11662 3617 15015 33016 16042 12861 36934 9605 20207 34711 828 35798 19557 5841 15400 24799 28096 4905 14518 26675 33759 4982 11419 36387 18031 17901 6038 36378 36816 25669 28619 32427 8524 1302 28643 9507 26177 4211 24870 12137 1467 7580 22818 31298 15907 22826 3955 38276 23339 8944 26207 29462 33737 4521 30895 39638 16665 29754 31762 23443 11078 28272 14930 14432 10577 21722 31878 26820 4695 11952 8611 32090 37050 1901 39046 2741 37388 28368 7742 21480 12696 38823 17213 33764 34799 24278 26726 23389 3914 29219 21486 20699 2791 19276 32976 37468 19737 20585 28734 28143 25410 35061 12057 25576 11315 12252 38159 3223 31516 25438 25854 7900 11625 20429 25454 413 17274 14052 10771 2248 10881 5382 33361 33963 39261 17245 10739 23767 38389 15313 30365 25628 2306 1071 33070 2802 14880 1010 9394 9679 14742 26710 3997 32551 22677 17551 31080 19313 1017 37255 37422 13385 24707 15463 27268 14358 11371 33819 2616 14298 10365 8659 19978 36294 2403 9854 23458 12392 39566 12175 38952 18106 36112 19626 38771 4252 3898 22370 17742 24169 31934 27833 27493 17085 27639 9486 17504 23400 20616 20139 35043 14420 21572 29145 17845 27391 25203 7024 25056 21163 25982 17593 21210 22344 26984 27678 5377 10643 5472 28466 35414 30447 27360 24608 20755 32108 29940 38831 16393 20641 31064 8488 1408 19050 17747 4564 31821 30553 19603 4985 3235 24748 31175 9877 10408 29649 32315 8940 4200 33794 4365 24887 35053 6958 36497 22106 5248 34889 31354 1069 2920 14296 19852 22551 19444 4498 36472 2760 25379 5821 34126 22774 36956 1924 38586 31430 31021 35567 302 35521 27123 14487 7406 24354 37101 2329 35161 26359 8490 8166 24264 34851 7176 15650 10749 20379 17265 4257 12014 19388 12312 29115 16957 19485 35828 13393 5552 15265 23121 21790
1042 366
38588 19662 31464 34661 35943 38969 783 34336 6677 27446 30614 7745 37393 27398 32151 20201 3154 11977 3827 30844 5806 29524 30196 32971 13832 6597 32786 993 617 5247 699 23038 29412 384 39064 8927 11826 107 28833 16237 33579 37769 38205 4194 35222 33920 31508 22340 16436 4387 29258 30045 34638 27434 6781 33943 15280 8031 10607 16955 19460 34714 20436 3394 23379 18274 31115 9767 1498 9038 32568 36703 26318 6606 6455 23432 24043 35085 22614 20376 28160 18467 19542 15854 24907 31899 1497 18204 32201 24439 3079 7515 31419 22300 32820 30061 28665 732 10114 39696 28101 2258 17439 17446 19498 13899 17805 7885 28556 2899 34408 19789 5826 38090 2560 33144 14685 13247 15322 15154 18243 35802 36270 4953 3379 17982 36732 30425 2029 5615 30603 10085 15001 19580 29680 31874 11611 13615 29229 28454 4639 39475 27919 19201 39372 29685 21624 39275 14236 23088 10772 21680 32354 23839 4540 1369 1893 38673 17228 33985 29352 21875 9128 36015 4635 23185 21154 11921 10857 6645 32849 25368 12598 18233 15029 33179 35152 25321 37048 19810 32276 30523 5931 17470 36757 31290 17825 11629 2444 9900 9377 12732 11572 35498 14106 1574 36654 19890 15953 11086 25586 6580 10750 1917 979 14328 864 4582 15987 34563 20797 22728 24457 33672 1730 22059 1373 28278 29614 26298 7227 8255 15055 21945 25216 25698 32647 22124 28809 36413 24874 3970 24202 21473 36344 7875 33166 32998 19891 34581 28397 27126 5212 17568 4838 22952 14384 21499 15424 16854 5367 11357 25144 33750 7813 21612 18801 32140 17975 39794 12111 26045 35724 37594 19196 18981 5907 21865 9482 15815 17496 32990 29738 26466 37644 34601 34267 33980 5211 1 32973 21311 25588 5680 14517 34016 35410 37559 7962 2465 4881 9126 17262 6536 1099 39737 10698 32558 19007 16483 1821 29007 639 3483 28662 3329 13721 33513 30705 3890 2022 29918 10916 33374 20840 28943 27105 35074 32259 25789 11358 20998 12359 37545 5621 5067 24255 1782 10667 3271 9623 15756 11131 6753 5733 20748 8451 29505 11801 24081 9645 17579 20258 22 18620 29054 6033 10895 17278 20754 33736 5883 15671 8710 37813 25448 30877 29292 3440 10589 28302 18249 5058 19409 13965 31424
578 335
5385 25329 8854 39111 31614 32726 36829 16204 17193 30969 2931 15386 12984 271 5304 11106 27634 25029 23538 34885 15505 16419 29797 34747 37552 23076 17362 36011 33563 23617 12670 32668 38918 2956 15958 32485 19706 33289 8395 37315 15496 19079 25578 30748 37950 5409 34722 24806 39065 6053 15293 5522 18502 12821 31223 8172 25286 15886 5128 28956 19300 9322 16086 29518 1793 38391 28492 26386 1681 22965 29778 18956 29124 15570 17602 11369 24226 23586 22455 2871 2372 11318 29952 20396 4969 5082 35311 5503 9590 20468 36490 19239 21923 9934 10717 31390 2800 29484 18262 12492 18175 31569 30830 3397 23763 39576 29368 21209 26882 28475 26942 8742 23569 10429 21129 39663 2938 3664 14214 32543 5702 22873 3742 16380 17366 26481 4991 9320 32141 35123 39033 22021 36097 8615 6454 19976 34621 15140 14926 24461 36164 13936 32594 9073 1777 35745 32336 20078 32334 29839 12736 18354 12345 21223 2966 5935 7121 9658 3847 9050 5877 22356 29027 39310 8811 21381 24708 19221 12341 72 30784 26012 9528 18577 14116 32867 1611 33421 7998 18117 8997 1132 13196 20662 15575 21661 35957 13876 1074 35344 11637 24486 2611 23413 18533 20142 25236 10351 20961 34633 36466 15289 38394 35047 18952 849 32203 31249 7653 21789 2183 10069 5145 1271 24591 12138 39827 21239 5258 9936 4844 18985 36460 37745 13898 17611 17444 31089 4790 21002 25362 10798 7220 39236 14777 33899 20121 30563 14320 3446 31932 18916 30538 14010 3290 7504 29910 5388 21692 37963 4913 38800 22251 10097 29388 29024 588 23736 17973 29620 28871 14870 1965 17015 36666 19857 20345 10304 13921 21121 29687 1490 2564 7828 36983 21120 25806 16197 10615 27265 13416 7136 17154 39211 23115 15947 18226 35822 2459 1046 9461 14235 8422 20285 25594 2452 24459 33680 39375 6457 6750 39317 29212 33366 17178 19612 5927 12131 33833 27605 20613 18185 3029 21276 19996 4784 31964 36446 24462 11701 27757 34120 243 24962 17052 36479 22341 3950 11515 316 13269 7749 4577 30965 12366
1007 324
8051 13680 4523 2076 9813 3475 23673 10624 32009 20333 7979 23160 957 12594 11752 30094 21097 23167 11663 5438 1528 4604 6440 30812 20841 13086 4192 26394 27692 2335 29378 12284 8881 18953 27752 7389 35722 12512 25137 4320 20354 30025 38258 21351 10890 20705 23444 31593 38877 37786 26035 4163 39591 38210 18179 36598 22727 32003 24352 12420 38710 33373 31935 27231 31894 34847 10738 2694 33451 37795 39627 35805 36221 34587 36681 1897 7663 28610 15998 39276 13758 33254 27032 39579 5895 11857 25172 23287 36046 20879 16214 31426 37177 17438 11923 30339 26823 4097 8924 36203 28142 10570 28850 5743 17159 4910 12448 14982 401 34444 5254 33396 34978 21157 5559 21384 34221 12132 20054 3219 2978 14978 6971 24579 27810 2894 31872 30496 27442 17751 9199 7025 24913 25701 33330 25019 20831 9733 29386 11066 8339 36180 6213 36402 36896 6579 24050 18507 2186 17229 30179 10446 15487 30384 33661 36061 13754 25048 14174 59 30679 1617 883 9159 1345 33397 18477 32545 3626 10136 26651 30062 8681 411 18084 3635 14080 29762 12404 36044 14457 12616 15489 9148 25275 24666 5823 33735 19517 9796 19679 2692 22509 37538 20178 22839 22369 21532 1500 34268 28640 36552 39416 21430 34615 34773 4517 30245 4424 31095 7059 24204 21174 19183 1192 9911 9834 26411 23485 22054 34549 9843 1723 25807 24678 13561 17514 38118 18978 17395 36639 28621 36364 36024 3030 20470 34763 5894 39000 38772 8573 23879 11165 26474 6466 20130 8971 17259 1694 30869 21968 16706 34322 23849 24087 9848 21561 22239 5761 6638 12489 17855 37205 37361 35357 3459 11488 39529 11245 2365 5121 20883 289 884 3155 20301 28592 35767 21524 33475 23043 24520 17260 11054 10565 1534 10137 13904 32916 39167 14110 15242 3370 727 34451 19723 5885 25300 36491 28848 28021 33251 8651 3306 14925 25331 13303 30757 17812 34355 26 24815 39803 19778 6494 6819 32918 723 16035 15330 31277 25529 23050 458
650 309
24392 29214 4885 322 19445 16064 14401 14862 28825 17417 16879 21802 23452 1553 37955 39473 37921 39752 6765 1826 38518 16528 34687 2269 3690 15937 39159 7512 15675 28596 28499 34151 18641 38021 11840 17836 27492 36211 15311 32240 10474 29845 29314 2649 5137 30729 4768 5788 27619 6963 8332 10360 1703 12168 39545 39066 19014 36350 32118 1715 23408 24525 14195 4522 8194 13361 32966 26915 12087 958 25767 32622 26312 19636 23286 32420 34110 18356 3985 27535 31497 38679 5868 37028 32319 14799 19058 33850 3492 35367 28961 10339 36527 3686 38146 21205 3911 39549 18929 27969 7196 22222 32137 6589 37826 36496 5402 3176 14226 13256 37310 14247 22461 2773 3107 25208 33564 38506 25797 20439 22889 7939 20263 33385 28838 4854 37451 1983 38080 5837 16907 9019 14580 31208 19205 38534 11674 30280 39478 10231 39776 8981 13418 20863 32595 10862 29278 32695 20322 28942 18220 35837 33872 5751 17605 2159 12555 38678 27521 6978 13435 39109 12922 23539 14860 22038 29335 34000 6439 20224 15095 9863 18523 33215 22389 24505 27622 18718 3736 29592 35996 33509 6333 26806 13323 29568 9054 34155 22701 39328 6212 2377 31035 11831 30938 23723 33021 33136 35611 831 29381 30296 7940 16012 12531 4799 17596 22313 2383 11622 33561 9628 29088 34816 29467 5557 12079 28969 23290 18396 5090 25291 7261 30704 6236 36994 26617 32946 5110 34055 6515 31969 2959 25079 37638 21635 34302 25411 16570 21244 33618 12721 10801 1880 15294 38450 26919 22181 38158 30199 15148 13978 10623 36616 5703 10597 12826 22716 23552 10380 7263 25133 38070 15389 35851 37286 14270 18682 5340 20192 13851 1819 39136 32524 32817 285 12224 9115 19076 16846 31505 15561 35946 37321 10412 26898 19775 21598 14393 14182 15518 26731 34660 10674 21371 28750 32374 8891 36826 26607 11254 8851 6243 26288 9788 8241 24544 5318 8480
549 305
23816 3611 2787 33109 36699 18369 24877 4175 29994 3102 6535 37202 34017 17574 23963 11904 27532 20138 6698 34862 20836 210 1972 13317 34079 24817 5298 631 5525 38403 36063 14506 6992 6600 17087 3998 17230 14351 23962 39037 5554 14523 31900 39442 18431 9710 13040 35610 28912 32617 9673 39543 23513 25939 22890 16888 634 14802 5584 23579 35552 9387 38040 25592 10104 34304 17879 36074 20360 19693 9254 10212 31839 30591 20767 26121 2360 39552 22311 25292 29429 10015 909 23033 11597 17411 31744 18478 9905 17358 30433 1274 15447 21485 11558 28145 5684 35101 14918 28549 25136 15920 24946 34347 1586 38636 4719 15776 1391 27014 3824 31655 20679 27465 25434 8409 21179 11807 10410 17835 1406 19577 15202 17190 26736 26907 6735 25664 1871 28447 21556 13560 9715 1841 27735 25186 12309 23859 20861 16970 36495 14280 17074 34810 32122 9899 17562 36237 19229 28210 7999 11796 11704 36925 8521 30700 16218 17433 11693 35522 30381 2699 28868 23533 26774 6178 4955 31905 30783 7984 5961 22977 8303 25424 25760 20284 3810 23969 39556 3104 15610 34219 36625 5767 27048 8801 38405 18264 36233 37441 24151 19961 23734 7740 22109 35349 22358 12399 24159 3624 18862 32945 5037 8619 11564 31812 16694 18377 39758 33464 27496 15733 2237 26400 35807 28118 27175 32739 3627 27409 402 10509 9536 11196 1147 12259 35584 18831 36385 16726 26958 21723 1062 33869 1087 3336 30110 37844 23470 15282 27261 21261 27314 37426 35961 12055 35466 38883 31794 29628 18573 34385 6754 33035 17421 33181 13197 3135 33647 13608 23766 11225 6359 38384 26116 31347 34673 2604 27001 1687 37581 33603 33806 16069 10535 35985 20072 34735 28198 10891 35928 9861 35749 25960 38870 16829 21582 38985 10395 16168 12719 9763 25910 5822 1133 34681 24691 9595 12004 35386 30765 37774 4565 6087 18669
662 297
23654 15328 25520 14073 14175 11927 18145 10322 29571 31237 30972 28923 21771 28704 13601 12931 19177 18474 15718 20 19867 19519 20161 25574 38075 5656 16341 29328 30711 17898 8520 10541 21377 37077 28551 13967 7904 2411 22462 30640 954 29426 380 30032 17668 16637 16299 33954 6892 21687 27164 39185 29730 22117 648 39685 2412 37912 8828 14809 1395 4571 2819 1324 925 11730 13950 38779 15961 2103 38248 10519 25846 34874 6987 5113 26196 32159 4699 20409 32017 24445 11720 22877 20733 20619 10972 19538 24342 24357 5296 35638 3986 32681 29272 25091 22198 24088 17160 31136 23227 32138 26884 22693 28187 3346 999 4587 13885 20643 25073 8561 9967 6461 24223 3423 2789 14060 23357 5561 25450 26129 897 10811 9601 37251 25536 39055 16044 9438 17309 27766 4647 30126 37405 7666 34959 4376 30265 19421 33444 4806 26332 33615 10550 11293 11919 25163 28348 25248 5736 16688 2703 3182 27102 15893 36339 11971 3694 10503 30416 606 38234 11473 4684 6694 15127 17255 20126 14306 30332 28376 36742 18398 6620 36249 23887 10251 52 20989 7815 4812 6583 27091 10101 23807 11235 9127 19391 19258 24687 39826 10317 17939 4087 832 16712 2520 11222 15634 24220 32787 25940 21390 10761 10301 39728 34416 27089 16491 3186 39262 16488 17638 24361 22284 25077 7660 7831 5095 18542 25983 21986 24898 31554 28655 4292 5171 713 3255 34420 16878 29437 24228 11352 36868 34160 9972 11205 33841 1630 22292 34903 27753 31501 5399 18258 37486 18483 26888 17161 9266 16451 6408 20097 1739 19246 20294 5913 38583 22989 6406 16535 10481 1801 4585 13674 19324 37111 34495 21565 15978 4017 2005 9686 22983 17743 30861 27585 5787 39503 13827 4499 15729 5030 38617 12190 19748 2670 17127 23095 13744 8920 15307 11305 37588 6503
45 261
8746 23149 20868 32797 16926 28205 38399 3937 21914 3949 30952 24449 13527 13901 10201 22375 30457 33544 12878 37004 19661 10071 18112 2455 3563 22522 39743 20698 26084 8770 21528 16308 20876 24941 1522 20445 33088 14666 6171 38855 27221 18903 14768 26744 3615 11400 21290 31729 26885 8616 13122 8652 2563 28575 1378 13896 12365 12995 27530 35508 39140 7980 9931 25737 4145 37674 38466 16840 42 8835 24644 3054 19219 29636 22062 16607 27322 26764 18209 879 29761 23217 10486 22883 32648 11430 33294 39425 13112 28223 5293 34609 15962 38411 24259 38565 12429 33508 12468 28003 2811 14751 27867 2806 26145 38668 15033 27573 14879 29971 2243 38364 24325 35710 37109 6918 9318 17539 4595 33168 31289 7752 4101 38647 14340 30584 34074 5038 2154 37392 24355 27671 26347 38344 2672 29506 4356 14636 18409 4452 19912 22334 34649 30192 20493 34321 21034 785 28891 15419 4381 21332 23528 644 37919 12854 375 16297 1397 9888 25759 21690 4132 5853 37096 1211 20654 30513 18782 36706 32888 32223 23863 9653 1325 11642 2014 26426 7917 31232 2856 29717 17695 32288 18991 22252 21953 22536 2138 27049 36975 14797 268 9379 3594 33915 32395 27139 20952 10279 31284 10824 34947 30996 4010 32631 38680 15412 8908 9736 29684 25688 173 8984 39450 24604 18432 4434 25705 19784 14222 24060 7669 24548 38464 20481 28625 36754 32044 3569 2170 24961 18319 1456 24316 23752 10554 16600 5516 38307 4131 8376 28127 9820 13646 31842 37608 28287 27278 8973 12823 8400 22985 10707 38523 31022 30246 22366 32676 33592 29316
411 280
38848 37282 36640 8062 3460 22015 31165 15977 9575 27705 38631 27903 35190 11069 11105 29089 22234 7099 37119 18567 9212 22559 7761 5373 18307 28527 3409 11886 3324 3183 23682 29245 38038 2300 13807 5994 29956 30811 4266 4544 37572 28107 6950 30611 3380 2354 15147 20254 7285 12837 26660 3991 31764 1695 24222 4084 3761 35158 13014 31881 24987 19962 22069 2841 12780 1473 25514 35434 22783 19170 23071 18619 19037 15582 37239 10127 3349 18095 551 17937 8067 553 23143 10779 23678 29271 20490 36166 31832 33425 10017 21397 16887 25055 27940 17480 9418 19544 6036 29718 38188 24093 12539 5077 6898 8129 18155 19527 18134 38465 27004 25243 20337 30008 38547 21911 15619 11849 4666 29230 28780 37967 34030 13872 3234 22849 16948 12900 25124 15340 9112 15475 15011 22093 32746 17489 34517 38275 11312 30916 29486 14535 21728 12867 8568 21193 9751 5270 26970 32677 22956 12165 4520 12226 31654 21552 8897 10982 33643 34008 12749 7652 25748 27565 19513 22640 20165 35703 9914 2638 33583 19045 18626 30297 12048 35757 14620 26553 34996 25174 27970 10313 9845 22844 3099 31970 9057 14975 29731 1434 12500 27823 9272 8326 21450 30716 20024 28854 14994 4855 36468 27590 33134 18644 35399 7477 16813 29601 20206 25676 25242 3474 11455 32985 24920 27732 28787 13897 8682 5937 39480 14561 13943 10701 19296 28040 22001 29369 16465 4035 22100 7743 23314 1912 16205 34624 29855 4077 4057 19730 4482 33788 34403 6139 11370 30598 19624 12835 16679 29733 28726 22708 28460 34505 9954 16579 23631 362 9260 33449 12925 24738 18040 37758 5361 34634 28580 7645 20649 33354 20918 24375 19381 31996 1142 8904 4941 15803 31752 3264
188 292
397 36812 24820 9140 6407 24016 28792 25327 19801 20886 27099 28728 24332 30756 29169 11169 35954 4845 17183 33803 29477 23074 32299 30506 25371 4420 26571 16801 37829 21577 4947 36434 31698 25944 6525 29410 6657 15180 39265 38131 14910 6338 8048 13183 27578 19811 28652 32582 30508 19655 2794 27985 2553 30391 14409 22380 25702 25617 24371 38735 17897 37328 30671 7043 18168 19270 18819 5640 22519 5547 30132 37046 2125 4456 18663 24176 9875 13255 10493 8391 14997 28965 37822 37892 13976 20562 1590 8127 14766 10985 36133 27658 11460 5661 26733 12809 7877 4654 15696 11304 34556 34390 33921 37713 1858 30788 8916 38528 13010 33111 13504 13538 3796 1988 16019 17094 35838 10885 20717 36329 28994 815 34749 32192 30426 11986 38885 30360 18066 24246 29884 1551 5123 1051 18746 29104 37782 18618 2587 5893 13001 23992 34709 24735 33547 25404 7802 9498 37791 21924 3497 22381 29693 20941 10546 4324 25599 28720 6639 35415 6586 4583 6379 8676 24991 20740 1791 9842 37923 36814 3757 27745 10878 24833 38251 22762 4026 1080 10298 29217 13638 2254 27186 15830 264 9010 704 16058 37835 8733 22208 29816 32101 37069 24857 9514 8159 23666 20210 457 3160 23715 22003 14801 39247 29268 12990 18800 31052 12635 11238 7482 2809 20827 11117 24366 10668 37857 24293 7454 25252 4284 10870 37648 18068 28334 14139 6199 14257 27488 4105 1686 36714 18054 30171 562 29443 31502 27404 25459 9829 24382 4651 20355 9477 1640 29036 20582 13489 38671 23864 19968 26831 9526 38414 31167 4214 12681 20125 4766 18082 28288 12753 33137 27877 11433 27124 28666 32356 30249 25085 21442 29447 3103 5914 8122 16547 22440 13444 34148 24318 5508 18853 35968 18515 32001 32590 37197 39007 26697 24472 7270
285 285
11033 37086 25621 16985 37013 32419 26331 30900 30922 14062 36531 27342 32847 4603 5364 30942 14640 1290 36448 15019 11074 3375 7245 5989 7178 22568 2498 4613 1649 24770 29902 21329 31519 23913 9708 17197 32160 37114 38623 18239 29275 12422 9697 1838 21295 39213 28086 18816 13454 6078 35554 12357 30750 5514 17725 26821 22554 12575 34730 23594 11413 25297 33743 5859 3833 20732 31504 6416 8469 23623 4574 38412 37510 8806 28922 27943 33953 1932 2196 29338 35104 18596 24567 36822 11784 4207 20890 10861 26405 26935 6979 27654 35215 33082 21479 16455 430 22652 3359 24411 27837 35463 28743 25399 21611 34607 25269 6302 4021 35430 22524 7056 7047 5934 30455 18683 2675 27641 1732 19284 8041 13474 26438 29644 27771 14004 39297 9430 17919 24858 26796 698 36508 7264 27359 17189 13114 6156 5571 21465 14921 2591 17295 36641 32986 37152 17527 33701 9474 30189 34255 26169 8526 23625 20084 7243 16526 188 33371 19326 38945 10593 35627 25253 17924 35168 7691 29755 38473 19573 38572 9794 9493 37506 2410 18443 17086 21201 31681 13243 11100 7298 35413 19918 1555 5946 38472 7038 10379 9468 7031 1587 5839 4934 6164 38126 23596 2002 21037 10183 4519 18859 39379 4464 36059 9147 5115 36910 29461 2331 27663 23895 23081 10630 11383 22558 8843 15304 16717 39454 11085 37789 26639 7798 32521 17222 4834 34901 1910 30652 24184 5548 9017 35755 10320 37521 7972 22583 4803 15138 25709 23904 12576 21626 36547 11469 24624 1131 32995 37444 18402 16572 35335 13259 10561 16361 14038 25207 38167 8874 15167 33157 37876 12128 7786 25626 10404 34960 25871 1363 35052 10936 34404 19160 15384 34666 23743 30394 24924 12263 39386 11147 24549 3525 23888
996 267
13492 37631 23976 25204 36304 22739 18699 19781 25531 2054 2772 28953 19407 3301 8188 22419 33897 20199 30158 152 1909 32116 29384 4384 988 14646 37285 13469 10928 26611 13257 34674 27916 20808 11163 21368 32494 8268 36852 12281 19819 7965 33926 3886 21126 37180 25732 19402 6996 34334 37188 6977 29809 8205 22863 31745 27558 31903 30546 11668 9267 331 9489 36139 6108 6163 22880 9074 38409 11791 11656 29199 18123 3062 12690 37433 16629 16518 9151 19974 1057 30035 13312 9783 23463 27948 37800 19967 7582 3673 32022 4323 31992 28496 6191 9456 37985 34778 5289 28535 27331 11041 6709 36823 21243 3168 615 5219 27722 8728 25601 24063 4383 23756 29920 26866 2723 37225 12628 34647 38704 21740 12418 9367 13652 14665 22962 17088 21438 20903 20026 22218 3214 7294 30466 15395 16146 1963 19929 16891 25464 26273 32144 7134 17726 8080 15136 15485 34375 19855 20706 11547 23578 4327 38469 24837 37577 3158 15157 10966 17819 29257 15658 103 27305 9419 8064 18963 22260 5139 28669 1398 16822 29039 8184 6451 19505 505 13514 21898 22667 18865 35032 22927 32760 10470 35708 6031 21039 34450 29573 31045 39204 22422 24682 31601 7015 10606 5275 2262 25660 2044 12807 28658 14614 38298 38233 2761 29674 31144 23402 13389 20637 20509 11310 1367 21857 19898 16597 415 7287 20147 27591 29806 28390 6218 18473 36409 5343 22126 13192 26166 27548 12658 12911 27 20628 32012 29196 27277 5720 30519 19790 29471 24783 27416 16601 24219 22200 14726 33807 24957 3619 22517 31590 25394 31582 9462 9897 17354 32701 39025 25554 7475 29944 31054 12980
899 276
29081 835 35328 14022 15720 36150 30723 18661 8466 27570 14599 11362 27109 26003 19720 31253 39637 12687 12955 29143 35545 27152 12904 13866 28486 31943 8318 32612 17905 20184 30661 13125 16666 15810 7530 30224 26366 30564 5389 18579 11212 31 15371 12384 7286 21162 37153 28398 15044 18079 8694 14655 16117 6852 18435 5901 23187 2326 2292 33627 5016 29752 1727 18687 6410 37268 1086 18006 27447 22812 21957 25880 7808 25637 35253 4178 39096 18558 13438 19179 2177 37215 16912 32887 35861 39553 4849 7283 31719 2373 21414 27387 22396 11548 27950 28548 11429 5086 37561 16277 12773 34819 21437 8519 13412 23152 29305 15455 32879 36694 17821 25276 30330 11885 34054 1638 26940 9650 26070 17017 4674 38550 29819 27185 13291 35965 13432 6396 17531 39121 14688 21564 10358 32261 34127 27399 35366 36646 6216 39780 25025 35200 29341 31549 20025 1956 38899 14834 31902 19362 13568 7336 12410 18950 10767 13033 23573 5681 12161 8140 27344 37423 12973 1333 14177 26304 10551 34116 36821 24743 2155 4632 21247 14698 11389 25150 33529 1130 19366 14743 15351 28336 33424 26337 38424 11195 31787 18829 32375 10930 5153 31678 7741 6577 18602 37295 25937 26393 1077 15909 34256 9336 4085 19216 5812 4490 15422 9563 26645 31604 28016 10388 28738 31797 13726 34629 27497 35379 39198 10265 30184 2984 32075 23237 31409 23324 30725 31710 17753 37570 16229 23156 21941 8887 1484 24386 11910 18508 14434 20571 37427 18252 27756 31225 10133 15014 31923 10093 25525 20474 39400 7986 38652 3033 13745 10864 27598 23249 19204 21759 13855 14157 23630 1879 35953 11063 3465 6605 6035 33439 36370 25828 21372 18847 8253 29043
862 255
676 34765 4448 16226 16692 30945 23999 25699 10163 14269 24298 4980 839 34107 5398 3765 12846 758 25956 7532 24465 39465 38589 6513 31977 35118 2361 10618 35485 16438 2506 10425 37425 24078 12605 35320 26803 19322 14966 21291 37617 6775 5888 37555 24802 21423 10975 31720 11815 35502 19030 8926 34342 859 25009 27258 16519 16236 27330 17655 2450 21618 27035 4919 30993 3087 32131 38129 10086 11384 1059 23750 26023 35896 27395 27226 33888 17292 12031 25738 28402 19187 38406 7378 19988 32242 20247 36756 23096 2382 2630 24077 21245 4705 8202 3005 4130 38971 13473 28555 8988 39022 6313 18703 29023 12667 33273 31362 30215 7495 32678 21240 32627 4945 39767 39257 15972 3798 20726 13428 12580 28049 18405 2686 22572 37734 15502 39427 23406 34872 8779 26316 24174 37440 24649 39038 21583 12139 39436 14219 9399 24952 21060 31820 1472 36 12093 36018 26985 23223 28401 22878 10663 3233 2914 8217 31359 34392 32378 13696 37696 20922 34075 11092 10147 5633 13075 35071 20962 36464 32692 29116 14564 29510 10708 10297 15163 34010 9808 1700 26589 19000 16933 6055 8293 33288 21950 17195 30202 1311 31024 22494 2521 16617 30207 5978 19991 18560 37216 17741 37568 7884 7593 15043 15144 1309 25645 38265 11778 24529 34006 12402 7524 5325 23870 15777 26187 32714 12806 10269 3652 2338 21880 5294 29142 33345 12499 34573 31651 37883 5835 6565 35121 16773 15559 28980 28963 38884 32859 11410 36642 37823 21445 7859 14922 498 30236 9659 14507 33319 32538 27596 11821 34108 12885
127 249
6050 13828 9404 23386 9174 4075 20894 20492 9702 13705 6372 15600 32636 24360 29228 34090 23012 29808 22490 2321 12428 15589 24124 2824 39799 29708 16209 23225 25753 5613 25328 18624 2205 29334 6380 6414 35110 33601 5875 34595 19016 18762 913 13983 15466 28936 15436 9725 30492 24010 7221 33377 1145 22101 22156 11190 38023 11581 35330 23437 23529 26111 37755 13387 8807 27549 4110 39695 25912 14437 43 20996 38226 15762 6 28254 36250 32723 14186 21090 11057 25511 26505 20214 20658 495 33328 525 26952 12374 30747 6444 27337 21703 17895 16235 39592 9995 16087 27347 10563 33429 10063 34244 3589 30361 24812 39235 28481 22588 16253 38055 769 33423 39798 37351 4888 6196 2141 16234 15753 2474 30910 12335 5126 3636 6611 30687 4672 12665 14085 28747 33501 30527 1422 25565 6505 29242 37224 10088 14098 27375 31633 35371 4306 11061 26845 38894 36830 39649 36236 24038 6238 12641 36842 39131 39630 32696 35680 24132 29325 7367 5786 38390 39149 13791 18606 17945 24795 29406 39764 9627 28837 33516 37702 19954 21772 8247 22860 34131 14541 27352 22364 21991 33355 2518 4039 2120 10070 4321 18532 23233 17970 10248 20334 25037 8230 29010 24710 5259 6020 22168 22817 32406 1852 16533 9531 30127 9978 20186 33894 1104 10244 10687 37129 37808 11571 5991 2132 17147 23755 13658 21439 26049 34064 3093 24421 10600 2845 11487 29817 20232 26528 4716 24086 6001 12153 18167 16417 22584 5502 11224 17917 678 12117 10473 34619 36136 16670
1063 251
16406 31265 29652 18740 8446 35319 19677 13825 30109 10256 12080 4169 7103 30932 25538 9597 29003 29097 407 13647 9292 14789 32536 2961 23385 32837 15824 8298 1016 18575 32092 32 37447 23711 16540 20327 13874 35982 31774 870 6668 29221 25655 36371 37499 37377 15026 11780 13819 34900 1533 26472 23919 3404 39806 21513 22473 15498 13065 2848 3066 24135 30284 31533 7292 33649 2737 26161 13505 15032 18548 22834 29922 35617 9935 5365 34013 7846 35390 11246 17431 27774 23368 12321 29247 20381 26724 36792 13598 33020 528 26209 9707 5957 32919 4833 8923 7434 14486 842 6498 20029 26640 12706 13673 1974 11580 26895 23565 35376 38959 24406 8591 1863 19729 23968 33656 4070 38567 13935 37834 7713 22512 8325 6771 9868 653 5936 6976 36352 20914 8358 37999 34838 27046 4435 26471 35909 22702 12063 2778 16322 27888 8853 30318 5146 7153 24274 20287 15394 16627 6796 18684 32897 358 11999 16984 20778 35586 35130 10867 7832 8095 15851 32398 11733 30098 12208 16429 18429 5881 26669 8959 22548 27252 39820 15925 26771 26706 3263 38505 10993 15012 6601 38095 8350 23846 5003 29206 33293 16835 21685 14849 35875 25211 3782 31904 1201 33574 13537 39644 33122 6587 19074 37487 33599 8605 26963 19099 33098 20828 24655 30343 30978 34343 24767 26910 3632 28194 11279 7133 6070 2678 11894 25483 23491 4221 11339 18503 32705 37090 35612 12490 2879 3360 968 30172 6085 4373 4667 3471 16867 6299 27683 6683 1580 19291 13024 2732 36111 5074
247 242
22879 19850 33908 37656 23709 315 20901 4901 11594 25046 4864 11002 2339 37120 8359 28350 29633 21539 26478 16372 33734 8505 21606 20497 28283 34688 1231 2034 39607 1593 36226 34569 30647 18959 28758 19364 23600 24871 2531 11354 35668 11035 26646 20576 1344 20851 16594 28245 6853 38747 33551 14218 34130 25783 5799 37134 23192 34560 6518 17420 28067 29520 15581 127 2858 28730 24560 2369 38421 8951 31850 29227 28617 19601 31702 777 38690 11448 8571 18817 32404 6703 7112 13881 1854 10873 39250 35570 27018 6823 5734 27071 20044 19142 17345 30165 27151 6330 33347 29974 26521 9547 37551 25513 34805 1709 15943 8847 17066 19121 6998 15949 8774 24156 25791 21954 1450 24305 31002 25695 12672 25972 13609 29611 2705 19828 10611 15747 8979 22540 26751 19683 17440 7769 39383 28710 2174 18850 1591 8890 26727 22423 22152 7426 25375 30806 37733 23695 2350 917 17474 32268 33008 18279 20018 37647 3642 34522 5506 32323 37221 20289 22827 35811 6268 15617 38501 23279 36880 5589 33316 16002 17501 3646 33860 16925 29327 38419 3759 21400 24235 3148 16049 30240 17019 7106 29593 24542 12541 16830 12262 26391 1056 5261 16041 26361 11270 32037 20010 27233 15562 28181 33634 672 3980 11978 12953 4480 35196 36208 3056 7684 18154 38688 36540 37925 30040 6807 29421 3213 12255 4542 32790 5970 12371 37514 17250 36519 24570 1158 10394 22953 33381 13701 22118 19282 31379 14337 25157 39819 25343 27112
72 234
4869 27681 29551 1224 124 38291 27267 35033 14780 4371 12305 4959 3259 8690 30238 36856 33113 668 15278 25938 11464 7897 25491 18526 32459 13314 7710 20066 14014 32448 33758 13045 28525 33582 19372 24659 18390 2371 15536 33612 39220 33174 34073 16000 32528 29299 29630 27694 33267 15985 34654 7892 15069 10126 3663 34756 14964 9094 16018 2222 3366 14886 20183 8975 2425 18115 28131 7225 4186 11213 5840 29763 19777 19788 36922 20068 11431 36548 29716 32864 18257 10505 12094 23609 5695 35166 17369 14682 13403 27667 21206 14136 11689 10234 8009 30653 39641 25453 25545 31148 24680 1134 7707 29201 13686 19796 35863 7147 13092 28055 33815 2219 20904 7612 5094 23502 38777 14829 21547 15085 2771 17883 33801 32105 23068 5017 29391 14132 26834 33280 26517 3945 185 30772 29076 11219 1691 3880 9158 12912 3524 11694 23191 6450 3499 10025 24334 28530 33346 8719 14664 29561 16595 21107 9989 5199 15206 13749 37428 6574 34881 953 38081 14388 10946 37345 25562 5775 38154 37744 3515 27306 30898 9771 26802 37158 12423 21458 16462 32804 28576 22868 35401 38410 19495 24378 35405 30947 6075 31212 16807 1288 39643 32429 16662 8641 20118 15215 19336 33241 27486 37091 38013 3489 2722 31457 4616 18841 6117 13792 27003 22909 12461 37984 11817 26657 39508 7991 24026 39813 10911 27623 38842 14509 3061 22957 14773 23810 13339 16884 24003 28421 7952 35729
836 223
4808 27501 4893 14552 23553 257 37154 19579 22876 4575 18625 20480 39584 35109 15669 12022 902 23524 35764 5685 18437 15448 23155 14048 14294 14662 11236 20926 24324 5330 4843 27093 36082 205 3790 10195 14784 3268 3748 31060 14169 33106 7982 8593 28176 14143 9866 27839 10159 6981 37270 3432 31384 32265 23015 25474 2169 36263 13052 28668 5468 10206 16722 7517 6830 23549 18349 948 10686 29526 16389 3645 36256 18364 10467 28196 33442 11767 19274 16248 14681 34396 33459 30252 11199 801 39486 29880 27038 5674 591 16037 6392 16953 21576 643 19782 13135 17240 3745 26759 23138 24781 997 25038 30016 30838 25267 7681 27499 26413 34783 7224 26616 15005 32702 15344 29585 16523 18911 12711 15063 30366 118 22912 12888 26483 7032 19839 33573 27077 12847 36470 481 12248 29333 15760 35510 12188 34561 26531 17406 2106 10277 15372 26532 16364 17758 686 1876 15210 14345 10400 3377 10438 39580 24737 14455 26621 25649 22141 8484 12848 27818 31434 22589 21617 4056 17044 36520 1787 10286 12786 22036 14372 11932 29019 7817 16101 15376 201 35428 23903 35899 14767 5645 9747 34147 12895 38385 35213 2575 8316 3044 11297 18021 23495 8965 3323 30011 39502 34165 1515 9990 38620 25865 665 30208 5001 10670 15853 31972 2469 30686 25634 18058 14146 16671 7899 29364 4502 22775 36195
1172 217
15816 9740 27154 36759 23616 1501 27744 34844 33763 6901 10865 18151 13733 29473 19255 28036 4342 29671 30516 8090 24300 26944 38833 35285 39102 36209 26272 30342 17888 31004 12543 14076 29953 7539 7606 18597 25503 11314 18666 13886 37548 22091 28088 10435 15778 20968 16088 20579 31012 14090 1546 28523 17409 10765 28411 19238 22867 17789 35726 37641 38674 32034 18000 8329 15072 36424 17252 22745 27704 3972 17648 23322 20020 38886 18869 9582 26241 29898 22080 12113 20944 27149 16286 1374 5988 21989 8243 27555 26269 696 11082 25017 30115 27767 5918 38328 29937 5904 30039 13380 24410 9021 29935 34359 12440 18281 28932 18517 13324 24096 1706 28437 17452 15104 38388 22248 3406 25493 9209 1121 25717 6140 4775 7467 38541 9701 11844 2276 16929 11119 8754 34990 15214 16305 28169 29184 20531 35878 24599 25861 8724 21724 39095 35893 1127 23998 21686 8577 11808 27938 17042 27431 5510 5857 12998 31450 14212 9096 9473 19506 7421 30665 20669 38227 17555 20483 16723 25497 20212 10695 21100 29821 12295 35880 3115 12535 24296 5253 33507 29318 23782 18637 10730 29776 29963 31759 35772 39179 24712 22125 17191 56 37062 7694 9777 19222 7887 13871 25062 27491 305 29576 24811 30393 28072 7423 5290 17628 21470 25356 19807 29872 8815 33867 4857 6602 30120
1164 222
13409 11361 23252 17041 2327 39601 11083 35871 6702 27579 29850 35956 21901 7348 31527 29849 12949 26914 33229 39718 30303 25883 2682 37957 23955 28100 24663 7373 165 33902 37917 25161 33679 13668 32257 5169 36173 529 23254 6226 17986 22057 20874 13061 2430 9810 16027 31378 25096 14971 24978 28009 10235 13584 35795 13672 32177 30030 22970 13282 13120 29715 4124 12484 11232 35587 1753 34296 14881 24307 25942 32449 29117 33771 2707 27653 35913 36917 16147 22526 25610 32876 25563 30662 27328 8525 34491 5762 25282 11403 12713 31518 34809 1711 15674 22539 4599 19696 25225 27684 33761 24247 16264 5257 11511 26520 30595 3733 31861 30271 33205 27882 14532 19399 37493 20820 16628 29061 31936 37417 9539 25731 15391 11128 39421 6878 36679 34036 10510 24194 8764 39305 22900 31495 34428 8562 35394 27030 15090 33268 2990 33722 37942 20432 10922 33217 4783 7686 28124 19083 17192 9994 38904 13743 22991 18516 32267 10283 34999 37023 34941 21493 3428 24006 23118 16714 39097 7704 27924 25720 1065 34860 31023 36022 17243 26465 17325 35008 18852 2502 763 29728 193 9178 3278 34241 12966 18886 1701 16987 10175 39325 6689 36726 25030 31031 7506 15016 4642 27949 4952 16281 30801 23145 16233 24990 36581 39787 29552 12101 31304 9993 26829 39024 35373 23201 895 38086 11341 19682 20673 33228
372 232
29707 35184 26620 344 12702 35872 11157 2769 21380 13622 21344 80 6022 11267 31701 39002 14803 35821 31432 17113 26767 1949 2238 31440 37307 11447 25409 3303 2991 24129 37971 2987 17023 7213 4408 27789 13539 940 39773 13736 22429 7051 31657 28934 9731 34536 8642 17151 18080 31539 38689 20556 21075 31303 24205 3612 160 33858 9362 22714 17795 1964 36981 31392 34161 29550 30412 25026 36278 14612 21199 34225 8695 13289 19984 35917 21974 34719 8978 19090 5215 13641 37511 29947 11890 446 28091 18197 26506 12403 23062 8174 20088 1253 3051 28346 21977 21110 29310 19375 35458 5519 109 36767 20077 12815 20911 22872 143 25131 25885 9315 5324 35810 18037 35305 26043 3653 11193 21161 10964 31279 38082 36939 13714 35777 33632 8313 29025 14055 29285 1180 15453 3476 25072 2400 14162 26346 10874 19809 17175 2123 30666 38083 8961 26732 14719 14081 3090 7216 27851 23359 7457 1480 2067 7184 32862 12098 38482 18149 38355 32169 18097 36341 18639 7712 19401 8237 36251 8866 28954 32068 2788 20801 4652 30758 6900 22134 33363 15525 36189 20032 22488 21726 16337 26490 26362 12370 26276 27058 28988 15363 31209 36867 432 39482 12435 25388 23916 19958 21737 20999 39110 18211 20772 31889 30626 6017 1362 31006 26974 49 37871 30648 5268 6425 13137 30055 32413 31375 35883 18298 37316 8871 5696 7476 22835 18840 16219 38751 14216 22993
561 212
3651 14579 1890 34140 32040 24597 7114 36106 18767 19063 37677 22990 19257 23855 34608 32744 39535 38475 17497 35783 22482 31696 13817 32458 1505 34327 18676 17984 12288 34476 34675 34817 35078 15796 1249 15681 19619 27696 37481 31305 31039 5540 5704 25509 921 16828 37679 20176 33747 35889 5732 27724 33709 37489 1011 37343 26417 11895 31931 36791 26453 7807 427 37635 366 23055 28768 19286 16307 33259 8888 19843 16841 26315 14989 24153 3604 30571 6975 18945 28253 33626 19905 11848 39049 33121 34955 4538 3609 4182 38488 25769 34306 19027 9612 11090 5416 14039 1891 2601 11550 15722 31632 34693 3756 2345 2702 6613 37980 20357 31142 26019 6068 37432 10370 14452 35801 7317 30498 11240 16202 16785 28164 30290 11200 20677 31295 39525 5866 37045 36678 15065 532 16449 37391 20198 35444 38044 25988 27759 355 20674 17678 12855 38836 21008 36248 2007 34846 3656 7008 14145 31927 33525 12265 19599 1000 518 20853 25010 19166 37094 26414 39203 23341 18137 22065 20159 6523 27127 24304 33204 10884 35028 11376 27889 25684 25997 24064 15336 30499 35808 35491 20648 3688 14660 28857 33342 17565 12589 3763 2077 989 16405 24020 25063 4127 26233 5328 18177 7988 19360 31530 4311 23110 7834 22347 29840 31945 7736 26271 22415
1177 212
12300 12969 37632 14364 8529 29071 18986 39350 3884 13268 15357 25991 33356 12237 38182 9329 25051 33400 37614 27901 38987 2843 19040 17350 22451 9626 15642 22216 39593 37133 5716 39108 27301 9345 34839 462 3049 17961 4890 33430 35153 19446 7455 22936 13494 28480 25034 9873 19305 9790 26425 23021 38532 8343 30130 4407 23297 20162 22778 33895 7374 34770 6701 32775 28907 4493 32415 39218 28517 16972 1728 2850 22407 21283 5487 7033 3929 2688 10434 34858 13814 2759 25479 6768 30438 21435 14156 15174 21224 24281 16765 18482 11239 17826 13391 9792 493 32139 6685 3289 21920 36469 23411 3843 741 3110 8518 19261 8775 2006 20934 27027 981 1748 23229 11404 34974 33823 32963 36168 3021 9410 4747 23817 9363 34588 25642 7552 6443 32910 30324 26988 412 12221 15767 21997 23240 15398 3145 16946 26150 4225 14746 20521 2402 33015 37519 27505 30515 998 10856 1215 27168 9238 4059 3429 2353 3720 19606 30399 13512 23826 24437 38122 3464 7983 21708 31423 8841 11699 38958 9561 12997 9656 15286 3568 33937 34706 34188 2837 196 15380 22831 4074 11684 33555 15731 15449 20319 33875 23340 21271 19497 26677 33950 10581 5465 28042 34259 33233 39057 27847 13399 35425 33126 3529 34828 4258 5981 22858 38336 16644
467 190
19508 1644 31322 23991 38483 2706 12864 22443 32146 2653 27996 19373 4593 20607 10672 24451 12770 3398 10999 31461 39186 18313 31199 709 29547 10987 32295 12970 14373 37463 27659 12322 29174 36671 7968 31746 33705 34865 31806 36456 13524 1491 3762 30770 13732 1944 15306 39511 9913 32414 35210 749 25831 24348 2883 1284 8223 34435 29154 30473 36916 39491 36532 13400 39665 26991 21140 7841 32470 9084 29126 9981 6675 36212 36343 13675 11189 16538 23692 5583 2157 27450 20818 10156 21921 23174 32629 36225 38798 9253 33005 19101 33086 22665 21292 20308 8869 29964 9969 39476 32798 3685 25187 22766 37663 29602 10202 32923 14413 32067 25143 12134 36016 36090 31147 36835 26673 12206 9565 8788 9154 27693 7621 25406 34806 16631 8570 30336 19572 36946 26200 789 426 35711 38507 13625 22882 38920 36727 18954 11726 24053 14297 15310 15821 16657 11463 37974 8896 2225 39573 622 21711 20704 12534 1482 19289 6966 27609 2698 7156 8382 17912 8197 21392 983 34785 8208 5326 6358 35416 868 2972 28865 5917 36218 3912 12325 16478 33067 19135 25145 198 9042 18180 31541 29198 6899 32823 21053
900 201
1412 36475 26757 34669 24302 7453 21087 22027 25788 13480 24477 6259 30964 36017 21512 7908 27339 17219 7381 9062 1759 9280 4839 2303 16134 11901 54 24685 24289 8603 22450 19157 6220 9246 26147 25314 16591 36184 38051 34021 35771 22642 26373 24568 29632 6217 10022 10384 23760 27325 26412 29109 13201 33678 2945 18765 29376 22832 31274 14704 385 26284 9592 24534 3537 19198 708 6040 7696 8712 27354 9240 17667 6786 16357 16548 618 31096 33456 29498 30684 28321 11710 23868 20039 12585 24536 23537 22738 27528 6047 10540 28692 14765 34056 24349 29942 27551 33375 4827 18943 17585 28030 22478 17710 11096 8221 23440 10950 24484 38743 20735 12592 31712 30070 17948 35198 36748 6779 30027 20180 229 1282 39012 31480 1034 17631 37536 1749 31172 13354 11540 6945 15687 22577 39023 17419 14894 25057 1323 10413 22290 13693 35288 3347 34022 14050 13569 8195 3631 3650 31227 36881 24055 39100 37643 10897 28910 14258 4302 39468 12754 36650 29546 5488 26375 18237 6568 6115 23308 27441 33571 38896 21756 6126 819 12430 39266 29503 21807 5898 34919 3893 31387 12347 18042 30069 14096 39704 33410 5570 24182 4370 39 21777 25148 30987 33669 2955 16993 16783
744 191
19379 7535 35203 16363 28987 36028 27963 11152 4454 4882 24423 7824 37836 9642 33862 1285 17820 30668 26418 10940 15931 31740 18785 15664 17437 8139 20854 6482 16689 34088 26514 38247 19554 3521 28521 7912 26208 7722 9092 25922 4659 38358 30554 17680 1479 18212 12775 19065 14376 8607 15071 25045 14461 27785 39142 21761 16976 29306 991 9100 35271 18965 11000 24460 34815 21746 2255 7234 21958 4979 19866 24478 7759 14856 7403 28776 15295 28805 39749 34307 1468 39288 19587 30805 14852 20507 3444 9610 13245 33961 30505 36568 37424 33578 11233 10460 33195 4468 21253 15267 22204 484 31132 26833 30624 15555 7567 24805 19848 11573 215 14024 23218 8321 19862 29830 18604 18843 24041 39754 24726 27523 29782 5777 7604 3434 9490 36963 4096 12825 38685 1775 24322 1200 31462 32493 17729 23028 26231 11925 20610 30997 32938 16272 17763 33927 8793 8478 34052 1803 9122 31393 35171 10662 36729 13383 36788 16076 10619 36033 16141 30842 36843 33588 12518 5050 17414 19152 7746 16776 15793 2037 39568 24005 36157 23087 32989 820 8557 6988 29159 9640 73 16145 16599 13279 24242 38723 3739 37072 34697
221 184
17165 932 11671 6837 24033 15390 24080 14209 31044 29167 33474 15862 38404 32537 22864 23676 19578 17991 404 26058 11397 31542 18642 11113 33969 16441 20803 17341 31589 20787 34279 26786 4828 7161 35484 36730 3441 2308 15220 8982 2836 15025 36032 34555 11899 4440 35903 24963 15491 38139 5501 37206 18461 3613 24257 38279 346 21460 21192 502 12526 5539 36392 7874 25837 32468 18726 16619 27193 27148 26495 15639 841 31886 35678 16616 34808 23120 18027 8550 38232 11507 2491 25156 22400 31585 11510 21701 22856 19739 29540 30435 13665 8433 34796 25180 35266 16340 39620 5105 20506 15566 28366 14043 2743 10665 4152 9529 13375 7869 13779 22160 2996 20553 13357 16653 29458 11340 36660 7658 7324 32330 28705 12442 11836 17639 28276 8052 22641 23310 26353 23741 12060 38245 26730 3275 11285 32691 11809 16463 29995 830 36811 12537 33376 28251 19930 13076 19815 26239 1494 21935 34713 36737 31483 10417 2655 10381 17749 24200 36351 38719 7650 17690 32475 16508 6480 36423 29640 22277 27222 37435 3016 2913 34484 26877 1785 17833 29563 25516 1592 34683 37257 34212
61 191
10988 31038 20168 36471 26464 4126 326 13657 12245 9847 18195 20297 499 32535 1457 2121 813 4218 19955 22514 15608 19534 8405 19751 33057 39404 27968 25075 1469 20096 8379 39147 10978 7380 31187 31584 18391 1177 325 7251 10469 34252 20238 8600 7787 30537 28724 22265 3965 28886 5560 23523 32632 31962 23614 22040 23016 38760 38236 35090 18336 30759 17865 5133 1992 37355 18979 399 37085 10754 26680 20580 2193 26278 22730 30906 2344 14606 31323 37625 6296 30634 28609 36538 26419 31938 29482 35274 35712 21755 10124 36293 4232 11058 35653 6179 31914 2756 39396 39735 15409 31535 33257 24500 39619 34381 37508 26025 5906 11016 31766 10103 27444 6086 26575 7943 31958 22361 27318 10508 15219 25061 23732 9041 4090 11210 30961 27247 35362 20809 8176 9910 13679 13699 12621 29450 10871 8757 16861 33715 28236 19672 25427 32684 11317 1786 27516 7131 38849 30641 4984 20543 19567 23525 7703 34305 5152 15996 38380 24479 23263 24068 34007 10655 9542 12618 13702 9717 23608 5920 33668 34190 4235 15896 26743 12152 3698 20305 32532 29724 18002 28053 32208 18309 28978 23597 9973 25530 13997 2957 37274
1054 185
5669 35296 31801 21431 11380 26005 9390 24420 36232 39202 9508 19760 8481 12041 11980 25781 567 31113 33209 13802 18823 39614 13552 9589 15049 34419 19113 5606 9895 24956 1692 28663 6063 24679 3384 8378 39018 9301 5252 21828 28203 12951 38687 13141 15695 28363 16473 18866 3951 19878 37928 12650 39380 354 38206 39015 7737 2407 26842 38860 33644 33537 9370 33331 22459 27428 7547 13250 29926 31062 20488 18925 5630 8563 26748 34676 27652 24931 10300 25824 360 16339 27254 13072 22552 15829 27824 3208 19145 10042 9047 28607 9799 9948 9119 37443 28959 23900 25039 28745 183 25262 37595 11936 19986 28982 22244 34180 14390 8687 14311 13468 12391 20529 19756 4298 4437 12614 25050 21449 32244 18536 17610 1738 15900 20656 5997 33043 27787 17188 17270 6012 38599 3575 26596 8065 31643 24616 38811 4578 34367 279 30274 22971 39753 20410 16983 31609 35202 13405 5246 20194 39586 33277 509 4875 38270 26543 35602 32934 21287 5319 35841 6501 11892 26887 1368 36443 17669 7437 18055 36700 38529 14196 14706 31623 12426 21308 20109 36565 22023 10192 22518 33041 27308
47 177
22711 32434 1931 6903 23107 31985 33692 18984 33324 37832 37718 12619 8698 10676 32277 19865 10734 7738 4044 37178 19535 35468 14480 4285 16121 22911 11021 9284 3047 21074 13021 34246 27512 1251 6231 13602 30081 28024 37882 846 5990 25706 10145 19469 16244 330 11217 38059 29635 29927 37272 4505 5746 28783 11907 15595 15249 39169 26758 32731 9236 37002 39061 3143 17031 12720 14467 35113 8151 30663 13952 14474 30147 7847 36477 888 39295 9761 31833 21819 17415 18837 3442 32212 11493 14502 28928 7959 30545 18161 36336 22499 22034 15212 21700 35172 20220 526 18710 15620 18460 30217 39498 30778 33904 17754 39472 2280 20434 19728 11839 4739 20981 37172 31183 32977 35986 12344 5404 13080 20256 16525 19576 19354 1359 38104 12497 180 37527 7687 30813 18680 34648 16938 31242 2728 32370 15279 22994 30191 35974 21389 19265 17923 22149 27741 35733 20111 1175 25196 33929 29485 1792 12315 11750 3339 37421 283 21475 18330 19884 25685 17114 1885 33186 39150 19575 7232 15203 36239 11137 11851 2366 13687 22144 258 13084
1021 174
29208 33010 6314 30886 23173 28097 14494 18876 17698 78 27464 35299 34939 5366 29479 14203 9618 29586 19735 10526 15456 21833 22639 4940 23188 79 26385 37504 34914 33707 39440 24923 5804 19140 18077 22815 19816 8740 26986 16099 19213 34009 23460 15841 13178 21031 232 20738 8136 21118 37495 18327 30116 15099 13229 39391 20624 3211 23349 30544 22383 32885 35398 32423 8028 3860 38551 13576 23558 10996 36498 35681 22866 29861 15701 33045 36793 2058 29847 33826 17613 21826 34211 2008 6028 23251 11214 16621 6383 11332 11735 23924 12375 17083 22472 37092 871 28898 32465 16767 1987 11838 18210 18598 311 29059 23905 32814 2701 5068 35456 17960 10877 3616 9185 33765 2683 31857 23615 27474 13077 27914 14462 2293 2486 10792 12802 37156 8165 22365 17649 21689 35150 1569 1678 14753 37243 13057 2968 31417 22537 36277 30350 35620 16490 35884 33952 16909 14498 21889 39457 8495 38696 19539 35955 2073 20221 13280 37939 11967 29204 10441 30856 27377 2713 1503 23122 33367 4432 12751 6303 37657 3332 34868
977 169
12416 16109 29549 27216 27730 2652 9664 22460 26458 12583 8278 22587 38785 22362 33379 36042 7595 33218 18047 13142 25151 20154 18105 13041 27246 11308 12120 37186 468 2477 36269 36522 20203 7353 31920 36973 9719 16960 14499 8169 2709 7174 5933 209 5241 26817 26340 39351 31697 6725 18171 33404 2925 13506 10079 8450 18707 30707 22591 16883 38728 20225 5882 35440 16880 36481 942 33156 18297 17237 27013 8868 11690 2368 13804 24149 21221 8612 16113 6983 5795 15709 37461 20229 4353 7035 18393 22928 5749 20603 10392 21408 25366 38996 18995 19532 4269 2405 9743 15393 20927 32659 10149 14239 15486 24254 3050 6169 20565 30630 33995 8701 5076 11715 5580 34589 906 15465 15679 8696 26156 12726 28983 26190 34479 16554 589 2140 39352 32027 16991 31526 8668 17696 14167 14000 11675 10796 37797 36240 15970 8987 6687 31049 23298 15710 30824 17282 22854 35380 18241 12986 1075 171 21621 21869 2963 34640 9940 28303 19240 39554 31288 35736 12068 27858 31276 34529 18505
762 182
33437 26268 23941 23241 7548 24928 31164 9317 24210 10258 15533 20856 28822 9436 31342 18260 9603 18897 14202 34637 1246 22987 27345 12376 7137 25891 15779 28192 20047 6134 20792 29924 558 9819 24713 37022 27607 36869 3181 5807 22670 21682 13056 33494 21196 32917 14160 30904 35814 12455 32183 1911 28199 10627 34089 36878 4054 3338 29660 37550 22917 9197 13582 9190 18999 2165 24845 33792 26538 36095 20701 25547 15836 37938 39088 18357 16844 22564 39624 35566 7522 7921 9447 26068 33138 31421 31331 12633 6651 18291 33498 5085 3238 2137 3248 24139 14650 21652 26277 37997 20501 20913 20120 37884 7260 4694 18907 2581 15211 1561 6185 39225 27117 27883 6293 12934 13356 36605 6452 14184 7948 39629 33453 12824 15113 7488 6539 32509 18894 35919 10021 38542 30484 781 702 18052 144 36176 3541 10745 6644 26773 11522 3517 22279 35864 19546 21275 35902 4341 5118 37864 39496 22773 18926 25367 14380 34414 4293 22737 39492 37743 17054 29040 5671 25200 8366 2427 10817 10677 38257 16935 30951 38684 34227 9491 16522 9859 21412 17117 18993 9772
631 162
4630 2988 39449 37628 25687 36318 6588 19395 38413 3277 15924 39086 25802 3498 21806 22157 7468 16695 23922 3699 17441 31818 3740 6839 10690 32262 30309 11721 24992 15724 9237 11294 26766 25305 26184 11411 3885 10160 28841 11099 37448 30644 29058 34187 27857 12337 8771 27408 23738 3578 19749 26326 33546 31715 27972 7235 28148 26409 17645 19253 23697 22638 1650 11959 15283 32502 34092 39360 6326 14404 249 12112 1735 26136 28219 21783 24732 13223 27543 26503 21589 26899 37080 38502 36765 6037 30346 26437 21109 14869 3503 21586 26250 38397 1433 15820 20106 35143 11459 16620 25431 25931 34630 32975 9997 17772 31075 16794 31311 22629 25231 29705 39501 17530 21847 31244 19380 31174 8429 4906 26874 33488 12981 33863 34042 18010 4201 12724 31792 11133 34185 39600 10513 5952 38050 32785 20716 24829 13319 25590 15564 5555 18122 20768 5992 15184 34382 36898 35115 28110 27765 36673 30486 1950 10196 18611 911 22658 35979 18020 7257 20633
101 156
12669 26392 22430 12889 2208 25415 24589 17731 6733 11091 29301 18218 24133 2083 39019 38700 33026 32275 32221 22286 18170 26879 31422 2891 20348 13430 23679 3215 22686 29703 12827 3960 36838 25986 62 10260 26693 4274 20963 38305 36715 26847 17129 36892 24452 26237 1427 13644 11176 36003 16284 4103 13533 6729 29887 23703 19583 22447 25777 38320 9332 32592 33698 27489 24633 16476 31086 18472 1925 4213 25476 15712 4403 18468 38161 15952 21591 39309 459 39797 23047 15053 26295 11230 25495 13360 31370 13532 38568 10278 32717 7508 3711 26776 26504 27349 30632 11649 14087 8108 9952 38579 28028 19078 36083 26851 14621 5285 20814 18673 17687 9566 6116 35424 1239 3084 35183 12787 20528 26351 12982 9661 24925 30540 39171 1465 31984 11906 3671 13191 33667 12453 8883 39200 9689 24343 10366 19714 28844 3469 8333 35788 11847 26725 23621 6960 31949 237 17077 39347 25924 19703 36713 21694 32096 15416
73 149
11877 36053 9654 32547 33740 3892 22748 4297 28154 28498 24136 14715 28271 38816 12938 5730 323 25102 26679 18113 20647 3583 20424 18802 1189 28487 33903 12160 19263 37830 20816 6301 4107 37162 7274 2964 29838 20022 12678 8309 37140 28741 23534 35446 11670 21697 30213 8734 12860 24444 38933 22563 14318 28081 27841 1023 17488 19957 30422 22648 2572 3124 32576 8836 5044 7839 14423 26220 35173 22133 20525 14567 26591 28598 28799 38297 31753 38168 6189 844 5593 31134 32134 29827 30483 31449 3719 34963 18270 572 19678 9711 22707 18519 11819 12038 37173 6318 34156 4736 18244 16917 15538 21947 2394 33343 16130 3261 18067 1795 30060 21241 36128 12887 16359 27054 23599 35419 25984 24995 2379 17312 32882 12338 4547 13274 34242 21938 4183 13870 31576 5758 35199 11426 10573 35504 21317 5578 24903 22786 21108 39540 2982 24949 2750 36178 29469 3882 30146
66 161
4212 31349 21698 2935 27980 17915 19883 7464 9170 19456 36760 29256 28587 23939 33402 38844 37098 16504 34814 9378 1228 22507 4615 19617 6098 25904 30306 23116 19093 22190 19919 10316 36275 18845 22207 19376 2332 21337 10219 2585 17089 10270 12125 31514 32683 12682 17010 6173 19330 8427 25761 8669 18834 26700 19094 1296 25294 26056 38241 25969 1860 27340 11518 26609 10074 10661 31813 10274 8126 27843 29970 1743 25238 19707 8795 8387 4117 23313 24935 26037 24102 26752 26248 29340 5291 8367 7844 7521 23996 28 36647 23157 33911 31102 25987 37775 22616 38744 12394 1187 30237 27717 6682 14281 27819 15437 26574 28140 22881 29706 15586 20392 25648 11875 2256 14371 36052 23582 37865 38544 20702 29864 11858 20340 19752 20695 22803 10907 18440 17121 33816 2189 3298 17860 33237 37636 17039 30286 17802 26319 2028 34097 7585 15252 15470 3582 11837 34645 9156 17944 30994 14555 36708 15957 17536 8530 37969 20067 28015 6429 38843
649 145
10647 3527 24782 37880 17661 32513 15819 20152 19288 1488 26153 17486 18365 28450 14945 23754 26029 15352 16003 8540 24855 29020 34433 30465 242 33388 13671 3943 33059 20739 7489 3602 7023 16260 7765 36167 31761 13915 38124 4198 3074 22951 14020 15342 1710 23267 6274 35632 22421 29591 4015 27005 16542 30451 6434 24075 31245 13868 35476 4509 36569 4628 32841 26451 2363 10700 20725 3681 20015 6093 37041 29877 24686 10582 13368 39678 37737 23035 7673 27908 26368 27890 17730 15637 32095 29497 15597 22942 5792 11956 38024 12546 6673 8001 32175 25155 18366 23952 12569 18363 13989 29004 18764 22075 38486 3350 20634 537 6883 655 27894 7872 22391 24282 30597 2198 10896 19973 18225 25390 34104 30320 33287 39484 12327 38093 23203 12644 11003 13503 15578 34877 32506 15888 36146 33521 30212 37231 23189 29711 11961 36060 20494 10506 32886
581 151
7649 408 16460 19732 7857 18163 19104 8373 12225 7413 6137 38908 25002 24022 9680 22333 34232 25499 9786 25043 31950 15673 35679 36733 7089 25421 21866 19249 28313 2063 24572 26329 29533 6724 14941 4798 32939 33092 34070 10808 4563 17542 19490 14548 6804 37240 5041 26623 30833 35512 19081 4430 8633 4643 7265 31819 21843 22929 5020 24335 5232 21757 33253 38712 6869 29358 27695 16126 38663 7767 5098 10919 27900 27721 28155 32912 6629 7977 11652 19484 15319 9129 3747 33309 15552 8602 19659 33239 33697 24175 29692 23706 36389 5052 34193 34265 8225 12718 18534 15251 15818 26711 19098 39241 25344 26071 14949 36834 805 14304 32872 21616 38632 20683 20682 5173 17398 30531 35435 4907 22338 12778 2725 16652 35024 20676 34894 38474 5410 4180 27599 17135 16479 9586 37722 36314 5107 272 5482 5447 35329 8741 24061 6389 38667 35455 25958 34717 2869 38066 10980
277 153
14396 28881 31176 29041 8416 13485 19346 18064 14783 23795 11931 24250 11943 31403 5817 29132 6745 11816 13731 39490 24112 8091 16373 1409 18416 19092 3848 31942 7822 18531 23144 29695 35151 16680 6697 35406 4369 18135 16175 34659 10197 4573 21338 37532 36525 6508 3258 975 23307 37681 4003 6840 25349 34106 32773 4735 15727 6460 10340 36489 39548 19488 17011 5622 21854 8993 24787 39058 26897 1798 14147 5884 38318 25743 38001 34405 10502 29679 6802 33699 34198 31944 25758 6105 7496 15429 14629 26090 2252 39188 28966 27440 5759 13973 36920 3829 33648 34728 37384 25941 9472 21359 827 35597 8934 19829 3657 15799 7953 22984 32982 23577 31318 13263 20368 34520 33133 6929 23178 7387 13862 16975 29768 28085 2933 3437 6706 30334 2098 30791 9540 37672 31431 26932 29958 18752 35206 32877 18497 248 13585 37584 23085 6643 8783 18033 29113 33655 32620 11498 16071 35900 18688
821 139
1022 11660 36799 9277 20770 37727 12033 22698 13928 18969 16709 5 37932 6984 12874 4469 37689 9288 37748 19768 3031 12002 16598 26155 12020 35578 25273 13093 28017 28310 6516 10958 30243 14677 32755 4925 19124 27384 30279 1306 32300 4359 22433 13181 5019 14656 31247 7042 11006 8262 31954 5903 6130 34743 8274 3435 5102 6210 21515 24295 6841 2549 23451 23109 38509 13755 30868 2246 25070 12881 37751 16772 3374 35835 38954 6573 13163 5523 12863 14876 13082 23648 9426 31201 620 29542 17381 11524 4555 30557 36858 4920 32047 25014 32193 34243 29798 6111 24089 24617 22022 27806 20742 33590 943 28292 11482 30751 9646 38548 29694 9713 14756 11030 7655 4852 29326 6528 29862 38967 10496 31343 16703 13619 17906 28163 24483 21172 36866 14661 37475 1698 33864 37138 4006 15334 21481 18753 12691
588 131
26358 14595 2250 10684 38266 23082 25587 21357 10198 33784 17455 21948 21321 27703 31106 17683 19195 22471 663 16354 25569 2673 39286 3178 32238 5869 656 31420 17046 15046 24072 8183 15478 8131 3895 17348 417 14931 24453 8816 38456 18828 7563 9203 3930 18116 39370 18203 1091 490 5689 36068 21169 10146 32504 33623 8604 7975 18588 984 23337 1178 11284 2823 21715 15275 37717 6264 38598 4537 14530 19150 15425 12952 7379 18849 18455 3514 9537 11127 27008 6800 14909 29831 816 31259 8759 29255 13957 19658 14063 1405 36122 102 39793 13275 35249 10190 38758 30168 17040 5204 21220 31246 4678 10094 8384 3438 31831 27453 35338 1371 17806 5342 714 30534 3981 1294 14558 27887 15512 15706 23548 34707 9571 25361 9033 28511 27511 19452 29147
1142 137
19392 35963 6630 136 1460 4312 35544 15343 35221 9081 34413 36023 9663 38676 17139 31625 18314 27500 24183 1283 26060 17314 24431 11998 13797 8999 8012 29051 36501 2578 2556 30998 20163 10868 32641 4533 35447 23056 9034 39715 1799 12473 11633 18423 35920 4749 7714 12590 32819 26615 33652 18576 21516 5376 29144 29686 18162 27211 5492 36141 1096 7677 17232 38713 25917 17675 23020 18308 24721 23865 30642 34194 33285 33053 34825 22961 39628 26216 35582 29758 33702 39289 28880 22969 24408 4722 12637 5091 19582 19477 10009 8286 4134 35128 36151 7385 23371 11154 27720 29982 21024 7594 17288 106 39551 16070 38943 26804 5371 23932 34622 12791 35278 20897 18599 2890 11900 9483 18028 5995 35790 10393 21630 36050 31974 34349 18546 31560 34546 4832 34424 30190 22049 26039 12107 11972 2031
736 138
28534 17942 21917 25856 25898 11708 19569 37038 28504 12205 23731 7680 12796 5889 21706 5403 29248 32390 28803 34724 36854 17857 1616 35646 39114 4332 4477 27552 6282 16306 5480 14036 37308 24330 29642 28559 9252 2413 32243 27661 6632 23242 2765 28840 7616 37485 38769 12034 20551 16811 39030 11565 5722 18140 20440 11480 28167 36682 9234 29774 14013 33007 34486 8837 24749 26162 32039 20200 26682 28785 9850 4083 35051 29365 28703 39509 36388 12151 33427 1020 6081 27335 5683 12223 23909 22980 24508 4777 6774 19625 24689 15081 23362 11768 36591 34603 11051 23526 1139 39397 27613 10218 29149 4976 343 9006 6791 28637 17788 36777 21387 16552 12599 26983 8121 17004 3806 38183 37926 12219 14171 1825 9709 17131 2999 12603 33108 6342 19435 5753 16294 39655 37787 8337 33905 11983 12013 29875
1143 121
2943 21222 29362 28915 1547 10 7711 37401 28490 6634 13497 2555 39546 22299 16392 20976 9546 14416 34085 13600 38629 13294 1601 6097 7950 36684 17700 11583 15411 23360 612 29332 4091 11412 1287 20877 26212 32233 15554 38594 5643 13138 22674 2724 11526 11325 15547 34948 39420 23089 27309 38199 9328 26379 17535 38857 3584 28467 38682 2613 21729 4447 27829 4794 5131 35623 31689 3666 18382 21570 15861 14118 20113 3327 23830 13199 7781 31008 38369 21908 36503 24469 16433 6534 24622 17215 5599 16384 9885 31802 24051 24464 17630 6060 2929 32231 4058 13362 6397 4504 17550 21841 23054 14472 12795 33128 33535 16484 17363 4436 3877 7250 20823 15686 9020 11123 2629 27494 38451 24681 1724
646 126
22011 4964 11087 34001 5637 29448 15537 39456 31163 22330 6757 19731 12432 17116 35010 13826 37524 20781 100 12287 30216 36626 6328 16901 25784 11192 5968 36995 7369 38352 38089 9805 11350 13034 26563 14458 11794 21234 29764 16442 19085 13373 20629 39652 17235 9639 22654 7214 29557 12400 12679 18679 7555 18158 25710 21341 16683 35308 14597 28020 27886 28224 12700 5549 1845 38386 16524 4301 9476 8005 22924 5489 19271 21255 24760 30742 16425 6227 23258 20833 51 14588 34053 37100 34636 6590 4618 17791 24630 26896 9614 745 35204 8335 22178 7327 25677 8938 23722 28256 16964 153 822 35277 36441 28400 4762 2145 19159 25675 17964 14266 29779 30511 37454 11557 28673 24844 4977 14152 1082 28897 38775 9343 5336 33171
250 119
38387 12939 14385 20985 8907 36463 17169 439 8437 16561 4108 38078 17103 1321 37860 35251 3901 13185 5653 26443 37903 36517 31662 39477 2719 35543 5448 5521 14544 20248 4733 38053 29319 11039 19793 5470 17976 6073 27180 6046 33518 28171 15955 32896 11268 24697 32225 29595 18656 15111 21678 5200 37142 10054 34781 28503 20712 8684 20563 15871 32956 29566 27438 8736 36220 19921 2199 16576 30230 24701 39410 26928 23749 23918 23805 31057 6935 17774 27936 12458 8954 8428 37108 24065 3866 5369 14158 33900 33554 23075 712 3144 22456 25836 37155 16262 7840 20413 26213 32439 23946 21142 18188 30976 9611 18083 36048 35162 28385 29883 35122 34047 30670 22382 34985 1934 20454 6167 13401
415 110
16940 20369 30734 10901 36187 38217 25330 1470 10177 13678 7128 28537 32098 29009 12776 18948 34551 35000 36989 26513 27608 19825 10188 20752 39713 30982 20007 6623 21505 8256 30709 37525 2874 27768 32623 24034 22150 4402 637 33279 28044 18976 24730 20930 17360 10848 36002 22270 4863 30847 23260 3403 9225 34732 32501 35897 1047 4275 7172 9518 39616 12017 2998 12266 8898 16575 38867 21735 38948 9294 31372 18062 5479 9289 38527 38064 20259 30891 38934 12923 35766 1219 15123 5141 32327 9781 9748 27292 3974 5144 64 32569 39051 15705 6822 34924 22485 39212 23653 23721 14796 1747 28478 1386 30822 31933 13130 4228 31191 20288
903 116
39517 28520 24854 30673 16860 13224 10937 36171 11834 14240 1120 36330 24788 13144 33485 28409 8280 8226 38660 36281 39505 18788 33411 33917 32483 33609 24603 33703 6844 18222 9013 35312 35189 11955 7667 17547 37494 5665 35683 34254 37898 29280 17850 14360 29512 18754 649 7160 10418 26815 6224 29726 752 4245 20536 14368 5700 1094 3828 23843 34323 30198 20832 9749 36905 17995 31194 36259 7571 4757 3166 32130 23199 13406 25215 31591 25829 3180 19510 14840 33994 26893 25947 23842 34368 13127 21072 4715 22009 14319 2558 26100 12142 19173 24853 30558 39609 25580 32346 10285 21675 36391 16402 16731 18378 20100 22644 4527 35739 8794 37580 20059 31079 9442 26186 17981
210 111
20051 22756 5263 9138 25954 24741 21942 26824 39254 25820 38184 26719 38402 14386 11446 17141 39659 11223 14857 36600 30417 13158 2049 8911 19386 8007 35817 16136 19998 16078 24499 20136 30893 8013 34024 16551 36041 39731 4489 21864 9382 4814 24476 18124 15521 197 38365 24309 27131 22024 14937 23848 17706 17217 32794 9513 1244 1425 19503 15683 15624 39683 35528 1605 4209 9407 21265 23342 23508 4184 4731 28518 30021 6552 18056 38285 15859 20909 5611 34591 23093 24557 15864 3593 18808 23277 20572 9114 34472 4484 32776 24497 17443 11962 32921 35483 11787 27176 32325 29548 22466 24550 32168 12859 2865 10450 28590 37915 13233 36523 37528
43 126
7779 18350 6079 10995 18973 31925 27361 14524 33681 22392 28870 36763 2352 30612 27253 37083 3421 6967 38893 19462 15054 36758 39384 32988 21399 39084 16971 29948 20784 35649 8768 32853 11424 6803 36805 13446 3123 13106 5892 25132 21122 4288 4191 162 14594 29026 38941 16939 30476 32339 25893 23995 9712 6561 10221 8477 8629 14604 7053 4009 25259 4754 39557 11800 10314 31743 22669 2105 2025 19881 33786 9093 25076 37192 22700 8990 31446 15787 7794 27620 16182 5979 23545 7301 32890 28430 38802 9 4001 27688 31306 8281 12501 30962 26929 15010 32211 35247 34574 28418 24491 38491 16415 3905 35227 20231 27401 34620 435 39791 36990 10800 4986 32724 11038 4500 29527 26172 20464 15880 33318 28975 4981 26628 25735 28054
1043 111
24573 21534 25888 12560 3561 598 30319 38330 8910 11552 35990 19002 27371 33999 27527 33107 12129 17498 38822 34217 34274 17334 23466 26542 10755 12064 28832 26482 31559 6507 28752 9125 28341 38597 33768 11229 35324 21195 10763 2240 6726 8218 2505 15665 19117 6842 29090 28937 27846 38957 15077 5998 3787 32593 26526 23216 23194 24345 16845 8304 1820 3413 13003 25707 16908 7913 7142 37144 19442 9525 10162 9872 25296 27571 30220 3067 27469 5712 36055 23716 27179 22073 1159 16947 24866 36398 33630 3774 37763 16164 29165 30992 8545 37833 26287 27509 36846 319 32763 15051 16952 14312 1085 38085 17572 6240 29606 8283 34503 23410 28626
1160 98
23585 26784 6820 28364 35375 11191 6354 28250 7541 13628 23175 27096 26927 37236 35157 8461 22855 5924 24108 30574 35050 17913 31877 18342 19895 9535 3114 32751 277 21709 7414 20070 1186 8414 23591 34374 9051 32043 3075 23377 21952 6297 14610 12964 222 39734 37962 810 33025 5274 5002 19438 3865 39192 11644 16852 37705 26283 34721 31573 24900 5693 35216 20190 20541 21691 28795 37741 27614 15191 15827 30187 14442 21662 16988 29873 33716 36244 28354 18049 34927 30746 12450 38100 9032 8410 19139 7906 21299 29848 15052 38832 31267 32508 36143 17055 28906 31598
227 101
10696 26360 6767 7343 6591 17844 1578 26999 32757 17254 38362 2468 37691 17218 5977 34027 19911 10957 28434 18411 17909 17479 16375 13381 30682 34360 30954 1107 1171 15519 9432 2487 3713 10123 22979 9145 33620 35007 4022 4304 12748 7282 33568 37881 17234 13308 36819 29594 16267 18899 4368 16586 1310 15373 11122 34351 33235 38302 31738 28444 9060 30763 34215 2050 12977 5418 11648 5652 898 34748 10694 25533 3448 26686 33607 12154 36615 34170 29101 27279 1245 18569 10327 10407 12647 29224 4185 13906 28129 12850 13436 10223 9637 12130 2934 23208 14468 34128 10211 8855 22345
75 105
4142 35243 14141 25966 35404 12636 21949 5181 6253 5288 1562 15738 26097 32682 32006 17307 25933 34098 9624 15199 20924 35854 35264 23445 6249 20076 21798 35023 28412 36302 39098 9890 6280 18804 14699 2261 10119 15173 15930 33992 8532 20859 16172 24057 34524 19067 36202 37263 15699 7138 35568 7823 28384 29700 16904 4397 4268 22480 8947 27911 25686 35628 2182 39596 25066 3975 30851 10569 22765 39623 31401 38930 37762 31919 23776 5836 37531 228 18043 30022 32892 13836 29832 4204 33238 24983 2089 6069 6972 24370 20499 13038 21355 37609 18383 30183 15308 17866 30131 10613 26270 29048 22901 24197 13603
257 105
4488 8270 10659 24612 38835 18379 2485 37360 13738 4148 24894 38621 22562 19926 5231 36264 22434 38905 20609 23275 37386 12629 13027 33058 15309 15865 36657 11889 24039 33610 15132 389 4398 26562 29941 17487 18466 15337 39692 11080 28050 16198 547 36813 26795 9560 36620 4179 38559 16805 33552 29202 31489 13835 34568 16457 14113 995 2515 4144 32583 26721 11929 13292 11029 29151 17168 38601 30337 31224 8396 19761 23659 32129 37404 11842 29123 33638 36103 6655 38536 29411 33787 22547 7420 5096 23412 25714 27235 1627 552 35752 34807 13662 20937 37330 31013 10143 20512 28410 8357 28678 24004 28757 5346
543 106
7152 29545 16710 21447 32893 25420 22436 38575 30082 1110 17200 8552 24843 2917 27592 38430 4157 36271 7821 22995 33712 36907 25666 13718 22624 2671 13424 8763 2849 21260 35056 2439 16802 36721 23483 10243 22659 16718 20636 19337 20730 20491 36656 34496 37348 9351 36004 30477 3705 1390 2318 10430 26341 22751 38333 15377 25402 2796 16217 158 28921 20423 15229 30738 11449 37961 32251 10106 220 29324 2055 4354 8900 11802 5013 37491 28058 6184 35127 28415 29538 1875 26206 3262 19718 32561 6934 31952 36049 16531 12680 9574 11783 12798 18351 11395 16288 7995 25835 7629 1079 33779 892 23811 19066 6279
1072 97
31782 16396 38787 31125 21358 34625 38003 19971 22439 11081 37714 9226 7889 18489 2526 39258 34492 31238 17529 29266 11960 32161 35255 6143 19649 25945 4847 16915 12043 32665 25633 22673 19413 23931 21627 37720 8432 9930 10776 20782 23774 23163 18305 39494 20398 33824 14150 37501 33744 25270 38498 38645 32610 2086 12756 12044 12738 8677 34145 1167 4804 9414 378 7207 21153 17910 3136 6910 15482 18654 34236 32472 11756 3679 22687 6007 32750 25354 17456 15258 5790 30561 37590 36079 33408 1222 14283 39487 15545 13396 21326 7071 22137 30356 10742 28528 15822
142 101
30836 29784 36317 23819 32368 34076 23421 31658 6013 2004 30896 35524 31665 25264 34412 9980 34186 812 37167 8231 9553 37512 37349 10671 3309 7782 21721 35622 63 33720 189 10308 7860 1119 18672 3712 4496 24143 9977 27116 29470 13421 12744 33856 13824 8579 4712 13508 4809 10343 12472 31669 15388 27415 27432 30615 17303 8546 19821 8761 24897 3508 7368 16862 7290 26421 21718 35682 5572 23575 4208 8882 20550 18324 20209 22142 4249 11489 5012 4821 9688 25839 21251 24029 36680 26653 4936 690 30153 25021 28939 1520 18007 18870 38600 28442 3272 19820 25407 761 25653
590 101
949 38164 33676 11990 3345 26094 2389 15362 6453 39358 10795 26219 3169 27870 10555 36366 30203 2679 29127 33349 32351 5663 2868 37159 4419 39053 28317 32903 23518 6542 35716 5148 12216 14841 27817 36653 29750 24474 14100 1235 6500 10494 4713 18650 29582 11729 7141 32026 16151 28200 37861 15766 9521 33939 8310 34467 2685 27859 38805 34500 3356 36803 6595 21064 13152 14917 7054 25864 3147 27136 39231 26522 35629 2082 39810 21419 29013 3590 33827 14194 31264 32719 6241 9022 32828 32838 7419 30095 13919 39199 2032 33598 19710 14963 13502 30530 35240 22824 14928 36558 19553
303 90
12191 2878 19942 21750 16053 31444 26107 12076 28944 19175 34798 1259 15721 37621 11495 30920 13570 20031 10571 31286 35418 14347 33258 8976 25603 36825 30907 32815 12974 6237 17707 8589 26185 25228 4868 38582 26754 11094 28275 17832 31973 10077 22493 36386 19244 30260 27834 25985 32563 12942 5776 31389 15995 11711 28574 17517 27212 3118 4780 8162 13225 22521 31928 35572 33600 9223 28760 1529 2271 15134 3678 37605 34205 8213 37886 683 13575 33009 21702 1833 38982 21398 15768 15899 7401 19507 14582 9616 31670 39319
11 79
32344 37280 1118 7589 17356 36698 388 36950 31463 13128 1304 26953 30087 9302 24912 36955 38863 22116 21158 3302 30197 32440 35036 1828 23588 4763 12267 13254 31594 14176 34475 12936 30090 33300 25345 9738 8352 12960 23405 1449 11771 9515 14130 37736 3367 25845 22688 8026 14279 219 26002 7987 34893 22628 17899 7116 20478 37409 7919 32194 36177 10744 32766 3078 37509 14179 14500 16992 10819 5959 13955 21894 31686 334 23875 25095 24635 5947 36299
301 96
21175 19417 21770 37970 36887 10472 17887 28667 13996 23814 6343 35971 35650 6424 11436 7037 5360 8082 29906 17867 36766 28083 34818 15243 1182 2277 22219 25058 1882 38237 22042 20838 21551 20227 30169 17779 20338 33079 25517 1070 38014 37534 24959 3969 5490 32637 27173 2234 10944 32128 27581 24747 1342 8781 1461 35685 3928 27389 38119 5483 5714 38434 28686 33772 32834 11182 19641 9016 36775 28972 4866 12272 17078 35853 17843 23222 13015 8393 19818 6778 24243 31976 2302 30287 4856 20549 61 15989 24723 22550 16768 11118 7613 16314 5983 24576
1152 87
21130 31624 9110 22576 15112 12907 6251 39191 34537 3894 30955 28242 30079 28240 17733 21644 19812 25630 25185 25600 39702 29509 5838 33036 25635 37387 35751 32056 36935 32377 8301 651 13720 3599 7355 17951 29187 15070 367 27597 28945 26317 32228 33619 17273 6851 10342 13988 12502 10866 17739 2495 29363 32100 36297 6926 14804 10812 24861 14556 47 30370 1055 30273 34032 19524 13059 27024 37619 5797 24157 16179 23624 27733 1088 12894 34586 11825 25357 12242 13787 22395 5748 11513 6968 25848 18148
621 83
18081 37168 26911 9548 3068 31416 36691 25681 34909 29457 2026 28493 1281 22604 9822 21293 35643 26354 7651 38060 15685 5420 34871 6801 26398 5770 34639 32350 28215 39072 18749 38101 26389 7479 3095 23136 2035 5280 27215 2013 29140 34965 3801 11520 24563 39170 14528 26420 35713 36588 14496 18380 17959 206 24123 37655 24936 8474 37991 24580 17299 12933 2656 20141 22492 11366 14392 901 34981 25040 37877 16827 17029 14484 26578 26547 9333 22201 35026 35012 9527 36567 12879
697 83
35489 13177 5870 17892 9420 23129 2197 27270 5834 36127 11538 7674 12176 17516 3390 24059 34702 20239 31320 16107 35272 12558 163 26103 31179 1190 5782 13235 31803 20925 16493 36614 24911 6441 19841 8644 288 24498 35339 39648 22848 1632 35177 38485 34516 22418 16746 10716 11632 21632 31999 8190 30385 30555 2662 6247 38097 25472 3243 22837 12056 26201 18563 20453 29118 17491 26205 6118 16051 22692 14322 10961 1334 38903 11120 5043 36853 19287 5614 22066 11053 39034 37250
1135 75
27184 29888 28429 38807 39224 12380 29659 31499 38360 7876 28280 9026 28539 24333 2986 15201 16664 7776 27989 36229 5825 27262 29492 21955 19455 3353 34753 17075 25290 15523 9510 30782 1210 6540 11327 32222 18499 38342 6447 8004 32642 10542 14748 34576 1242 14155 27006 37740 35112 20964 21373 38717 7094 17027 31016 27394 32181 6344 3629 31278 30543 9030 25540 10461 16727 28427 25694 22656 26567 31626 15643 9884 5973 1451 9421
355 79
7066 28958 34331 27145 30771 16928 25149 19953 25780 37862 2061 34066 674 37260 27988 31512 30073 148 30722 35030 22842 25086 20982 15086 39765 9925 2528 13060 8787 34410 9613 28793 20455 6214 16789 32467 18347 4121 9619 5175 24769 34530 33338 24618 19946 37654 10620 4485 24950 29794 7856 15321 14574 16578 25692 23702 3954 25195 29404 3305 17361 16777 35187 35313 1216 28226 5427 23065 18552 32778 37103 3028 38793 30768 22014 13960 34742 13974 26188
1017 70
4048 38383 37973 16733 2640 12511 28076 35009 11598 31328 18214 13788 28077 16782 23595 23026 11519 27952 3805 3962 30266 3419 32909 13132 8623 36089 2346 10134 6373 35165 13682 6567 7954 31109 3006 1353 13262 29631 9752 34918 1600 22636 2775 15120 12277 12396 34910 29402 20315 29610 34442 33177 26659 38273 4229 25169 26968 5464 16458 28289 34078 18108 8618 23844 82 33934 28508 24351 22416 25751
1114 78
38193 16520 1756 12447 20156 10539 23079 18946 14009 37676 6544 18144 33977 35102 1620 12121 32581 37029 3015 19218 15849 25632 9742 16725 37574 36325 18564 9992 22255 35125 37017 31321 27282 21892 30009 280 20779 32279 10552 21236 23114 13794 33866 11528 32156 29899 39094 20332 17617 4668 31014 21396 38175 22454 9939 1355 16919 14397 21741 18835 12379 3532 16342 34050 14207 36453 10148 37137 1760 862 23799 14088 5306 22357 31751 4016 5858 27273
585 66
3501 28027 18339 34448 9088 23956 34297 35065 34290 7030 8299 13139 21517 6128 2355 20891 11453 25708 26848 356 26965 13347 8110 4462 35702 11468 32710 295 32234 11792 33640 32210 26165 19199 15326 25560 36744 33510 20790 28611 13654 29579 29205 2654 26763 22153 31319 22541 6402 31885 2969 17773 21092 3274 23141 18063 22915 13903 20638 16073 33495 16374 5442 31261 5745 11553
852 69
21856 23835 9055 39182 18152 16622 14018 16112 10362 38435 17224 34705 31234 8000 35750 28351 27754 6418 35049 6627 28721 27422 25552 15835 15076 23837 6953 17266 7252 17062 12508 21309 30277 4239 34250 14492 11897 30852 1771 29267 4310 36247 30020 34422 4116 17561 36831 29396 5463 26330 2188 22275 1818 15027 33942 19766 5876 37104 16028 25641 33334 24611 37742 20131 28273 30798 6324 16444 32762
893 73
4670 37336 14854 11409 29281 25902 34237 31908 26485 10689 20487 955 21333 10181 4742 14818 18452 29098 30441 30453 5457 15312 29067 20664 3902 25317 17289 14981 5378 38850 23441 29186 24722 3355 17864 12587 19591 7864 27266 37088 3247 3744 5303 33967 8705 35580 23311 35345 37477 7240 23358 26496 27866 20331 23737 28863 20837 39693 9249 30112 31231 22332 28829 33515 22633 19657 13382 5766 858 4637 1299 28184 1579
295 74
27975 5796 39107 11560 39013 347 30124 5049 36977 29657 21141 39635 37398 38637 20796 16759 17110 37837 20850 23638 10386 11437 32906 14227 14740 29603 26036 12812 13431 25004 23193 38781 1563 3535 8817 22254 13472 35988 9785 7183 2466 14205 37228 35004 31835 3315 18609 11116 27295 20915 24756 17509 31087 16716 786 1291 20241 13099 14419 27544 3921 23446 7503 22342 3266 31975 12319 19321 5435 12525 9217 2415 3987 24970
1120 62
38313 25109 20140 719 21379 31027 22791 14403 2614 693 11666 25505 5176 9662 22233 36410 6284 13785 18256 19744 17525 4153 34650 27490 2607 16890 14575 17012 13572 24981 11744 39612 35003 10295 12389 33528 29722 24976 17460 32408 13164 16023 28849 29555 26938 2227 30991 37364 7013 7695 29371 25013 18187 14752 9349 34469 26539 39645 28867 30101 23011 35139
480 63
14418 33933 20193 3876 18715 25022 23259 2681 36115 17316 13636 2337 33973 3063 4529 14938 33576 12625 18160 15287 30259 32735 14992 33663 21805 4325 24592 17279 5747 34121 9263 19316 25103 33805 18657 38176 32809 9354 2012 37633 11593 22309 27998 29775 19566 25549 22841 29064 10290 23840 21848 10170 599 30999 10787 22320 10350 3918 36196 36305 39770 38354 16996
841 65
39664 14996 10332 8846 32533 32407 29298 972 25656 37986 24287 21885 36689 1431 8996 9534 5930 8354 2440 25308 19012 912 8036 27463 6187 7914 19571 33262 22427 5971 25097 17911 35321 35164 22256 3738 25771 16166 4136 25722 6558 37671 1111 38799 25190 2589 20675 2532 5439 12509 30552 39433 19547 33733 36537 2639 30010 23420 25768 2524 7523 32245 39132 30931 32421
426 68
24400 22503 26163 38197 421 8021 24009 38108 16693 4171 38869 1808 26822 9005 6962 28080 21794 38350 28764 23003 33083 5785 3045 9330 7803 25295 24750 15693 19043 36635 35262 1513 18660 11578 38736 6575 21881 7863 2511 34850 36358 29596 37288 29783 37982 37054 32481 13390 16148 25532 30592 14875 9416 21647 145 20402 36652 23027 34992 21927 16489 30407 18700 2779 26027 35526 25127 16443
904 57
26652 37673 20791 6080 23170 2911 32444 13979 23487 8989 30059 34852 6924 6914 13723 17943 30713 3197 33898 26794 32788 28614 4305 26014 1594 7763 23920 37620 25024 30267 17703 16287 20830 21713 30387 37746 25729 9768 15402 12067 38179 21860 6378 24541 6521 22242 38487 1742 17885 5828 11215 39020 27036 8706 18571 27742 1540
206 57
38196 26662 9481 6740 4139 6563 23725 5634 8780 10483 38046 20292 34792 4190 32165 259 11027 14843 13456 14771 34142 17793 17966 14382 12105 27397 11244 20408 21155 33435 36507 12898 770 8094 8045 9698 5127 8249 24458 34892 17364 8456 9327 12099 22894 31749 9714 12869 26555 35573 21441 8592 15122 11141 34015 15528 8043
729 71
10558 38991 26765 16615 4995 26964 26524 523 3648 31869 34284 4679 23938 31929 28261 19451 32588 23813 12102 14111 34710 36295 14023 38858 14734 18951 21165 30078 2147 20844 36718 21890 36390 39706 36741 22896 7255 20690 28417 36431 24429 14151 13907 7193 27199 13179 31757 3779 23641 30181 28244 12760 11281 13637 8491 13925 27174 20003 7584 15401 35959 1542 25322 19917 23878 19266 29786 39124 8331 20974 16527
1128 53
23024 12065 22806 9505 23634 33798 16873 20561 15364 1539 12449 17377 36929 26338 36077 1832 8538 38912 33514 21575 23572 30935 25173 24705 36262 17115 32190 17670 29697 10723 24090 12362 16581 4883 22131 27228 28147 7928 32224 6488 17238 13220 4272 27926 13359 36288 25928 18384 17689 16353 36213 4535 15730
283 64
10299 25915 31139 26903 10468 38716 17709 1486 7676 14273 5662 21019 16029 35195 9448 7487 16453 12171 27021 28723 11142 13150 19797 19225 22851 39802 7969 37036 39260 10100 32120 36110 39415 28281 6155 7497 34229 4677 37872 13133 3596 38862 19560 30867 886 11359 32858 30649 2877 10203 5194 17347 4146 26128 17070 37582 27788 5174 10713 31613 1861 26342 9704 1098
231 51
1063 38361 11706 28771 16949 38280 27223 31482 13340 38216 2036 13777 36230 33378 15759 865 22250 18504 11139 24932 25374 27088 2569 35155 3128 12145 36156 5595 31438 16577 35360 11868 11275 39341 20559 6763 17681 12496 16378 14718 13293 24438 12278 12228 21649 27816 35660 6805 12349 2645 29521
832 48
4932 37629 17281 12199 4380 11546 22780 9667 9778 39120 34005 14290 17466 3149 25412 17641 15866 14724 18065 15209 9556 18450 23619 371 30881 7581 25790 18689 20006 19363 21906 37471 7942 2446 33989 30539 18941 28908 28796 17249 29536 10233 27738 10179 22339 20617 32364 30317
576 50
27628 1030 14830 28716 22041 37785 6927 39671 8707 8713 26303 3775 34875 23642 14213 24286 23232 12311 7006 20979 8864 1376 11098 12085 23280 35495 3674 39672 18806 16568 5511 22031 30678 21020 6102 24317 10781 19403 19897 12177 3957 15160 31496 19656 5958 13367 12434 34177 21189 7304
796 48
16513 17442 336 20997 29035 18421 28888 5209 12354 24234 25561 25805 11018 14833 17663 27069 24134 10642 39642 28671 39785 22278 8170 24999 10466 7190 10169 10325 38801 3112 33871 13880 23930 9085 38028 13905 22694 39398 6368 15703 36206 14977 22195 27640 31638 34514 35093 30162
660 54
8235 5750 13442 6499 14056 21699 13433 6749 17963 3358 20514 15959 37189 8302 8848 8877 1933 14795 12584 18412 21846 6752 17022 11739 8632 27085 14165 26769 18217 21096 31368 32206 10475 15254 15684 5575 31229 568 4602 18166 7647 28925 10587 10839 27205 20511 30651 34481 21386 14264 13623 15281 27232 16080
722 43
12868 23102 30928 23688 37933 32833 21836 22435 8269 31898 2464 20524 7090 39074 32548 37455 6557 35833 18013 26594 31352 19965 28343 23713 16609 35962 7328 24275 8032 25713 29350 38739 9440 38561 26424 20839 19186 14973 21278 9458 26661 35865 26564
174 47
19516 15928 24340 31407 39617 35257 12483 33054 8903 20119 15616 37529 39299 23112 29507 28451 35408 18111 1095 14359 3368 9841 13964 16826 8363 5963 18277 1951 28531 30606 5413 14593 18511 1205 23162 1442 26761 24771 23373 29769 36888 14906 28642 36993 13809 38951 10448
1060 47
7211 35770 14827 27872 36895 28729 6933 7026 7880 6662 25449 22410 19057 36871 27114 4511 7070 19036 35270 36806 17000 39363 8862 2633 5632 1476 17597 7960 21415 32875 23034 30164 15277 29825 21747 10544 36577 8702 4028 34972 23627 899 28362 38039 14164 29737 20623
120 45
14334 25612 2471 14493 20652 19654 18156 18983 36704 23103 35873 18658 23467 12025 8762 3873 35067 1979 26467 4664 14101 20008 37182 3510 46 7720 34641 24651 34802 9181 1143 2178 5529 116 15232 14672 2745 31571 37019 36027 30139 39757 16494 21533 8394
5 40
37340 809 20545 30743 9678 22095 22724 25506 26849 23764 33409 6468 33818 10736 7145 7893 39206 15922 10845 12958 10567 20048 10161 28818 32322 17801 21754 19227 26540 19840 3035 39369 8962 10566 7478 18585 15133 38470 33741 8832
533 42
38484 1335 39469 12482 20310 27709 15024 15546 34670 25122 35239 36474 9523 8968 17584 38034 25957 18909 3456 3230 4880 24657 5142 12771 26054 9795 9282 29544 18045 33312 22280 17302 3152 36012 39390 32473 17176 13715 19206 13466 10979 15892
698 46
3531 39413 35669 4948 20694 21001 3897 4899 35533 11797 35922 29056 20885 13095 68 30149 12090 6223 6531 15910 35933 37610 18805 21676 6307 38208 25558 26978 28909 6393 20566 14456 574 8399 29173 31660 22351 32713 20267 28010 30967 9274 28079 19256 39423 77
1016 37
6019 15117 24772 32091 7179 5089 14107 28812 29435 7412 3899 12607 12657 27631 16059 12201 31876 15417 32560 7671 21424 8057 14263 24165 3060 35847 7814 5647 5801 26076 29870 19873 30041 1804 22327 37839 21320
611 39
34278 24746 12858 6049 20780 18581 19966 21228 22729 13253 5143 18610 33810 16398 26586 12935 11353 29130 38624 5451 36574 16736 30924 16760 21987 17386 33704 29881 20544 21650 11634 9869 26143 20578 19586 6537 771 15542 38709
1079 36
7400 18901 10349 32324 15903 12853 3071 33847 20400 30588 8105 6476 17014 29854 37207 22070 3172 4295 2785 16486 16931 23236 27257 857 25235 32471 28565 38557 35849 7838 10180 34082 34498 19020 467 1898
605 41
37593 2024 15248 1659 14399 21608 4543 33472 31380 8772 35571 25974 14635 12844 35205 34678 16079 34175 32803 9359 37277 8549 24776 27912 1920 22722 23520 4465 30542 27850 29002 2048 31071 28325 32239 11450 36771 36047 14514 30049 25425
1047 33
32621 27083 19086 24125 6788 34399 11736 36526 37127 9685 20133 11676 16492 17410 98 31728 25214 5417 33315 15654 32567 36086 22397 2667 17080 25646 28842 9522 26221 10060 7598 3252 8135
80 37
31230 33996 33056 3784 37396 23570 27125 12993 39323 7967 31130 30436 4554 20458 2548 9976 16139 3340 26850 7429 17840 1035 33567 29122 23330 17916 2846 32955 24118 31411 880 6956 18721 32667 14622 13239 23293
752 35
32674 24120 6758 590 11043 27256 17379 11320 30602 10977 28879 1360 928 20328 19876 21973 36307 22781 12820 18574 14497 15116 7978 7656 26388 26870 13190 14934 1726 26950 36911 14624 25615 9651 33662
583 36
23881 12443 23117 4771 33834 29973 27896 26780 16013 37309 32771 8164 443 30293 36006 17276 28509 3245 7774 15805 29710 27893 4930 19727 2948 1625 29200 1720 6766 17067 2605 32082 24280 10090 503 2815
935 34
31692 5129 4823 22542 9609 35120 37324 36928 36088 363 24001 17367 37549 34202 15446 33446 30114 29913 38581 25080 33001 5802 22428 2180 30625 28550 35474 36502 11905 15189 20300 787 21312 36120
