55
501 1759
13682 59167 43295 63932 32493 14661 26275 67366 37982 7349 37945 42219 22559 44381 65345 54929 6674 63519 5674 40090 43960 10044 22321 7362 9505 55800 46278 50738 68192 49792 45297 25953 421 40314 67377 65657 63454 43667 51189 27352 49007 5988 26518 48681 12997 31791 29233 22744 17178 24219 46622 56076 38575 24430 15321 52923 66748 55423 7882 36308 34721 55732 11232 25650 68333 63744 9718 61081 24245 32601 61919 43548 60566 54394 14768 60058 43472 45915 31073 22885 17532 35360 59464 63340 56074 61367 23617 56820 9980 21879 31177 24457 47075 37928 28946 43832 69308 59251 62387 7576 41234 70458 22758 17409 35189 35273 19577 69857 27570 23425 8862 35310 44653 43385 10097 3442 59272 60486 67113 43729 65912 12410 30131 27758 700 3552 49382 51439 16423 33514 22441 43579 63633 56595 57105 51317 35084 7143 48095 56713 32828 18474 6707 66153 35461 36223 29162 64006 61442 54968 14910 44824 10518 45579 25400 30628 6188 54551 62828 19329 68858 18064 11765 5453 19320 66217 48694 50454 34550 11282 25439 64412 48420 65797 43724 11108 51651 6547 41153 41780 18437 62553 54446 29980 24150 20425 58318 34297 48645 42261 15428 635 8669 59005 2009 17493 21714 59128 56485 6829 24857 47973 44096 48801 66807 47389 37676 7122 3669 32756 41291 29863 60326 49462 8804 53168 42330 46952 22779 10551 7253 4066 20464 16410 5150 35364 5112 38497 23030 46000 11251 8028 65965 70527 30435 2346 23200 45965 50373 18606 59919 10976 66091 48226 23905 37228 50360 45164 5260 43958 48255 19615 29273 70863 2182 63680 53382 29279 38026 30960 4117 62305 62793 61635 16708 39283 4105 57563 25579 5361 67070 57078 44255 32940 27551 55960 61747 6522 68306 48742 56718 47662 47859 61210 14994 46262 69390 57433 50673 10707 11665 66842 66951 64321 8321 25843 47806 56502 12619 21243 3067 50443 68371 52405 55042 37127 6939 15703 37252 38567 67300 68992 62732 27219 48791 61214 37090 56533 44452 41130 41489 1357 2142 60393 68996 4957 46934 52560 49395 19043 3004 44813 22740 6508 11174 69119 61753 29186 8901 37860 39037 57941 24507 30660 3161 29732 41490 30839 17869 30902 25095 29442 7039 28541 5067 59773 16524 21494 52798 49533 31132 40099 17471 55362 52018 60241 29909 10668 27318 49584 58050 4732 37513 13744 24629 13323 14066 19241 44303 383 66587 70692 29845 11233 23765 65301 10386 23408 3215 66408 29153 17052 22096 67193 55303 52162 49051 69861 50765 63216 23096 39642 50150 46313 54515 50480 57123 17663 57686 4862 33905 6927 7065 31857 62438 1161 40595 36788 68252 706 52620 44907 62473 67100 1993 22811 40028 24854 17035 33940 2541 45783 13887 34709 14803 7676 41983 26340 63647 837 47180 51339 15025 30776 10378 471 835 17826 65969 19308 49092 58312 17921 43023 20376 44733 53327 62841 22738 14458 26791 55483 8088 37410 65449 25267 49884 64092 60678 8309 22487 36906 61883 9776 6334 58225 67081 5762 22769 13853 2599 35773 69545 45602 12935 42000 45496 17031 70453 31661 56574 24462 61732 45508 50467 30710 10432 11412 27975 56817 29135 13105 33954 64251 12510 10293 51878 31722 21416 5377 37595 26064 34820 15032 3746 51515 14871 20388 21833 13759 42607 15558 28059 11990 12814 46141 1221 33164 21671 35580 48088 64949 31970 23803 15748 648 68362 8363 25244 14862 53588 56491 29631 54469 17803 51216 26964 19739 15795 25262 5165 15251 39854 20572 30030 6570 61297 25870 30044 48029 40129 45873 17322 18240 51224 43518 33380 6153 49327 3397 69900 29704 46616 22521 50674 31478 54389 40433 33124 28005 42217 35309 3082 33115 26194 26632 68724 58099 51153 19169 44880 29203 17078 23214 20562 46866 39603 7845 20587 42768 35208 69124 60090 50218 38072 20456 4743 13280 43469 61038 4309 29134 1143 26208 18534 47545 11761 2356 58401 63502 44219 4731 9088 17365 39841 12672 13448 2648 24542 69867 41314 41830 61770 45831 45844 38804 17377 58871 65149 12150 38020 47173 67867 17235 9242 60273 48004 15445 57674 1689 43270 24378 2516 8041 24821 52369 40201 23830 48502 3844 25600 68267 1660 43471 49370 8561 8605 6729 70467 44095 15549 24695 20989 42256 66969 46505 43043 38948 11123 15875 3996 66396 5134 26153 18028 19121 68344 24146 16977 23164 48066 15350 16419 16264 14274 51187 48131 12118 40905 61867 1623 57308 13193 5116 10490 2761 56153 37338 49789 68615 7756 49246 24705 50477 23868 48272 15600 31989 9296 57110 36692 70307 9852 38788 68827 52548 69260 33413 66845 46643 34935 47313 52130 61047 9091 1392 10460 12792 6741 64675 67017 2030 35831 3824 12695 49616 22250 51121 22956 10767 6963 48581 24626 63138 16438 1334 34861 19905 3952 57588 37192 5350 10461 51483 26950 15400 24989 8771 58457 50770 6980 9937 19661 29277 50019 1157 6471 61777 66121 63208 15583 69959 61909 14273 30685 27944 18057 22647 47298 63963 53175 66538 38592 31385 7357 1899 40014 19776 45088 24954 41914 18721 12813 66251 62959 62987 20649 25309 52646 52648 64972 44821 31187 39010 11663 65300 66927 63294 57493 29103 33219 29938 2193 26958 48916 20382 24495 65871 62138 6605 23058 24298 54614 58822 69214 4065 21317 4961 33885 54619 14014 64969 27240 23275 56150 48057 450 48242 57299 54417 8178 25576 39537 1849 15663 8285 49279 12655 46368 13640 22746 61292 65551 8314 70230 2435 64127 60658 60975 61415 61748 66635 34147 2676 69051 29584 13705 26644 36768 968 46923 63886 56121 32202 45284 26175 35965 45199 69296 66302 26304 38879 55288 10745 15038 56649 49420 28949 48187 3202 48529 4439 34278 44746 61696 13379 58593 35780 8182 25993 51469 9283 5353 55984 56087 20683 58264 5550 30374 54110 9439 51256 47167 64504 13494 42973 15210 35769 13279 6453 6599 40297 41060 16673 4588 5542 20868 29257 12936 70658 14936 36112 33651 29616 5563 60340 44100 64615 3439 26767 12154 34172 64672 40633 16910 2639 123 65658 41876 34214 42789 8095 32960 4324 67200 60921 12022 38490 46816 55306 59603 27722 26556 47706 2845 4686 33692 26583 12297 25663 30055 9925 14038 4621 6124 34512 6024 47054 35730 16329 368 22300 19080 28638 9435 64725 60740 61844 54235 59393 33725 25711 29949 30946 23649 52768 54282 39445 6776 3636 12623 21177 58972 8447 13346 22944 44348 48631 7740 25480 32048 32650 26093 28180 36840 63410 24699 25582 50648 30680 39914 5565 18076 51806 7863 40792 25648 42246 50874 65056 49706 29872 66740 34804 8761 68279 42325 27897 62500 5924 27089 2593 44274 38089 50587 26097 27509 61213 2005 18653 10732 30177 17401 38985 24311 70918 44016 4564 31131 15332 61336 48329 17894 11463 59171 37113 16858 20958 55865 68750 26209 67435 59430 24095 4051 53368 1189 10381 68761 64764 41486 21305 52014 19762 54171 9294 10726 60311 58993 44113 33445 38348 5780 6264 6874 56397 27903 23930 38315 59785 35409 44049 20558 45488 58797 55338 66468 21478 18392 37977 14709 63936 57186 45896 67173 56349 4581 30052 13339 1731 6057 53104 49668 66184 45802 17642 5607 50691 43073 28409 58810 47101 39406 57727 9247 46656 70143 70158 21738 27447 60786 13951 35327 55869 35684 60970 61719 36379 17585 14260 14572 35314 15733 44785 69432 33448 62146 8527 17744 13624 38536 36875 35180 45291 57603 12915 21168 25476 33902 6631 49829 42011 50447 3240 40657 65611 65682 47912 7133 25242 55354 10698 60586 56774 20171 10514 19260 13103 18999 48273 60766 52912 28479 41790 2308 57152 33366 30656 14893 33045 33126 17934 68998 30147 20164 8712 70367 46471 56468 69780 13284 5147 60928 41915 14313 2397 24131 50638 3042 28231 21204 39468 36827 68618 60466 33920 59200 69875 44020 28185 34230 6667 58041 1213 9930 22565 58751 69879 50604 55376 18919 43777 35804 40002 44341 29595 22476 2734 4120 18953 60136 28701 29890 43115 15134 56763 60991 70072 38714 51663 44570 4985 42137 35648 60974 37843 43761 29730 1390 46080 21606 26284 60368 52929 44806 53479 53316 60559 56576 36208 26618 22552 63758 61481 33656 22729 53982 25885 38593 42894 51435 2564 6807 62076 30410 2387 68871 61484 21911 32371 62169 1863 55234 51669 48414 22501 8091 68443 48766 58937 67168 48235 32050 21098 30153 22550 3077 7820 70734 5909 63419 1769 35894 48797 16997 45750 62739 51080 15922 7842 62653 54608 66976 1981 3073 40692 1222 5675 6131 47827 40371 70107 38899 23097 15199 40158 2120 43891 48543 3491 49030 54409 43071 47379 1413 66956 38350 20766 15144 48160 33611 67889 63915 7394 12882 13393 2147 19045 36680 9220 18776 68088 4858 4875 1435 63004 13142 59367 6680 168 5590 38698 59718 15201 22490 26603 19036 51450 43397 31425 41366 3255 33088 29016 37961 36809 59069 19201 61666 33931 39694 43486 7472 4334 20855 9730 55625 14984 47783 61206 70166 18750 54863 15495 56948 66423 27720 48510 9177 66614 66325 27540 7795 36560 54509 59048 31881 40124 52939 45971 42822 58778 34337 67539 10729 41316 21246 22209 42867 21321 54497 43488 23241 65004 22463 31784 6158 7498 20264 32800 41530 58745 55556 53289 4399 6249 7461 48074 3503 17939 26638 10837 45030 20697 63137 22512 60012 27723 16771 42163 14682 13820 67035 70819 17979 59033 40031 57453 59176 69447 69736 43597 11763 68264 207 69919 13067 3476 21426 51613 47936 45812 36609 4389 66636 62635 36805 19545 60666 26289 52672 49698 965 34319 14752 3569 22556 31014 40093 11426 46467 6595 34668 32283 20816 19551 40496 33527 39684 3160 6665 30104 40785 25185 41784 25460 38398 65159 69624 45195 12874 32240 51783 19376 24639 53805 16966 60637 16604 31251 40163 33307 38561 44252 24433 13590 36181 7890 57623 32962 21577 13613 63343 34725 46784 10161 43160 41421 5682 9983 7311 39726 60665 13388 2419 53407 61839 54388 9544 19475 67481 9096 26171 11704 256 42720 30436 27229 43395 10894 36260 27020 53091 70809 2154 59536 39383 34355 38478 63930 3120 62775 18345 52503 54689 12315 14139 2700 62225 61716 53525 17254 27156 63452 61403 31805 65102 57201 57830 16835 57965 9170 46571 48209 19016 60292 17911 30553 16584 42626 60472 65328 12113 52907 25825 59754 51013 52308 863 42802 63613 3745 16418 42623 47889 20603 38891 47919 64799 15012 41126 60330 36345 17284 33719 29757 63685 67941 41611 60605 4094 9939 46773 10253 42082 2609 36620 54534 55760 28028 60279 6848 55896 59541 51874 40094 50596 34653 29359 23478 67946 12024 2228 57319 3178 49690 38627 31373 49136 8377 12159 17755 70847 63599 18714 52202 21538 69850 19354 43067 58205 53850 42286 43107 67015 20482 18466 46789 59357 24591 7721 46454 25660 22326 28258 48195 53376 6792 66201 13947 32795 28149 3929 61551 12399 32909 49340 49580 53691 37439 41572 4990 50050 17362 37904 62652 17731 17751 38282 42512 46653 30363 30378 2210 22699 22707 63956 47665 35864 19805 44446 64961 3591 69135 52756 40521 24179 28357 28558
92 1536
3018 66592 45335 66938 32286 25023 23892 16194 55287 36146 24098 25240 15938 3211 60797 36557 28366 33765 22475 32292 45350 56609 1859 20921 58025 11919 58244 38163 395 43219 50563 28527 58913 44008 24072 15510 19324 61299 4244 21127 64278 40599 58881 67739 16217 43675 14859 64322 34221 766 52758 7669 2910 54634 15348 53709 49895 32398 38236 12267 48558 42871 18760 10784 22557 31147 65756 3371 57427 40681 52056 70481 5010 15360 3462 48138 3910 29304 40845 67374 38221 62941 48068 65957 41386 14933 28966 55491 58528 43029 57235 21164 47708 40352 42259 10739 67455 30053 38554 26203 24926 57492 57498 33979 59391 11241 69681 30688 40413 55950 4800 8659 29708 24187 26091 61597 37877 13896 11410 66822 16769 10818 2477 20557 70582 46325 30549 68700 23197 60158 54311 40465 49786 17913 63586 65227 46173 68716 26298 45649 18666 33369 68224 66802 34846 29303 36194 70289 15382 41437 15502 69171 60824 37255 38820 66833 61208 30369 63401 48702 54215 389 15133 49325 6164 49909 17782 45673 70859 7458 69315 69735 31079 4980 54365 57272 49964 59512 35679 52218 29049 42649 38364 14418 26676 61924 49274 9813 56291 6633 12225 11503 67462 35202 7075 40203 68251 12484 27938 52950 40343 16787 3084 62458 52862 69934 51474 9460 43818 27501 13417 14043 32463 39444 58114 27481 62340 38568 55104 769 37213 56082 61717 38983 44379 44662 18411 19507 604 35221 70844 23419 44757 37128 70054 38286 33551 3205 37737 8243 38787 39186 24559 42297 2877 52342 15237 4214 38023 42877 35354 16646 50634 12821 62581 8763 26218 23477 23572 9446 44266 69234 36732 69092 66180 34108 43324 59836 64847 20200 12066 30724 630 66286 69314 19991 69382 55626 6304 41509 58159 10099 31141 12552 98 41379 21247 54132 5845 5055 32504 17323 5466 66861 855 35498 21897 23604 56842 26643 46734 373 59560 25817 67422 5636 17004 19330 16347 30364 1331 10819 63645 66200 42009 45457 8247 38758 2954 54673 12095 13573 46936 40608 66628 7885 52255 19865 46609 4722 32997 66381 27798 54860 55358 41528 17028 20112 10391 29306 54931 69801 63037 47666 54547 67344 67556 53953 13604 38355 25722 20700 55361 24548 60306 44749 44963 62201 21457 16154 12051 53220 54660 31849 24060 70744 54560 55002 37292 46690 57849 57917 51378 62209 36116 2532 38102 9471 20853 65809 58095 33710 18342 17714 34936 33696 43026 68908 46286 46737 66454 20074 15219 40083 9038 3009 21106 21993 56505 57185 3587 46154 6904 48626 59519 43874 3224 28840 70431 40411 34427 52441 37288 57261 50302 57071 49004 34240 56181 54240 7414 50558 43945 21824 22492 51199 44634 22193 63254 29031 9972 18996 17510 58865 52229 30818 28232 5414 65718 66510 42674 42686 1979 54068 1044 17963 54316 2749 3888 69540 16000 50580 43463 27483 17476 10857 53798 60683 890 2229 36860 22025 38551 7301 10373 1253 29420 37925 52387 37628 21867 7206 109 41087 42095 1626 11357 27775 6186 16298 70391 24276 53702 36602 14346 48493 8194 49399 28090 65685 35662 68611 19703 38383 41755 43424 23718 1215 70377 24427 43505 39116 31843 3614 63813 24325 19450 44177 60726 37830 38362 63188 52426 65849 26467 14115 14701 7524 8273 25122 26924 5178 62795 39679 7492 32150 49156 28881 30191 22623 69441 22188 1687 52192 68710 10062 51990 44549 40009 64899 1521 41746 28256 36556 5813 16238 5817 49645 1163 12023 65219 63917 59151 7308 61148 22585 32378 49762 26790 37468 45797 29774 17516 28240 23121 8699 52781 36465 20865 35224 36855 10182 20975 70704 62760 5649 48222 43962 3181 44977 60293 20168 5206 15063 1820 8572 69913 49110 57336 27519 12222 12627 46397 38511 23638 12933 7 2802 12896 5020 8117 2329 51487 55021 68187 11448 62140 5005 34121 47395 59231 27516 34742 60185 20620 50410 52016 70624 39538 36772 36780 62588 61511 47966 54517 50093 37233 23712 40908 16591 60653 19918 19089 45031 70808 56841 10556 61203 4751 13454 30403 56775 57396 41538 56325 2805 13394 46749 15704 59598 27129 13009 10273 35813 60853 53653 45708 30075 23895 1891 4058 1047 43754 30298 30417 40455 507 5707 16430 6280 7112 33748 50453 2866 3270 64122 17666 17704 51161 70370 17212 6269 49776 17194 66442 61477 22346 27033 19285 44969 12285 14721 6656 31713 1965 24568 8144 29614 22562 9763 952 68518 54145 45993 56651 27842 3847 462 32084 17223 26687 2775 62555 5834 792 56220 26786 43239 67930 63064 48208 106 11750 4963 8544 886 11920 23427 51420 70566 54423 51532 59863 3717 4914 48799 48359 23946 49145 33957 55055 42007 51043 59572 61202 24684 57700 42129 63946 817 66849 51451 25887 20423 40629 27324 11278 36428 22017 40883 41730 67040 35477 40446 67820 44772 37777 5743 38771 14877 42725 51424 4385 21741 9458 51792 63939 6690 31463 17776 2786 62002 38583 6175 48863 46084 32174 50069 44403 13260 54427 68401 13801 49143 24794 66043 35022 10467 15666 1367 44840 48435 27646 61411 53706 32130 51778 19717 27927 53401 45706 37833 40082 15912 63670 62889 40245 15735 42455 52568 7355 19397 45274 23004 10618 31321 1376 22395 2531 29831 30749 35463 29943 50816 55076 30833 55668 8446 67987 35261 11998 21693 7194 49146 16995 27364 11155 28047 62332 65695 26954 19664 31378 44882 42545 18690 43907 65516 16507 67353 19663 69795 16088 66605 27605 12533 21302 6273 39284 26019 70167 48754 18344 69669 31481 49187 28646 12470 47116 6321 46407 50968 22587 24506 40568 4589 53902 56848 24220 35858 70662 63376 47278 14292 47606 6796 7887 48841 33377 35473 29585 70585 63972 15316 32473 19187 44298 53970 37624 47569 49546 5240 30674 48534 8440 41501 58089 58617 37669 29800 30681 24063 66027 712 24567 493 57966 4786 63207 55789 51440 61342 47429 29117 68016 20020 61651 39228 22935 6576 31194 42961 20710 45506 47894 40587 50511 10846 8079 65559 2091 3312 7459 45104 30924 5666 31630 7872 2892 19675 67138 63154 38634 47928 28071 49790 9780 37615 8278 24707 50977 30622 6544 32664 45225 6983 42155 1400 27482 19914 8848 19849 12988 30017 34103 4240 55197 35857 25574 17389 27554 7579 10338 37310 54421 14992 40800 28317 29222 5317 46458 15061 49433 11204 16292 53199 47422 14908 15342 15752 16483 45819 38270 41086 34944 33780 25996 5111 46937 6027 24357 11594 39851 31986 40339 25365 9878 37082 5985 7925 49307 49813 9588 6367 67846 10740 61485 48017 39878 64955 18122 23820 43072 34972 68663 4689 66992 26280 43074 47335 34384 9962 70503 63316 47089 1716 28639 30228 66030 70817 13783 45276 37384 70477 9942 59458 52659 3736 7364 26640 29835 2990 20740 47300 15496 32918 33591 69757 25704 26371 10793 28925 31271 36185 53781 61181 16924 11620 2360 29898 47883 9182 56416 19987 43082 56146 7080 8438 49763 19404 55300 23022 17766 59119 32469 1181 10126 36309 32614 29250 67326 20604 45489 9044 9957 65927 33365 51729 52594 7408 48904 2261 6116 23042 66456 17718 39780 44578 489 35401 36584 26302 28473 66875 10332 60455 39599 56603 52434 47426 69635 6550 58369 10715 40691 4572 56346 27362 28919 13302 14398 23116 40933 17683 68571 22920 52125 32871 3272 12386 1870 10621 36743 20284 41330 58028 61756 47314 25302 11167 45147 55389 56647 32419 65643 33081 14586 17380 1330 9681 35616 53965 13028 57399 44359 37594 19524 11450 29431 39203 64216 58883 12149 31071 50376 34661 5262 47967 49239 49537 5212 67547 19474 28433 9858 55326 23453 33973 13592 23812 19090 38599 51315 60801 22113 49124 5137 19079 14262 56011 8847 9332 50791 15093 49251 42106 27865 13663 6615 36750 49003 66991 27008 44613 13071 11363 65796 41506 55949 32561 4017 48798 492 9614 29408 7289 44003 65013 64249 40311 335 24939 67104 3802 47588 23657 14729 7302 23748 2050 60585 70528 26889 27059 51804 43806 67821 40495 47263 21690 37694 56017 60478 23293 40182 57516 35131 36300 36709 7668 42470 50887 12665 18142 14775 39352 15174 38778 10885 61503 51453 3041 13580 66097 68445 22874 19446 20332 31966 873 59581 20331 38149 13946 15187 7226 58482 7320 50852 19319 29290 14417 39559 49063 57642 8958 17465 54491 718 32248 49970 17735 36257 29922 6986 55429 57515 18502 50054 9459 11487 52954 25536 67528 54133 11828 32517 51170 69444 50414 27199 46340 7342 32058 41622 43805 62584 57075 25724 64608 9187 18847 3414 22913 69493 70310 48976 59483 63511 55396 24929 57985 5997 50505 42812 44404 56090 8175 17786 34971 47145 46339 38190 67274 3207 48193 70365 4920 32562 2241 28941 11975 28890 27552 54729 14146 64752 67851 69014 46826 4153 45320 32678 11165 6526 35892 52327 30932 57001 16567 10878 69585 19282 22363 15534 55586 33196 43564 10994 63003 39703 58053 28831 22119 20320 4021 45179 5283 35006 34342 8643 68057 68337 23023 57275 36384 64024 8109 34045 30085 41957 45778 63608 65395 34323 52740 31800 35315 32033 28319 48512 54617 51243 55879 783 62619 5480 3005 14570 16451 6231 9264 33566 12296 61934 55430 60106 66630 17832 15989 66480 20340 10194 44858 14408 24622 44788 8411 10848 23049 43988 57059 65442 39371 52003 3857 57143 66505 65824 11655 31279 49516 70075 61340 16615 44375 5612 57801 47100 19145 51726 65573 63496 55398 61896 21102 1351 15920 10553 25515 27077 35686 62461 49527 12476 68427 34838 24755 41678 1057 34127 1994 67793 35065 26973 51586 68021 51745 43578 3143 52353 35986 36144 52532 36454 29264 70513 29615 21481 13528 5339 46765 39312 31417 48153 23645
307 1514
67188 53930 900 30414 30358 67134 58612 33774 30280 68679 12667 63063 66486 45960 10100 44862 5124 46491 59315 6995 56613 34180 37382 39349 22703 436 66191 61713 5285 49949 57070 49701 25744 70348 11109 68515 56828 50925 2944 60671 11813 37991 7727 63841 70386 13161 6926 36355 36762 64078 21877 25056 31779 27543 21156 38249 34738 50703 45474 54741 2854 26592 46797 51063 63559 30619 63339 39578 2966 38723 7419 10564 56994 36055 68867 464 2641 1925 18232 801 12009 32524 68149 27726 16388 66328 56408 3222 30843 40287 1335 27029 58672 56073 62444 3743 26626 19334 65183 13866 68396 35689 17059 31010 44014 12761 33409 26071 3449 15493 57477 2128 23886 42363 35640 34431 33809 18250 54258 33997 22548 54691 41237 66627 67128 9866 51076 29253 50246 48360 32247 27856 21931 5452 54376 52444 29211 37767 41736 66696 50365 13000 51946 21912 62909 2971 39600 35426 17640 51612 4155 12748 15137 32851 27563 40104 53995 31052 23075 66301 61240 1650 31298 17768 17864 60278 4907 14080 23136 66663 3525 31397 64602 60727 55455 42584 68102 64213 26967 29594 35529 19711 19488 69465 5585 3968 12454 53506 38595 8534 66876 58620 18784 40189 37430 12860 12198 36445 62508 31904 8275 18031 30761 48682 49242 42444 33191 1027 68567 61455 28146 37358 5712 52860 55575 8116 46551 54966 39452 47907 30577 40165 25230 4654 15438 68311 23067 32336 38500 49733 2231 7225 32893 37828 5221 64044 18884 43923 19889 62330 54783 43423 19753 58880 67638 34993 37702 15610 14623 61997 10458 60622 68906 30067 30194 6364 10198 65261 8872 44105 52319 29848 22019 67929 30107 32585 42451 47930 10694 35763 12340 7792 39940 49259 19033 63718 48205 25250 39425 41273 10534 18930 30381 501 5502 67924 43519 37175 10111 53590 22010 56384 3752 10987 18055 6397 23061 40934 35047 45779 54882 55457 7793 26026 3149 9933 2677 11964 20725 52865 63944 41694 17703 59526 12084 12841 23879 59249 54769 48355 17721 69671 38447 40477 45612 63215 7839 47219 56843 60285 13583 40108 8574 43087 28327 1308 69379 56009 36793 12475 38501 38654 56063 62966 66409 2250 45020 25346 27756 14304 26841 43949 52286 44947 61700 4693 43536 55105 24380 41580 17882 14935 64478 64626 15845 30288 15228 7484 61993 14164 39188 301 43041 29066 43027 67744 22445 4830 15729 8765 60121 27741 14278 24471 59194 52875 36796 14405 56051 32538 18276 13230 1980 10950 24713 25417 20408 4756 29453 29993 55165 53157 33183 65321 29492 57286 8234 27354 45317 56510 4775 50958 64399 38940 41610 65215 24453 67934 28663 59153 2997 13710 24256 3965 30881 50901 42918 45049 30345 23125 27592 56503 40877 50375 36328 14795 6938 9198 58929 27921 48006 47678 59049 44264 13158 63178 7608 66419 35450 53438 62509 55070 32026 26650 36360 21672 38550 43717 4232 14762 28309 20440 54036 66178 54510 33980 19547 4836 45895 51698 28977 56877 42824 56916 67062 14367 15726 275 732 2908 64307 59673 38725 68284 15158 42775 45171 45686 21294 47943 64109 48157 25889 55435 38267 34307 57425 17669 25803 1259 18993 14332 14923 60527 31612 27954 4772 31029 40988 53081 62935 31407 58054 26484 21650 21927 6725 64794 58984 10999 49386 67726 43495 52106 12110 30621 66457 55982 2297 68095 60697 52553 45766 15070 48507 18417 61416 23048 4741 47768 45344 21657 17142 930 22164 65233 65412 25591 25225 61326 47645 41078 6299 51422 68189 46246 63669 64821 10237 67838 45380 63387 31122 65302 49745 61023 33823 34685 42911 49401 45054 14098 24432 49509 27241 11523 63366 58828 55866 48145 50253 35242 22152 64879 415 42040 9648 19878 69225 38179 65769 8922 50579 38683 48595 69568 61490 46312 22974 11184 21100 47401 56441 26015 61003 63761 41695 44455 63810 38557 56525 24654 10183 23099 7048 786 1882 2327 37938 6969 10839 38859 55885 15141 17108 45039 15233 57937 66583 70479 23755 27960 66193 43931 13231 30050 39471 56712 44918 12164 22870 52914 32726 36014 33283 60707 60851 20152 4491 64597 65861 52269 8580 38283 54715 38888 58872 20605 38662 63991 25001 17509 36075 36610 21696 22962 32297 66080 1659 60470 11757 21370 55786 32706 26738 60783 8727 25258 860 34774 27000 53577 17211 26226 67507 20042 18610 26873 26985 24592 8680 23550 1754 60225 6388 32126 10091 19055 16059 24307 8700 34896 34967 28352 39133 50830 10355 21040 41302 28299 48155 15500 16171 30560 56268 27581 36719 45188 62549 2256 4073 30890 24030 57590 19820 49609 46127 27294 19317 68755 22139 40216 29212 67801 46250 5876 8292 294 41479 54711 65074 65426 33927 25032 67544 3177 48690 18969 63648 57807 8861 50759 1619 59556 46743 63495 63543 35805 55143 48450 48674 578 62535 5946 15244 7951 3048 61045 34209 17902 10195 35352 37695 14198 26843 19729 18062 24404 9395 59312 26740 46010 63420 34199 67581 68541 14902 17758 11596 70691 27572 30099 13851 14032 9184 50384 2196 61439 56328 38172 9947 59148 43176 69613 22050 67186 2311 27288 20468 20870 70905 21182 5939 58882 27101 54334 57647 59368 12974 47209 67501 37933 65570 3477 14044 34021 17303 19875 5999 32376 12795 29913 7020 65572 22582 50999 42883 56514 69602 14696 67356 61167 57909 58328 27341 56461 49453 34013 59170 68672 3403 36938 29784 49945 9135 68532 37466 58476 69983 12780 39042 31781 20485 58604 56288 35759 69036 4832 46583 30938 16144 65733 20477 40735 40742 52888 28394 44803 56385 66891 11712 53976 66233 29322 1361 2055 26920 3236 93 49919 26230 37334 40247 68059 44638 21393 22563 15609 65202 25564 58717 43862 44142 37065 15910 8469 33600 43016 59694 53447 43448 11235 65647 67834 11276 44287 46392 14598 40543 35825 31242 65667 8798 25665 1611 43338 36671 24041 66895 2011 19374 7889 21036 6377 31458 57256 21923 37942 7673 40467 559 2746 3138 29377 49070 36665 5783 26191 45368 38665 32824 58109 26386 51212 51277 70926 9626 59245 45175 70221 15034 34951 3157 45447 6350 37519 13557 14275 64560 59759 11512 38067 58703 27464 67021 35412 35624 57122 65409 46037 62835 2452 44448 12098 29285 62426 13920 7519 65984 34606 47407 56846 8852 38543 23541 21355 18242 18456 18712 6946 9644 50966 34807 20363 62638 38448 22001 58291 1543 23815 1391 17858 35044 19009 29113 66531 11807 69413 28968 9363 27181 36794 20693 60834 12648 54493 41177 53299 30485 22352 65244 28058 30940 62632 56105 23629 26991 65367 61178 37023 5623 41 8795 2569 46012 57023 41235 33581 60201 42456 18044 10205 26621 7047 7251 24745 1118 50746 39586 47813 41412 30111 49524 4449 15626 16725 26324 53254 51873 52468 53657 21307 52340 46223 5375 30270 55692 29160 50644 28585 21386 47486 63910 12820 31037 9491 28036 3659 44702 27793 44494 13863 2620 19024 52851 7854 17158 18891 55632 66283 51458 39432 41004 42492 14860 15813 35209 26501 21017 14965 33212 61159 53205 38053 65326 51676 60327 61522 38155 39028 40880 17724 50599 29417 546 27355 3088 61257 18754 18901 70076 52509 20713 14296 18358 18886 5662 35820 19621 20051 39025 39172 38027 7179 32136 26261 39778 37916 55830 55947 49170 58433 51984 5784 18611 12375 41463 51444 44321 21913 22541 17953 54460 56692 24213 58996 53823 30059 36839 18536 43364 4383 70731 46191 32596 49015 53939 56201 41260 23853 9319 26408 37584 68503 4819 13185 61545 12859 30606 17259 14258 48500 1700 2515 52820 12853 3059 31544 32152 47468 64565 65567 18857 2489 43498 64990 16564 48722 8161 4944 1444 67318 10588 63155 18023 67573 11799 47684 60624 28538 37301 65002 58016 52960 47935 51210 28573 67310 20196 36886 41534 66650 54561 17656 26494 66089 27270 37894 38846 33534 66389 25670 43764 35553 20032 53166 39000 40911 61177 29405 68639 70269 62591 47070 9943 26145 40278 52575 58029 54906 31785 1001 19353 39710 60324 68925 13200 52901 55539 45346 33270 16956 49935 4180 62281 46909 56130 1419 67886 5417 67735 47307 23998 22 65920 27462 3785 19259 4576 17928 15444 30236 29781 42141 37951 49129 27232 47181 47841 12351 43055 21940 47381 70504 12900 13168 63361 32338 42556 18511 59250 18960 23888 43820 39246 1627 14669 54025 8654 34068 35451 45554 37544 14807 31703 20847 64924 44985 20698 32256 20038 28152 4188 34888 36726 66410 7767 9520 17890 67145 35397 13816 64165 24024 41895 24176 18103 8859 28470 45745 46301 985 42465 26258 47843 56961 57090 9116 61758 66447 6762 31428 65691 51889 3542 56558 41954 34740 44025 62916 16665 51619 30145 55684 10148 16979 5511 14725 15335 6228 66225 44167 20849 10724 36155 14845 23135 23434 60375 49670 63393 34673 25521 5732 46711 68260 61910 66571 53281 29728 22185 42797 24712 65199 48350 16390 20135 38337 62240 56976 33467 26951 57569 22362 15305 64470 26929 17745 35999 49150 60603 44583 24651 50862 12833 38913 28273 68811 42741 56866 2707 27297 58517 27850 54733 31304 53279 64703 63359 32519 30276 24769 42175 2491 67724 61546 21012 39883 17118 2099 20476 49209 66756 47117 46696 46443 62780 57044 23979 53968 48045 19058 69496 55876 8728 60558 31526 37724 42563 3933 3751 20716 34419 56570 2644 11654 14697 29267 59982 69806 24188 18991 24296 16674 17009 49781 50222 58678 1504 9703 19269 43908 27614 11385 27953 36201 60908 36509 44720 20336 3971 20896 45638 70476 37879 46089 70714 6094 47332 31388 15326 64872 56880 32345
75 1481
33328 10983 48633 10395 13768 26331 59035 46149 42314 67316 43669 63405 55542 65031 3430 67919 14049 47198 2095 31453 61745 33242 38854 12658 20343 38034 12329 26863 63222 2946 55188 9710 7008 63864 31740 7873 16643 48223 21218 1601 11431 6035 31802 58683 13959 10842 69720 5659 65193 53030 56466 44851 5517 45236 29752 67926 11526 27173 2800 10067 7104 31161 60578 4061 12903 69888 7213 10098 53787 36489 35237 46181 46582 58789 39256 8973 44343 46005 26423 47781 49260 57882 66476 39853 24067 52767 31549 9497 67363 11342 39475 37803 25687 56413 65699 35869 52844 7240 49424 63213 14705 28186 9154 32573 47084 61453 37841 14017 36804 45092 14036 64023 40049 50122 62226 17089 70224 1788 37507 4782 46273 7023 37760 5421 16155 34087 51172 33007 55280 68115 68047 60097 21853 65269 49632 30976 41524 583 63646 64957 59373 44338 20356 45574 35923 7035 33049 36724 55756 64710 6492 7672 57198 53392 48368 21000 30854 14790 33817 14906 10258 7682 62957 11716 47949 27737 47455 35115 41493 52882 54501 39193 14938 68393 48485 32541 57827 34830 11069 54359 20976 62671 64049 39683 33570 58849 16675 44841 64754 66497 36484 14111 7704 24151 42194 44644 61052 44933 58317 29391 17290 16181 8678 11635 23546 25318 19462 4936 40656 44407 24577 53026 33798 59456 66247 8553 3526 63527 63846 33346 58083 45849 37121 57257 67466 61553 45226 44808 50316 50735 12725 46875 49073 20624 42845 42438 30433 46723 44297 38048 65007 19541 65204 6962 64437 40040 12283 50171 18021 30811 64657 12596 5105 35072 2509 45942 42891 21764 3899 10721 35953 33003 41278 31136 16570 68041 59859 63503 23411 33375 13198 38063 55839 66851 59428 40580 42376 50672 21342 47271 50116 19069 63044 7174 19861 67811 51665 21223 46131 11137 47354 48191 17564 59097 15941 55657 56241 56512 16609 43133 35888 57279 4304 45566 37002 54543 18379 62236 46110 63143 48262 9082 46249 63797 31094 48488 19215 4430 47496 17424 38404 34028 38056 9589 5447 55645 58496 18073 62918 1006 55078 40970 50460 60613 12221 11157 59135 59248 59523 27712 33104 45467 30851 14711 65036 24623 67855 59745 25987 66309 61812 53381 46163 70820 38224 49808 5812 22540 41722 51258 18321 11041 68542 52436 69800 22003 38987 376 17195 62247 8076 57851 21975 19085 22172 14695 55788 35098 7094 7896 59024 46796 40079 66869 4746 31224 31960 7813 838 26338 39272 16760 65975 1228 18793 52958 21865 21948 34644 68634 27715 46877 55095 25389 51747 54458 31965 56608 67564 61593 45990 46633 35432 53861 1415 21864 61216 12998 21489 51884 46053 5436 40393 33522 27754 68715 36019 55604 39255 31423 32897 42701 21166 4926 26310 41197 15604 41548 41647 53086 6162 57300 41597 53252 35291 13848 7261 33889 44489 5054 39381 40357 51054 43959 37805 41909 37133 46132 54853 919 68949 55186 16761 48200 68181 46675 58573 68800 63837 42288 45287 21939 54092 54757 66664 42244 18570 58128 43936 48071 7587 32941 51801 52271 55370 28827 66231 26201 10905 21862 19634 19640 39450 49994 26879 2312 45157 30062 18084 18247 4617 22881 2001 51809 24476 35696 68931 70506 21339 32507 26849 69607 46155 42361 42929 44913 1591 52852 31409 58544 8959 1135 36068 64920 24327 67033 60532 21129 18850 36352 31611 3128 4300 22047 58795 11268 15027 56332 54338 54705 52508 70717 63332 11236 35998 8369 39742 58027 34398 68793 21192 30063 8156 32926 26434 28936 23491 15447 66736 9999 69141 24633 65856 51844 3560 7384 49589 67026 43473 19047 42088 51225 40885 14633 55742 14884 34295 9537 20053 53056 2629 61604 10247 43758 52389 61061 62081 29502 25167 66259 44330 21407 46991 66467 70090 47488 55963 31657 28731 46186 50195 63403 13219 30998 13402 63467 24341 49436 51520 6994 33211 26122 59454 23797 26735 29735 38372 46883 44174 47487 56887 51255 69136 65028 8612 3475 21097 6912 47893 2465 29022 29611 70616 48465 9638 59858 45218 14380 58245 54824 32434 57792 13930 31909 8140 17432 18065 43168 47359 53233 13243 15307 56946 9608 3918 45414 29787 56471 48555 8387 26544 17980 1757 34787 43329 6073 40617 50285 27414 58292 14854 64084 42561 41085 24752 59585 53243 46006 38262 47725 41057 40156 16828 43776 65921 36933 4225 4291 29112 17834 34590 27453 53473 13399 41189 43307 28337 63690 18032 52177 12204 7267 65882 1373 43668 44315 29239 5897 39330 48016 8708 33468 43751 3297 37903 38194 20097 4869 60567 48418 68312 60514 69074 551 20848 56386 2840 35919 20405 45244 28914 40658 53328 8240 16722 62953 48549 32948 17339 21756 14169 16522 9525 17910 68086 36921 13252 40509 66973 60482 55474 57160 35539 11264 40188 69453 12240 50409 36572 52637 12081 65577 8454 19061 69273 65818 43861 12046 4406 44488 6843 69862 22483 14717 10011 2823 21076 70645 38271 46788 9894 43631 33691 58526 35724 37638 13439 62743 32359 24196 388 42001 19411 49599 34060 46945 40265 42785 15475 56762 130 12243 15764 27203 70707 49422 35939 45420 7538 35792 52595 33578 12913 57053 27595 31370 57043 41770 43179 18707 12905 12907 37601 62404 24317 37232 33218 34660 60698 40942 25764 62630 52123 39560 7864 16167 27213 4149 47794 49539 59133 33135 34757 10294 43585 27816 29297 38877 23875 68523 28145 69590 45334 28440 4417 13038 39094 58580 59011 44101 16519 61733 46918 66343 58231 1061 42493 1930 10676 53724 9690 44441 29985 39108 65106 30069 13938 30803 48375 65906 38456 66426 33790 34981 43963 3882 64606 32010 24065 3970 35059 70105 55089 19463 11945 61730 45282 6948 26242 19618 37423 19658 30084 38673 3956 67278 1864 15499 982 10146 19088 68423 40431 36807 63951 66205 14568 24255 58201 63046 55736 65715 2427 10884 22714 20469 18546 54410 6971 65273 28084 45630 5828 8499 19038 52138 36198 4150 25253 55315 13232 18245 26675 60000 52248 62084 45945 14756 47655 39632 9981 22682 7642 50040 67655 2136 47417 31434 23721 775 68042 11266 3170 52823 42889 68048 53187 44023 70615 24088 32401 62082 55414 31508 40135 5747 39553 51559 6413 49946 59348 36587 4257 52793 54450 12416 33671 34755 3277 37460 16496 51408 22625 39374 52098 3060 3967 18846 46124 29782 7812 10868 70673 62700 7988 66707 5557 48954 67443 3792 26493 24973 70248 46430 24269 38052 65992 49903 69863 63692 47590 51606 19106 51766 70300 5434 55270 50844 20675 12050 12678 13843 14897 64072 53834 36283 52886 70760 57650 34009 67835 63683 8619 33712 59946 53171 60715 3083 11738 12877 22661 33843 56078 49886 12367 15725 42464 44924 21268 13735 34837 19434 12184 65535 45134 5344 39597 27296 62239 4904 48851 626 34620 45897 39466 16327 8455 66971 26451 44247 46044 50614 6208 39905 7578 35476 44795 60543 11574 12012 29444 23644 42064 28808 3217 18977 63066 25045 39132 56715 50767 10361 46951 31205 63999 26050 34637 18483 19702 23941 66626 32489 36358 44836 12280 37900 39280 1289 68702 57314 60414 45996 65052 1875 30377 42932 18929 46105 40448 20118 20939 43175 15413 57049 59923 38465 31799 24320 34193 65879 1038 19288 46517 22069 55193 7154 64802 63717 31076 42207 9717 51920 46647 19560 29487 24287 639 27111 70793 30483 30633 39830 68881 416 41968 45021 54126 7535 66737 34689 61036 54847 38496 50973 54340 67124 69064 37907 14058 65801 27535 4191 65478 43993 38827 22607 57068 41217 60257 32932 5071 24974 52945 70341 27445 28516 47380 65990 38325 31452 48819 25172 13586 14325 32431 17263 48727 54079 33654 43544 28878 31293 33429 9355 63458 31482 62877 18463 64258 67711 28986 46843 64004 1546 59812 7843 61010 64644 49035 14955 65457 9818 38644 18696 68008 53133 28204 30319 42287 28286 42373 19843 39436 64101 41682 23547 40549 19252 38400 41658 31380 23492 17946 34874 3011 47523 64484 49865 30670 42898 12321 20970 17411 1126 37025 29573 11372 11509 44941 58232 49027 57857 1156 40073 49513 18956 52357 15877 62176 15384 15540 36996 35625 25646 45531 55004 41551 43398 27052 23610 3133 52513 10286 12587 24352 57990 61222 30528 41846 70141 65075 42012 42538 44623 48615 67217 60729 37011 53917 39449 17051 68015 61968 58097 30323 12625 48096 4445 15990 37225 29425 32987 19164 63575 44497 68280 53017 22097 62704 50525 34911 68154 6641 16262 41455 25931 22287 7101 32827 69660 51434 7395 53914 24044 40878 24881 26299 22734 49764 45660 62737 41440 24860 1934 19812 18684 5395 21848 18538 44106 37493 46782 32477 11904 50650 52352 70427 51226 39385 42761 36213 41969 28450 44042 48995 50186 16528 3628 9606 29819 3509 31622 64837 43901 17562 17682 6972 66336 38750 55709 30805 55427 25191 2759 52348 42865 21670 48441 61084 39838 59487 53604 13754 1051 14703 38629 23602 61861 45154 17155 37353 48476 9900 2044 37589 32377 27377 54002 50475 63800 56528 23927 56341 49621 70551 32163 35623 36574 24833 25463 59711 3054 13355 16267 67206 57787 1729 6308 1004 51152 60147 8460 14545 56635 12307 7735 42578 16846 20965 41231 8653 33361 601 33655 973 58372 67541 26613 2148 2207 51626 19321 3040 19566 60548 52363 44458 45015 12295 20503 21357 70680 46130 46304 21825 54788 38503 63353 31133 23276 7505
491 1446
4925 6841 49133 27588 11551 31454 2487 54360 65739 53384 55722 6661 49726 50287 11194 48745 56789 56776 34873 12569 30166 23029 69661 39340 28190 9887 36415 36990 42888 67469 56355 35227 57113 33282 15454 17694 20357 36114 37649 25176 11843 3037 52998 30979 50571 38923 2439 48453 59157 39395 39797 5085 3487 56759 51067 8642 16034 5685 65812 60113 30616 17495 51003 61284 30082 56889 41284 56825 27524 4955 18808 28782 22921 41828 55399 27527 61820 13825 44474 19548 25986 48353 28590 36837 37143 55184 50509 45231 49160 12109 62445 23517 69406 56523 48959 16248 15173 68310 5129 62875 7018 26266 13215 51194 63700 29114 19569 25653 70331 38418 43200 53883 63414 42453 18353 19580 48999 5979 22336 41159 30623 31615 14967 23511 40603 12866 9677 56751 63771 34793 22236 19119 31199 20435 55746 9992 46902 59186 19535 8192 41069 58943 10347 57976 49579 58551 52500 26808 31363 58839 12027 6553 46446 51965 49235 34166 4677 55644 49086 5941 22639 66104 59683 3108 25544 35667 31640 45304 34383 24056 51500 15022 24271 15020 54115 14578 15216 25726 67477 23665 13960 48072 8878 33870 50646 10781 68559 27407 45406 33545 14215 60891 47163 32244 26987 14007 48921 262 58383 66986 14232 54905 28874 1292 3682 38896 32747 27732 45448 33404 20269 31129 41794 61532 54755 49332 25115 17580 43501 16467 41294 58274 32513 40951 12788 5400 58062 9087 46395 7933 13619 40063 53474 29415 27489 29207 62051 26649 9733 44566 61809 1445 7118 7983 61161 46259 63304 16677 35583 55401 55945 7399 3805 53286 22046 65490 25644 10222 49472 34823 32102 45250 70459 39295 64438 67223 5454 24268 64244 56424 18203 39265 7750 35513 11073 52262 45086 20630 63884 55782 15755 48955 3229 24130 1160 60737 50074 17942 834 70290 31461 34361 59644 53196 37021 5886 9375 6663 25572 62154 62450 23405 69402 21680 36071 13465 33736 66757 17739 61006 57776 51122 35292 5966 50082 43790 61901 4597 11447 33259 2242 11259 3331 18416 70649 54718 2272 241 22210 49094 60216 4011 31701 25651 12323 16239 38130 63186 55235 20801 9030 67237 55891 39083 41138 24828 43593 27612 1185 55307 39086 42808 27508 61665 56562 21515 37918 31767 4106 62172 13909 40347 8158 52564 13474 47235 43659 20552 4237 54662 23838 48109 25920 38464 64498 7708 13919 43690 3578 25551 51117 19027 68652 29265 45843 46698 39004 6610 49730 36088 61189 29507 16355 26307 43316 52856 28418 31436 58351 60973 39407 7985 423 42177 55009 1883 53760 55915 44362 61579 33742 10699 52616 22343 44895 39227 31390 64646 23085 42559 27417 37766 38630 55616 49456 66694 34788 45720 10215 10919 61069 21520 24679 9269 29692 64305 18878 27455 36522 62431 56032 57142 40958 58093 37739 20493 5839 14953 50550 33567 33871 70399 47712 38021 49122 3833 37451 57006 42337 29215 23362 23536 29597 64583 18896 67447 3579 40070 32021 13536 55807 15386 1146 34500 27155 60200 27818 70619 53612 15159 40674 49912 13882 47079 47905 68483 52184 3189 51421 44424 14257 31949 638 51994 57745 50853 2086 39017 60047 46272 62733 1290 67392 31268 21361 41645 51719 35523 31473 31613 7197 64886 20403 53178 13001 54398 14087 68070 204 24933 67832 13068 21542 43100 46827 55266 15448 61022 54180 40023 57876 43048 22140 51673 51730 56658 50106 34504 34622 69226 39525 64985 48363 56744 41941 17375 10797 28677 22609 30807 23470 10080 7828 5805 63333 41516 25411 69761 12870 55562 17561 18874 35514 68910 53439 70033 18552 61338 46981 56640 38015 25440 68244 54651 64843 24525 42777 67687 11872 55816 64767 1615 35530 28609 37865 14571 20379 1200 68645 68973 52908 28559 64819 44261 6523 17366 30449 19799 29275 16545 3411 20052 36937 8880 60083 64759 66673 4352 45589 63313 18563 37827 31448 8886 60144 60717 36391 15852 41310 43275 68003 19004 18451 36221 20234 36653 69580 29622 38117 47610 24338 19202 3516 31638 48444 28134 12402 28876 4397 57076 1587 36936 31620 1176 50688 41590 29533 3932 29422 5284 2332 68635 69619 5913 41423 4099 14062 64996 9684 69166 5927 32285 12358 40461 29274 55248 7627 40879 3727 30632 31655 65391 25984 34425 42633 43918 7716 29397 22741 55737 35778 44700 4198 52198 44485 29032 11118 28136 11896 67702 52766 28132 62682 38765 15799 22673 25220 63770 57296 46824 23361 32464 8348 34109 1829 59376 69814 68405 21337 56211 66993 2221 3282 61377 3794 62947 46819 15328 66924 5387 39310 24031 42425 6365 31185 49142 41031 29568 23262 24620 42700 2653 35690 1908 68233 54805 50935 59714 69254 53600 63219 40869 25810 59109 22311 63663 58339 1723 61440 38873 14638 15623 24286 50899 46453 14439 40120 59786 29967 14316 34816 28572 54606 9275 51377 52807 9426 3511 1193 4305 4854 22094 17601 28714 11680 53399 70142 22708 8267 64123 39910 57194 34122 67732 18362 60125 53241 21556 64036 35797 19853 44971 15482 57407 32698 59263 26830 7923 2989 69436 21919 64722 9965 53310 44462 12701 1777 18197 23034 7737 19977 67806 2631 3191 16914 70219 40810 59435 22868 41717 25348 5776 47975 43145 12990 30884 16492 69002 28363 41877 67486 4288 16061 35334 54489 8396 25707 38552 54960 42313 70228 55855 7912 70698 38259 39929 53591 53602 7170 64623 62906 51252 52278 37216 24118 1492 4296 55387 8892 59926 31322 42346 4362 29499 10725 7124 66594 9449 59303 35802 29024 29095 26762 28984 21183 18299 3288 45553 47150 24526 11476 7416 43293 52335 36689 39447 56478 24846 24952 723 28223 21600 40217 66904 31227 34417 34562 33848 46493 38444 32205 1738 3152 69640 22214 52150 35889 52310 68709 30630 22782 40938 33082 46033 61131 63516 13235 533 10379 2698 52813 40416 25472 10453 10663 6968 15984 9397 51345 18873 12804 30329 8516 59232 20909 24429 67808 66788 32778 49544 37611 1792 68504 6203 65946 58000 53750 54601 16976 58772 53722 49213 53229 25206 67404 26698 57530 20625 37797 925 18100 29172 25522 50510 35557 39966 59220 5843 23778 10763 13368 50140 38356 12302 70353 20727 63127 23920 24488 8393 68113 2811 24736 11323 36357 5491 49853 34129 60935 45777 1166 68039 23423 8888 9147 52281 19963 24385 41947 51402 12355 39217 68160 21085 2331 52776 46261 12049 37829 13384 47876 7061 18169 60749 7180 35168 36858 52529 1106 13053 55344 56302 34140 53117 50114 67154 39288 36451 69480 13410 69134 47634 39896 41705 1237 32630 26040 42487 19219 11087 36658 22669 65628 18141 43842 28825 45511 55043 56501 16030 39122 60734 20765 63117 14678 16364 20030 32153 54456 8465 25573 61677 22994 20759 6408 16411 3322 31486 56968 23180 69517 5014 39229 16227 37176 35890 16057 33083 26232 42025 15111 27892 56515 8505 18766 13731 44218 69876 65621 3468 60955 61555 38037 56814 25431 25951 20319 21255 32119 65549 17889 37562 36023 70190 45626 33305 58916 29234 33977 60116 69539 54969 20235 47051 16185 61019 23580 53170 6335 24423 17412 65867 31393 41233 50850 69228 39546 52358 64810 13085 18827 38029 4515 5378 46592 15509 2903 69966 25367 35347 36180 9071 46265 49768 33962 67143 34539 1798 35515 68526 62137 41173 24876 22452 25635 19527 38410 56543 61851 29178 13795 8044 8187 66610 2078 45667 63926 54623 22160 4033 61660 7207 64604 6602 23417 8129 22102 48171 16279 57360 56802 35786 27924 69177 37686 22098 59491 32959 37449 43823 52981 38920 48083 66792 26056 51685 12801 23487 36150 63897 584 29581 5824 16010 60080 63196 65555 3718 53721 27411 52005 65748 18557 3021 49385 50670 60677 20181 7702 16436 49881 35232 69617 45138 5962 16795 51648 23819 50236 67194 67367 26645 13861 40351 9167 3564 42319 61211 43304 51250 45726 7231 34908 47873 17489 45254 17955 59579 59826 26411 43120 37239 17774 47581 24541 42815 44371 58171 29978 47710 37204 57616 37831 1144 23156 28406 49525 34688 32143 16940 54468 19403 54885 43704 5191 27548 66210 9151 18813 9816 46251 23134 69716 53367 30584 58609 23393 58315 67056 57488 57320 63344 69137 19816 4477 58311 9295 22322 14582 39788 25506 18175 12309 62590 19819 57854 7770 39098 48685 44935 32460 44294 26326 28238 36007 15046 48467 590 11943 70532 52449 61854 64240 23469 33034 54005 25668 42226 35228 64817 59586 62457 9462 19019 60133 48374 35817 61359 4905 48992 69498 48419 44267 52926 62495 6457 40303 35345 61641 57762 19485 57313 66190 13842 31529 61058 65208 58024 68458 11690 24097 36945 8010 59130 52883 13390 66174 17446 8308 58813 16945 15194 27164 9663 53334 37223 24750 63085 70326 38237 17688 43798 25284 12842 1917 33717 55889 49700 33975 35847 30538 54985 155 45643 44259 46809 38519 42369 5829 33144 15143 30509 65788 40460 19039 55377 2498 37532 27 54296 23683 52213 27684 57652 33621 50168 58788 17835 34371 10155 2208 34982 35062 59828 68196 60484 44339 28130 44769 45018 61428 12829 70189 70357 13308 70771 5305 63136 63163 55079 39810 23682 64928 23970 32270 7699
173 1421
21779 24511 7120 26599 57494 65011 39576 61894 44732 25759 51428 14867 50125 34628 58579 31447 40234 56984 7258 49159 70618 28912 34923 53004 15647 69256 25236 6675 4598 7546 46714 21700 36098 57370 5347 56286 1954 5569 41382 52795 16648 57162 4170 37125 45943 12897 16048 27133 18738 19502 9425 60967 6297 41544 7130 18413 69486 6209 34558 49316 42239 28753 6255 38031 44980 45365 7862 52124 3250 6346 1298 13629 41267 37922 12764 29770 19573 21332 18765 39951 7947 434 69429 69773 56998 35891 31059 61853 33231 4613 37926 46693 3938 47798 70542 26100 54393 21781 6476 22980 64386 49421 23192 54429 10515 35590 8502 41461 12828 62023 56261 32780 35366 46741 22276 55538 41973 37671 16502 38809 43078 68522 37650 63377 4946 35231 30148 19888 51097 70895 40397 6603 54612 11617 30627 55340 50694 60743 56381 34559 68375 57443 30569 63190 6833 64555 36500 20642 10661 68676 10305 28354 46533 64039 48961 11997 13226 46637 14732 48386 44191 56421 40526 8622 18942 68647 62606 19641 37483 35454 60565 36433 21335 25836 26966 44922 13184 24375 61771 69609 29091 29090 8268 44919 12231 43450 41981 69768 11931 17618 1679 22864 67485 67881 52580 30142 59846 45788 45884 64908 2042 33339 33422 12856 24733 26431 1915 20183 62747 48963 11360 66896 19803 7229 7489 50499 69515 48063 26182 62759 15497 25760 68520 43885 36030 28461 6268 8583 36400 16019 42048 40010 11881 11922 59371 64533 16848 2794 44916 61488 13321 9744 27082 52670 26420 35569 20308 8821 67861 49705 17204 17659 45331 26403 6294 4511 55568 1614 33833 52120 32592 68850 22648 32952 46889 48053 46323 54760 7319 65887 58252 51712 70580 29662 349 10441 14125 62125 30582 9026 51956 16001 26963 65339 11082 54531 7110 8750 22062 51049 6802 24163 48979 33023 25013 18394 3195 68717 3621 3408 57017 17912 10747 26378 38858 23359 61009 22866 6511 43791 8341 20586 70077 10000 13668 58405 2948 68527 63508 6723 58949 68608 35441 69672 62571 40760 14180 50869 10633 51700 27983 46783 38847 40913 70772 22697 24658 49975 42450 55317 51407 35851 5967 55185 33438 33525 44433 17536 51139 60780 48169 16114 16785 69357 53890 10241 62480 58237 42254 4997 63769 52312 18966 5781 67002 62848 49838 17543 15996 16493 34585 40516 20824 66137 12129 53221 2796 60775 3654 33849 11747 70736 47189 31074 12101 45137 33338 51680 45856 32251 429 49875 41894 19847 53145 45730 60431 30719 47878 34146 60553 57607 4450 31973 66541 44241 52870 53630 29911 64416 63955 26357 68336 37174 48490 50113 12633 6283 11566 5894 31745 63673 63804 12042 16861 20349 13310 5822 31734 10427 70729 11773 53832 7208 15615 50370 29880 47151 64121 23261 16015 62079 38839 25349 41928 54114 9706 36657 42858 35027 62971 54732 20941 12793 46527 55259 34779 51896 778 26647 69737 38591 8097 58814 67159 67953 60131 27119 60571 60812 62413 47547 32291 247 36111 20101 29633 12969 24335 49002 76 33036 51689 16198 27687 36708 20845 21637 38742 19179 43362 55167 50946 20798 32635 49899 59615 19978 20911 51926 61444 25091 52966 16091 51631 60524 22243 26358 59588 52118 33782 10360 18360 32546 25542 66729 22161 50947 59346 28133 34436 18630 66909 34667 60789 20705 29640 16415 9249 26553 27739 31351 16068 34553 43665 50969 45547 11070 43994 61945 46150 58504 3517 37434 55298 53363 31794 59968 70499 24534 26089 68413 68116 172 37445 6556 25165 6916 55309 63819 47703 33663 9326 28026 37259 26322 18517 44781 61890 39141 57479 41731 43276 2884 13042 6902 15689 33276 2134 68174 15268 52134 2584 44778 45283 15536 33267 9040 70306 25741 42558 52250 5302 2459 67230 65617 39067 23163 43301 59731 61234 4441 1145 61740 65347 1029 18260 50305 43658 70858 62669 54587 14223 46348 22923 49642 63367 32671 27537 29138 56936 53797 14905 8231 51047 19959 68558 61687 62098 21185 3387 63243 6108 65464 60804 55700 65575 41326 29294 22257 55941 16851 11916 30917 7849 48815 34155 42388 70657 26572 26793 68019 44202 22269 806 44908 67330 52697 64187 44767 54377 39007 64013 69407 3617 20590 37609 46338 36930 13257 54538 48168 65671 59709 19922 11972 19181 45754 67372 5296 62551 45863 70837 47320 50143 66975 34750 57058 40577 8017 66977 70244 26772 36335 8207 1271 31489 24391 49474 49951 70747 22644 31631 56582 50495 5616 1517 45052 52332 70684 47144 64054 64936 65961 1487 20407 22528 32717 49280 60530 65006 33869 43232 49913 18604 69831 58236 46399 41833 24259 19494 12259 29807 39958 41283 9066 50269 68552 37136 14290 30908 64070 31912 32488 16414 45479 14053 3132 3200 37144 16733 58563 52263 53527 30848 18450 46123 56050 358 9180 8504 11149 69473 54139 22044 65488 617 42070 29789 38529 23387 56516 10783 45808 58265 33761 2842 61598 5073 48941 58654 27571 62475 51987 12823 37921 21616 49523 18980 54088 21627 64904 9260 45476 21099 70894 56892 32735 43766 52961 70599 22004 63310 12139 28690 61990 25594 47128 65855 43235 35601 19240 4405 70056 38678 31512 1972 51678 27965 47791 64535 31985 24671 67984 35258 20055 20069 7380 18019 44085 53986 8391 19957 38586 38776 47000 16941 1884 59956 2799 69487 35387 5440 40472 38195 65767 3988 22727 59275 3150 63887 14196 55486 23919 52556 4039 69434 25338 43231 27504 30783 6812 17780 54008 38486 8894 20270 50528 62319 36115 69922 49614 60231 64482 41139 16931 48210 5671 24931 33176 10036 45053 6426 26169 3690 69310 20854 19794 22247 49809 51134 69988 59755 19042 21882 25060 5384 22478 5201 39056 40029 56852 14335 63682 25812 32211 36317 47425 57888 23225 22561 36455 63740 7028 24625 173 17392 35522 10311 60588 22846 64880 2922 35747 22807 64760 8805 34363 50820 42779 68266 21420 47375 32381 8201 43439 2357 36281 37762 29608 63042 14324 16256 44486 58174 67226 5428 48112 15459 10430 28691 26651 32277 8452 9200 640 42727 43491 69782 8299 34153 30552 22386 63587 48148 7526 57489 13242 25082 20754 13822 699 18697 61091 9645 11770 4165 55120 48909 40978 41554 62237 40611 17054 25655 43575 19344 52559 54761 48291 56905 53085 30407 48800 35284 55289 40414 32762 58057 42503 39078 47679 33835 45156 193 8837 66197 66365 68301 5891 33005 25865 67612 8915 10285 8871 21275 6097 15258 62939 32044 62260 57781 50429 10251 4918 42748 27544 53997 23047 7942 66621 45564 29411 31568 17007 39993 12775 50412 19473 40048 64809 9407 43442 14990 44540 37446 24627 16641 41348 1483 52206 45408 68795 47351 43865 55812 59696 40482 63071 14140 40932 7418 46280 48568 66738 25942 63742 28905 1639 58985 43392 10660 57951 64302 40233 9749 4787 13963 30954 22933 19779 63856 25420 17521 5306 23732 61565 54607 14225 17930 4437 30612 66044 4264 23948 17048 20529 37985 49290 38921 39769 66523 39691 42510 34223 51055 25293 19571 43531 44443 54973 7467 51126 22700 40115 42489 21052 40794 63491 60577 52891 54851 44943 5794 68197 38420 8508 56055 16385 43378 70016 13824 16349 1620 63755 42782 68752 19697 62489 35698 33915 10866 43014 3871 62777 2825 5885 22785 51802 65483 1328 60096 592 34294 48532 68955 7574 27076 50987 15180 89 10079 3886 65885 51228 48574 41225 46241 66451 13507 38228 10179 26581 10510 68952 59894 69151 39989 32390 51508 4891 42063 60489 64074 42367 60713 38335 6125 30446 14494 10114 62282 56596 42323 69067 37211 29126 56195 64452 58263 63099 22267 17225 47310 36009 53012 43035 59768 56222 62766 14826 17130 47162 55631 57833 34862 36551 55836 53007 38819 14755 57159 44804 25379 59451 29709 14470 27591 19521 53811 65477 31697 26947 3141 20231 21142 17350 18843 52259 39061 34690 14270 57232 17123 19342 20762 57398 52070 53164 18607 55780 37458 5842 36592 16152 32540 34042 22404 34899 19700 3605 69783 56691 41266 6475 6813 6401 69345 16409 44386 54795 48597 30240 11436 47511 65476 37741 32496 29601 10053 35336 62003 62175 13679 24121 52035 21013 57223 26286 2926 11768 39548 9483 52304 38932 42340 27607 58034 37085 8575 35862 62965 26728 70044 6411 23964 51539 52385 47540 65324 33107 29099 44728 29080 65195 57626 64350 50724 34647 29209 24624 70226 46674 16124 28600 50378 19844 24174 64458 20071 45091 54494 64012 51162 45077 6692 36863 70663 27820 7698 57981 23196 66195 2548 19028 22713 17598 52552 65558 887 5553 10541 31437 38521 4098 43603 62645 64785 42599 10756 3761 29918 16990 29027 54364 22159 58233 70727 40829 51004 58151 56734 19857 11622 66429 58599 34461 69340 35010 61489 52995 68701 5739 37548 67894 44670 29562 26744 35534 44208 21061 384 16839 17467 17499 34410 67287 10267 68422 27480 3461 52938 28437 20417 69647 20597 4349 62000 21232 45980 62436 38006 13437 70925 5681 22670 14694 55809 55916 8029
450 1392
37621 19973 13269 19059 2470 40045 21966 24915 2174 30468 68433 63150 31342 52066 59032 23722 53387 39415 16322 40118 69696 51566 11645 22355 70120 30392 22832 26010 48220 68698 67445 45011 13933 25224 52139 67424 48035 16118 20767 51738 62945 17870 1706 32227 70339 21043 30416 57188 50750 24253 19133 13121 20203 39668 14930 19937 28362 37455 46128 15285 32655 11529 39530 3155 1966 61261 56546 30762 60758 53070 46013 65296 9323 64020 33803 11415 4447 7141 13496 14143 67328 11549 33640 29777 55048 63128 5810 44739 45397 60826 54869 55281 52062 43277 31941 18110 10977 23063 51128 40827 2721 14337 9745 27376 18307 55820 39715 42540 10058 31340 33271 44548 67082 26436 11471 15940 40688 17164 59515 14627 3994 14587 48782 24214 22008 25124 34142 8351 47529 26313 7295 21165 5652 29840 52046 30346 15588 17421 58734 25941 5444 16672 11444 70360 4742 50654 7260 10628 788 8047 24919 35853 36771 615 37643 58655 52578 7957 48814 69081 48739 37772 27841 38115 16316 59576 22430 5646 66069 38288 5987 12 63787 20812 64756 17812 67413 6612 26754 35367 11697 21838 5660 60618 70464 7560 54854 15956 1960 45337 40584 39142 42206 20296 14248 61931 52186 44595 57973 18472 61057 52896 18083 52665 10722 4661 46203 10849 8715 10255 46147 22876 23818 17584 42524 41224 18592 2363 69200 43621 63723 42167 46597 36792 3530 42519 52371 3930 39499 9131 51456 35691 8647 476 50766 19246 6804 54995 12176 67998 27904 68919 61633 61156 54284 33240 41897 2616 5161 64581 13636 68055 47087 20838 46853 52514 12455 55675 21958 50497 22530 68863 53572 31917 11457 54342 27360 52613 61031 24393 24484 58088 38526 32365 50203 9910 56367 12854 5628 31693 57484 68967 62410 52151 69111 45903 16333 17215 2068 18600 5017 23254 24573 27937 8796 37810 55507 66393 2425 44484 50996 2860 19574 28006 52988 69013 57838 66870 54385 8999 46427 57183 65910 55023 5796 38898 38661 22742 58912 19543 19562 28491 45958 60400 27959 61422 4579 64665 69162 9143 43118 11727 42586 67935 63114 32882 9728 45774 31093 15731 61450 43413 28387 4721 30849 33769 37277 10760 16203 51276 20556 1604 22743 48542 41389 36515 58172 68945 61902 33963 18192 46309 110 27946 60245 30991 68984 37723 31350 36274 48487 44784 48197 11125 36158 42072 70661 653 33466 4638 46662 10287 55031 58470 10608 7373 29823 14277 33402 50137 34249 43331 11880 5146 5718 41319 23505 7053 55594 39739 16666 37427 55226 40683 8875 46219 46836 16889 54089 18614 44576 4539 65400 9888 37268 25749 1647 43226 35488 29974 33523 18922 43625 21198 63802 57377 28599 60361 53491 25495 1073 30217 49624 9712 51464 13312 16041 16925 51195 19546 70146 58687 59819 19604 23045 43926 64633 49023 8961 27664 44051 54292 22107 46822 6041 59800 27906 69071 56007 9621 53626 31235 26311 1929 51768 46099 1324 1707 32787 50740 43759 54228 21641 38709 9582 16049 18814 53232 4242 11958 48777 539 560 19116 40386 607 44920 62039 2018 28129 65844 49972 69938 22602 2719 46082 22877 1513 27423 36559 34403 63416 16532 843 64589 55997 32525 32629 17275 50732 34593 40005 2767 44801 22115 48357 48477 40458 42225 60631 63727 35720 45023 62564 63659 66590 18181 62982 38886 31537 66500 12423 43713 19854 35246 46500 24918 25200 59356 68265 28417 44863 32723 70908 22999 40338 1922 45600 22482 51601 69704 57144 14100 33883 58531 17583 45027 22177 40072 61772 37265 49334 41842 58336 34144 51647 15618 41331 67394 31558 56708 47824 39417 39493 15288 49372 1549 34833 67860 20046 26173 27525 29123 45650 37901 21455 1574 69600 68626 15041 17267 10106 40717 41309 65530 58869 60088 2901 62262 56290 24872 41845 35274 20208 21115 23132 31924 38926 32515 50854 37992 24628 45483 70095 40912 10864 2970 16300 59023 51331 70411 65467 37636 63369 31168 44852 38810 34800 41401 53583 63020 37647 6240 42716 67527 45826 7144 65117 51454 50918 50473 30892 63954 8354 16617 18364 10340 45835 62288 70601 38908 35621 5030 27978 63872 45115 40289 32580 43095 3428 65197 63151 949 67460 4771 55707 32617 57292 41578 10959 27672 29087 41064 16963 58740 2424 56157 2102 43465 68191 37886 23878 41422 42391 35318 36167 31152 15099 39704 28965 53767 54046 60641 38915 1536 20465 41655 27383 54009 38831 49900 9843 18792 52205 62019 65909 17206 36607 37278 20944 17976 4423 29398 11955 15494 5742 55466 39927 68347 45273 7973 37802 34854 56969 18806 48945 41566 42160 16135 10521 3731 59516 69229 51300 27439 46209 64628 66950 8543 8414 18365 19213 47561 14484 18182 44938 45736 56218 42271 12940 5265 547 37432 23177 16448 35141 36153 6530 6955 41761 33886 17187 59002 45634 46119 46630 46716 19427 28293 44524 29684 59078 62642 14835 65189 1453 40961 17040 17547 23124 33016 42926 34976 48409 59441 45810 70613 39936 24997 64428 7448 42770 51197 4528 43775 24788 9354 46928 39290 1672 44093 20280 70051 46390 34970 17866 69931 17296 34238 42536 44776 13823 24057 32501 347 1466 10021 32166 48898 59105 10206 44820 12279 54352 14720 24336 369 878 46560 9457 30210 42020 51486 6727 44496 3691 28518 62665 14497 41207 27139 10587 62603 14122 48463 9872 67289 42809 27747 20099 32264 64494 65250 12816 38167 39022 65553 51310 43140 28532 10769 52334 32030 43950 12427 4729 57325 563 28826 39051 23783 20434 53487 67842 21648 11218 43272 25402 69346 46160 15086 15114 9659 68997 14613 48866 66292 12157 70129 37936 59416 28529 37941 42972 28219 38298 6455 42282 52079 68929 21219 13262 63805 29758 38321 50668 50436 51731 59344 37876 35243 41357 25893 10606 68831 29184 57589 25290 70892 23858 24384 58547 18936 27539 55831 47934 16382 53283 14457 36508 24976 21778 57444 64342 51502 11033 40807 53378 51590 20681 4909 56234 10968 46589 32631 34940 53921 13617 39434 39888 6076 64777 52082 20932 70628 55365 10389 60899 63337 44282 61246 53266 45927 37784 24235 63581 47821 60289 60985 14323 40909 49192 39211 52585 36836 60510 62517 45639 21558 31858 469 68581 11585 61255 53492 41081 8914 26971 43446 54065 22015 45329 4554 37441 60369 63471 10101 36420 20580 47879 37077 57848 50072 21295 5266 14131 22725 48085 49269 4084 39401 52684 61086 25745 47085 31121 39440 52993 54467 65837 4272 58117 50695 36240 38648 28611 60523 61937 12187 62346 63653 49592 58529 43052 37693 43337 29586 42110 50897 20637 2693 39916 58398 62186 64467 61199 68045 21062 19966 63464 47632 41403 42149 25919 26025 50903 60475 6218 9931 59965 30425 24283 24826 69053 67503 44889 37958 64347 59851 11479 13333 65923 60787 24993 67044 41866 21250 48559 65649 2554 42974 34975 60204 37364 58305 43939 60980 15973 2190 69358 68875 5288 49571 36800 54466 10529 60659 37710 57544 13172 16547 52563 40323 55956 6238 65037 25974 1928 29822 46979 65785 58096 9107 3926 10632 10680 68654 11910 54195 31456 48687 60626 53925 14468 22966 64021 57448 8302 6554 68677 27846 17899 51992 52394 55436 7967 851 22429 17706 24232 33799 36093 53353 54835 32045 65954 41512 34470 19920 26362 54484 48769 47512 14782 47723 27860 17041 57818 11338 13973 19250 21195 8326 15770 36215 20322 66254 34984 38353 35725 46755 48451 70509 22085 39745 16572 67184 12258 31725 49165 57764 54857 2107 38384 5622 31851 61892 22036 39581 129 65664 50377 48780 3944 58092 54650 49448 18768 5919 56668 42975 32470 17726 66670 37851 20245 63164 5949 1276 21238 4265 16905 11247 60869 44376 60531 46171 65931 1823 3765 69501 49304 39386 49619 9788 58294 40174 2282 28773 37665 65018 16474 16887 12777 40758 42079 3027 31160 365 60371 21008 58320 32602 41937 52354 55119 42826 43482 18323 52225 15066 40753 43409 24505 3392 36316 13926 63895 61578 29736 30574 40854 51570 8381 25178 34845 52159 12123 15757 32989 33627 52645 54218 55118 43373 51240 27683 26796 54556 32748 61574 17571 11578 16294 67093 24858 2038 61195 2468 60556 22750 53812 8128 57810 44333 5485 2309 69319 9555 38518 7773 41424 28848 17722 37129 40264 52126 10788 47504 3234 52036 13097 62572 17720 17507 36561 44838 61114 41596 30707 62129 15525 32891 4523 41577 59215 57803 42946 21318 55420 56300 50679 60820 26853 12675 40528 56030 67884 14601 29778 69043 26547 62798 48622 66110 21283 29879 37620 46111 47593 47926 47627 39939 1595 9822 19873 63943 23742 42447 57471 1349 32741 44512 37964 42218 52299 8331 66340 25401 50045 34118 51086 59395 26940 60137 43978 36062 11957 12521 61727 53582 13041 21937 38421 46957 31036 55769 47578 39503 16024 65357 32740
162 1362
29876 58 27338 65290 61519 29025 35167 32007 41522 53388 16341 45471 65997 9646 39826 33303 58587 37055 48243 44390 15592 40915 439 39613 68888 34143 5566 39615 1258 3753 13476 45560 41787 27616 3007 52507 67626 11925 70157 2708 21345 59568 49292 28962 16003 47444 17846 21490 63225 54872 8311 33787 9560 56026 44300 47622 52997 28477 22763 57593 46394 46683 25855 69179 55411 9666 59021 51848 9647 50637 49598 18189 61599 31277 2684 65783 68268 4968 18822 11533 46703 57424 3086 14904 10216 24754 9945 40441 27109 12400 28270 9753 22403 60959 54472 40407 4231 12317 67018 30181 42693 10578 42118 25732 53496 68878 66466 5562 27145 47358 15208 25496 24194 40600 33274 47416 56382 33074 32159 5164 27149 6851 20255 14089 52785 8072 63009 22170 33539 57651 10576 564 25957 53098 64190 15255 39424 10434 55152 15037 50275 28396 17207 4425 17689 38590 22353 16232 31018 56677 14715 5367 24848 64409 40890 66600 37178 23549 11422 13763 7803 29841 39869 39500 50070 26554 61122 61947 38334 22477 47668 27662 35490 11189 62440 40502 65295 49021 50884 49804 17868 45003 32406 66321 1842 55996 16829 53522 655 43403 60352 18354 11150 39245 59507 42591 39139 51517 10716 35550 15815 28241 22788 32411 33914 7943 34723 61985 6157 21982 7743 36497 39235 32720 25377 22637 12719 13685 6267 51051 26897 27237 6935 5541 34491 36467 15794 8301 27867 53415 30920 31444 34730 43726 32391 48997 466 25851 9021 56482 42044 53008 16400 34683 47765 16806 67888 11833 62530 32400 29505 37328 37845 24606 5826 64344 54310 64529 24725 65735 69267 65067 17741 5857 6940 67229 12339 49356 37505 40828 65999 59429 59617 68346 54290 30441 24765 27669 58388 67749 11106 60695 29707 16778 28875 15765 60094 69830 69849 66492 46378 65933 18158 40219 60437 4108 4124 45832 16416 62472 30720 308 37481 49322 28439 30784 26345 26857 52731 26483 59647 68855 69521 57594 43506 6507 49777 29003 38639 47707 41769 47532 1068 3741 254 26733 31893 64875 21470 28063 30032 22646 10537 43711 36290 36797 70081 58390 1458 51482 55210 41470 20499 56129 1449 68880 31421 44250 47562 8019 9129 26164 61187 37616 5094 15358 68172 41152 43189 36893 53719 4181 43199 8168 2175 20059 15195 7220 55323 24114 65410 58023 20133 14267 14319 40305 61225 70385 39044 55593 36041 56322 7771 3771 65707 51207 43689 3126 9328 36210 52847 13533 60420 54091 45613 14010 47568 47344 39437 64310 48524 15724 47285 44211 45772 4843 64435 24605 66285 31808 49006 22199 45038 26321 70366 25638 54521 68046 51856 69446 29107 56770 50629 18981 4261 37253 30269 59842 54169 57149 16551 69675 70192 18205 2753 44256 69041 3575 64151 58867 39282 9282 50582 65509 33783 36538 52367 44207 7745 69218 670 66665 51585 26421 35931 61399 67395 70008 13311 27017 68281 61876 2413 52326 32883 59628 60128 35685 29671 10429 3187 5119 7165 49758 2601 65475 58737 67050 53140 49234 41665 47033 44723 31609 48319 41054 47604 17120 17615 34374 35108 22301 7478 43149 27627 42350 68145 14640 64338 33909 1252 54307 50815 26389 22032 14056 10502 13985 23503 56939 20366 64993 53749 38587 14411 23118 31633 9610 28121 3607 52892 14386 59875 44579 30767 22867 58747 46974 56058 51705 43645 24238 58767 31617 12093 38505 19333 69622 49119 38838 23036 15470 48776 60833 24055 58360 14060 17032 42834 58793 31844 63848 34266 18153 52401 46432 64747 51227 2868 55902 17044 9228 38772 34746 70502 45994 2025 6034 65889 7391 1089 64291 66649 68648 21406 17011 67211 68819 461 716 9575 43692 7729 34836 27235 11560 63095 28515 39761 22809 16176 8548 58911 10812 29480 64674 56604 9280 2027 41737 45158 55851 16715 53413 57945 36659 6286 29021 32921 49505 8555 37759 66165 18292 31252 58952 47124 49685 43912 27688 54794 57423 66212 20050 53097 20462 13975 18835 30905 23709 23122 48282 42104 1548 34329 32132 53095 21959 12715 15325 56745 66132 45 42965 67576 45636 46468 50115 68540 27626 5406 15810 16471 30272 46046 62217 7150 7312 9495 50522 53267 29292 16763 8658 34025 29009 40754 17494 31148 29261 14741 34207 5381 45527 56945 15963 20568 54800 14874 7982 42463 2191 39405 24285 33158 69837 63218 39269 59188 61625 54383 51871 68964 39795 16533 66019 34348 44136 12647 49310 34521 13457 65129 876 36787 28545 64299 56785 54725 47583 16293 8142 13036 31732 40714 41823 38546 47076 20617 28856 53480 23025 164 35400 30174 55190 63429 68073 43774 58327 14116 30634 9978 41388 35675 20121 28365 55148 49772 10280 52871 3880 69899 21022 7420 49219 43394 44865 46579 37346 64045 10010 21448 56610 64901 56769 9679 57903 2454 15436 31846 2748 39689 39743 35499 56091 41058 67296 66031 45240 4643 11289 70456 24934 41343 35277 15943 25483 44395 20864 31248 32459 65525 40967 33558 19778 2613 70282 1941 18625 29149 65376 19148 36162 70560 61387 20980 61046 54144 46574 39947 66998 10334 14436 44076 65677 48853 796 45684 47336 43049 68367 36598 16117 67016 27010 57577 15440 61447 15582 10275 28741 35176 69576 66288 9206 39693 40336 16637 1020 50915 12060 24084 8971 65936 12382 32122 23062 55550 33430 69130 64460 17927 61829 19821 45866 55224 44965 21239 34441 37905 46421 42533 51621 2732 57375 50469 63721 50870 6783 64556 3533 69663 36968 57933 9926 69891 55787 56102 40204 65601 8114 65980 9048 3788 70330 45999 63434 2847 44692 38252 66257 35973 55471 33735 1677 9883 48248 41179 24823 58564 60178 63517 16149 68151 61438 63146 55835 31679 15344 3388 59854 70785 1250 35746 69333 62735 8216 42608 34765 62007 14375 48013 28945 54979 166 69021 37221 62636 24236 1976 11008 27802 69633 22535 67633 51654 28747 12798 16175 40768 70790 5883 33515 52562 69158 56048 18118 34729 11408 68599 37319 44879 8900 52730 24439 19792 45733 8413 26113 18818 44480 37352 9547 18567 36135 15548 60924 11819 64191 52974 12991 63039 18541 5104 8336 2073 15395 64780 25626 59122 2820 21561 2543 28056 14841 58509 42995 7650 35019 37403 30390 63354 8221 66568 58746 8962 58832 54901 2246 43537 5683 65374 41601 67989 60114 37324 63986 36745 12909 61900 70316 42041 37914 8050 41526 41545 61205 29468 32813 43478 28116 32499 28862 56538 17677 57831 34211 43327 13599 19030 45567 62135 41760 57526 59088 61376 45122 65972 43076 37788 6129 48049 68065 4403 22100 64141 58561 3559 44152 14437 40427 55044 40134 55833 17096 4730 40418 50613 3081 28207 53779 16186 20237 61103 34927 3319 29847 40277 43313 21827 48308 59353 18682 54951 23457 13351 5758 47567 46863 30512 26478 69245 5307 53959 955 10982 69430 57082 8873 12486 22291 16788 68355 36097 36314 48562 19833 38403 62104 42327 19302 53027 13032 16912 10154 36632 14599 17249 19304 6869 24647 41199 46144 57587 41965 53244 60281 63274 23581 46081 63838 138 57551 42320 69361 42505 34834 67297 27609 69842 19695 6493 26233 11100 33836 50380 11095 37266 48541 33370 27648 65394 24864 26609 30789 9540 59809 30295 29718 38201 46271 15236 10647 19147 49068 58019 19193 12356 2065 51260 6854 5397 29639 63836 56992 32999 68354 41380 46990 38907 10900 11000 15414 5500 64891 37795 29676 22118 64142 18751 43695 11411 48126 60769 36900 21892 5752 20639 1086 59478 45938 46283 49562 50628 14124 15223 44273 18089 54024 70870 5464 62227 7654 18923 11252 39084 10557 27559 11656 13917 15374 26838 51617 37116 29432 13972 32925 59908 2826 48847 58268 2962 21970 57687 49080 52770 47190 20810 60272 36986 8520 2980 1090 1507 15746 8791 36924 24198 13900 3840 30307 25329 26474 29436 50194 13647 16037 61097 48849 10421 3940 9629 47985 50170 44268 20262 46048 2855 36141 49364 34438 18406 38344 11144 33732 46004 46971 33450 63276 10212 62299 46851 37217 63701 24437 48033 45193 29653 16955 62644 63876 55075 53255 58946 24510 9430 52321 12152 40783 19349 66544 28027 54279 5767 59165 64907 15948 19377 48069 48517 70567 43099 733 33590 19102 31719 56657 27312 5551 7057 8257 11293 64798 50136 21629 31707 65651 25523 22594 18932 12061 39163 1532 58962 37603 39526 10935 67473 9654 11359 33223 58056 41369 32341 55606 26619 3714 58501 36834 39115 2717 51962 54219 33161 43402 14091 2867 32224 8434 24862 9072 17372 17488 18882 44284 69069 28128 44539 28567 20546 69885 45386 29005 37488 13195 63210 6531 15096 47980 57254 49069
549 1342
43494 29105 39579 3991 3829 42939 58162 43685 61231 59442 3163 57971 41765 34062 11719 65737 70471 46030 42576 16893 15758 69614 8086 21486 38276 18274 18207 50404 13762 4614 64289 57100 17087 31163 2008 36712 50251 33636 66566 12006 59935 40445 34089 28832 45357 13004 30742 34519 60610 53773 18890 29813 57104 14057 56795 9509 6903 44015 37062 54066 35172 6319 26049 60503 37308 67174 38671 65144 41933 54983 38669 2254 484 59616 22571 4092 20820 19602 33116 16949 4179 64714 13891 62128 28917 5567 22436 57052 53169 52922 46891 34680 29379 24717 67741 31269 5269 2140 57363 11237 56606 77 33069 3309 44179 12163 15944 69927 35136 54067 29681 14776 19572 22914 23689 311 60409 15881 39463 15334 49103 8353 35090 10719 34985 16245 63632 65745 38109 49967 66374 51707 60800 3984 45533 21449 4088 35574 36870 29150 2251 29953 62900 11978 39257 22968 53523 62657 8186 16525 36310 36495 1497 23672 44709 54000 57210 19126 35457 5640 32557 32858 25392 6114 63668 7406 62532 1319 67836 259 54701 3935 27556 13401 8560 28833 48662 65862 9847 56970 20974 54897 56863 22967 39482 41238 59534 36039 23404 16273 18481 27531 8111 40813 41391 4247 32486 44159 8006 40999 41215 62674 8531 66803 26120 10414 67097 13294 10559 28171 21849 48661 28249 62196 1432 48058 57291 9279 59958 52379 4081 54557 51784 45941 43705 61130 48588 10061 51909 42613 23903 18058 9868 63301 41495 29549 63929 10575 4704 14959 15825 15486 13124 23400 48392 51441 503 42232 59323 44288 13669 16352 58771 54230 68680 31237 14973 47533 23334 32644 68099 52545 49121 2630 36117 27422 68489 70252 24399 24838 2538 43458 68902 28350 64520 57400 59705 62454 63459 31641 57713 41697 8949 6766 44149 69577 64296 9450 42914 20972 14033 6805 8378 22011 6438 45187 18516 35911 15085 20416 30557 58731 14765 4339 6173 59278 43640 11090 29687 40987 34282 67282 20665 37799 4341 38463 47252 57982 25335 29108 26546 18976 26810 3595 37698 43033 5264 31868 68397 44033 42230 48548 17070 51877 37186 37504 63234 48612 24734 49486 50512 30054 30362 31821 43019 59698 44387 64359 13246 7880 66138 25781 44249 11492 33684 28389 21823 16252 58606 18731 29381 14951 66001 33436 17131 1318 29686 56324 10828 68960 38746 21685 22710 34073 4097 45841 65317 24772 50123 18677 52621 7397 49482 65492 17581 43555 29588 31430 9142 50393 34855 27792 5492 39868 61790 55146 55643 62238 24683 66984 18949 2550 35435 36170 32023 67312 58692 13881 31768 64627 24082 398 10139 7570 61184 62769 32749 52581 53137 7097 25269 25407 60767 50548 3156 69356 12180 64978 34432 21225 15835 11081 69543 7246 28397 20301 43915 60696 61768 59665 60692 32471 63162 14665 32701 8608 63861 39994 21732 61443 47174 64097 27472 63562 28235 62024 66150 11538 58074 50028 42502 27617 45410 46054 24665 41513 9080 32691 51263 43887 7914 51044 35565 57723 35602 44699 53531 22360 18548 21981 60890 37970 18010 20391 16932 44352 49361 67751 50096 67030 67588 63275 30852 47955 36258 45033 14001 56694 36087 60681 53780 59649 21730 56275 43040 69793 6872 48964 20978 41390 44098 46020 6989 65815 62266 16456 5708 14224 48812 65968 11454 29877 13995 35846 5653 51814 8565 17891 70125 54153 63432 40459 66755 18330 43860 53471 46881 34083 67548 27590 53984 47384 48691 17345 24299 33434 18817 42071 1811 37209 56571 2220 69967 68100 19670 38451 19183 54211 58920 26673 44762 45155 21139 5510 13811 55969 56737 17794 10140 18970 33108 42348 11557 20188 70891 46333 42955 59524 4060 37798 52012 60945 23939 9186 9702 35042 64865 33677 42921 31504 15261 65236 57380 41591 16453 41148 66385 17373 18214 67428 13506 47686 16090 25658 22002 60280 31663 70329 70497 21427 26143 34556 59158 46415 39894 206 19981 13291 16086 34545 43767 36580 42353 53332 62408 32697 33394 1017 19526 60946 30186 32491 18716 27282 30325 26140 68202 61953 5090 68688 45633 62810 31310 39866 10889 32764 50161 25684 6067 55250 6596 41867 2395 17016 60100 31135 55954 40013 34424 8907 60753 31286 18670 67900 10679 69941 53969 35615 40055 64664 24355 2097 53389 54160 38376 68093 37944 1346 25963 59361 13949 49566 67166 53535 57051 17898 67388 14483 39903 56393 47808 51741 31111 63291 4348 4813 66023 11424 23039 58468 28077 30804 39946 8365 24928 520 27654 45112 55572 39944 40484 9747 53467 16884 50162 50198 9655 70630 50029 42934 25192 20502 38470 47477 31997 60644 6951 40232 30593 41132 8458 39793 4219 22754 25778 57218 15819 9367 52527 69424 54152 30020 14600 50130 44205 12914 8706 50131 9880 64635 67787 2466 52973 53390 46619 55781 51173 7644 67697 58285 3429 28931 34071 39398 56688 66608 16153 34802 35538 25534 11962 6414 33067 68566 69499 47479 66609 67494 66265 44551 6436 48962 3119 46565 14103 6301 6709 48982 17133 51666 5126 30543 63739 9849 2709 57392 59065 33930 59254 4831 46751 10109 47837 58691 28915 15706 61899 45791 62919 37846 66931 61008 25452 41870 50290 30967 68723 46158 63318 7221 7696 17431 28601 10744 63773 18072 42023 10743 51757 42296 4605 34321 13203 33797 21382 55260 34132 7234 15836 518 25360 42490 43360 64523 56353 41274 60424 44667 30169 5906 17248 50932 26637 19916 2046 64670 38141 22166 6137 32298 328 2652 45396 22279 29158 14071 47053 63561 14920 40199 67120 4803 54084 5576 15465 32560 69535 32834 50898 34909 15280 24424 32686 61786 53987 63552 15818 65543 42940 69009 70782 60211 61364 64227 11466 51702 27894 66884 54433 33337 66459 68769 67224 58132 25939 44392 52690 32950 54958 33431 48862 1484 51528 41303 51348 13591 13671 13730 55980 37714 67222 18683 62136 2920 59155 14389 30234 37500 44914 20463 35596 28296 40895 8825 55938 66380 19299 50214 3276 15531 53234 53735 19679 53466 8820 70165 8063 61295 60207 14473 28105 5197 49661 33657 3407 69703 30741 26134 30273 14804 16712 26126 5343 18706 54875 7600 34079 16611 66819 10130 18467 60426 21737 5840 15379 3074 19723 29424 64829 58728 3456 37720 38618 41774 67893 35444 61158 39212 4777 66208 43241 15657 16523 19763 69528 48293 13588 31178 58037 9401 64198 53338 24293 8395 8631 50358 19909 55957 65989 50940 28360 13175 34992 27705 5773 30659 41052 9098 26953 64065 2082 19331 11735 54996 37927 38387 18597 29891 57263 44750 21193 54939 22690 36960 62627 13567 9125 17855 50768 6627 665 12825 13087 394 37406 42691 51046 68746 2398 52061 7623 9358 70205 8614 2293 67992 28693 17654 58815 34517 60039 34251 10945 46546 23179 23695 59469 16405 58834 59321 28001 36537 24691 11505 43434 12397 33455 63397 442 68277 53529 3845 49394 26198 4456 47179 15830 2167 33175 69759 30583 47595 41232 61138 42765 60564 49249 25945 67241 28474 42247 20774 45458 47213 68236 10269 3872 65291 1744 61345 50681 36362 63911 45144 33106 17208 55170 48309 41521 4580 37699 55561 4358 14150 230 8797 26648 9209 70801 49201 28829 25566 2905 32864 17711 43984 21249 7545 59113 55227 1406 27909 43592 52430 65026 41807 66114 66565 66885 60376 14186 24337 9542 50841 38688 46032 45035 50518 2058 12370 53482 54097 2596 7434 49626 30146 4954 39861 58924 14354 47220 37269 15019 50878 4227 12984 14641 26977 48439 69442 51810 17038 42624 5250 59880 12201 16992 21529 56966 35516 40236 12354 23120 64397 18216 28504 22041 38495 64898 668 36941 26136 6122 22589 68117 69398 54502 62816 25873 38425 34540 55665 60108 31830 41608 20691 53915 41099 680 28877 51503 13116 25471 19233 8189 61298 28686 38865 6639 34745 3173 20828 55690 52703 9162 24089 17326 10218 11660 36603 41713 20851 62859 21915 19903 47915 44722 24332 9418 68263 36306 8134 50744 29530 48931 15329 37293 6357 19480 7995 50201 34889 4160 28896 53983 2043 29098 16844 1098 9503 43187 22076 954 54414 1239 65823 42328 20351 13868 68063 28644 63089 55029 32937 34077 22265 39345 41108 46739 9246 63194 53765 48400 61517 56511 61925 37394 42969 60153 51478 34051 23714 2270 59068 58287 19117 59896 61421 30698 39852 5522 57209 2138 54852 5994 31258 64979 32204 55961 25114 69048 56427 15863 812 41930 50200 25848 17764 1814 2002 67559 59703 18858 10804 11822 61035 69572 30457 5974 55546 23454 8084
178 1313
32742 60994 38210 14449 43526 60587 42863 2499 70576 25814 27182 4356 21598 39953 22642 68278 42562 3129 32066 16197 59716 40786 2836 22497 68165 59355 36177 3362 35166 56284 25416 50804 60922 35855 13213 42321 59446 52542 70333 56894 61254 62790 34649 11681 51787 4133 52481 1789 52615 64104 45497 23537 7425 10049 4278 6050 55225 43372 15503 7934 30036 51941 55010 14840 3325 53018 28341 28589 35025 20800 36994 29660 19007 3821 49646 29964 51908 20110 34604 2595 60642 22157 11844 20714 33888 26582 59704 5637 31589 53783 30120 58527 68004 6883 67196 12071 68790 49627 53579 6933 12335 21257 66157 50929 31855 35057 57930 1986 19506 65337 27105 19855 22422 63687 64137 2135 57244 17990 36759 50609 9756 50822 18556 38770 16179 41452 21228 20119 36714 54034 845 60401 55654 70911 9144 54492 6207 56047 9656 43773 25925 67099 52941 49677 49965 59687 61266 54434 57411 24742 69566 29347 1563 36716 6009 48522 28628 57570 51934 22009 70775 34114 21983 48878 1995 51176 46188 9477 30423 67397 60338 69930 23258 32924 1970 48629 17053 49845 49958 10494 6332 56056 9353 27566 65802 31570 8630 17737 37194 43288 51360 37734 55513 17576 48065 65014 41042 34093 42446 69855 64753 38719 63530 51130 24793 19606 47565 864 66319 61725 56926 8002 49184 68257 20360 32534 27044 12982 8824 22042 67106 57743 15876 25876 54576 32759 56180 53864 2320 31870 32579 18453 12497 70711 9106 26902 17681 45480 2430 5619 63082 23094 69511 12971 48073 65556 60679 38476 17897 61767 12754 26172 44135 13701 55025 32444 11762 7203 33255 57997 53537 29156 23844 57874 67862 35902 61852 56267 44382 36731 21093 38905 32612 67069 52482 46201 5246 57863 55959 52801 23967 7674 42804 25000 20735 54216 65114 1502 41172 44660 53037 45264 57203 726 26373 35320 50965 51429 39173 66682 52676 45880 34139 24470 59830 53346 34165 5316 48846 68614 44114 22618 56631 26724 11676 46055 57462 57463 24600 51330 56655 65831 33356 49850 10372 18580 70605 32575 29291 1016 36333 14960 14693 19721 21222 2455 10127 27594 45005 20475 4666 13370 37988 48583 17593 54415 22171 22388 34351 59888 58165 42527 68402 56937 41182 34926 68735 69901 14676 7800 44169 36376 22810 28809 1212 36707 35545 64607 26273 43391 44626 67378 42848 19828 30180 5890 55867 40855 67292 14595 55822 28909 46104 18252 35158 68970 61653 46598 1509 27307 70352 39816 48396 227 16802 28735 37385 31379 42581 32036 32175 32437 9365 20538 67785 68575 7786 50786 21057 57271 18869 68630 36601 20874 30008 64778 63593 6571 7844 44609 14311 36086 40436 35704 11732 5001 46904 14869 31272 3268 13489 46521 60386 55162 33641 34515 31210 56061 67004 5132 15107 44643 28952 23014 42959 10433 37543 64902 38600 59482 53628 21643 3563 4360 38103 9824 29402 70668 58463 30209 14988 18283 12864 47024 34112 12713 57351 9325 59025 4047 53669 39585 7755 1719 18262 58141 62559 68436 70700 18078 58726 35002 43957 30434 15997 67197 43840 61818 5229 41899 28029 37474 24775 21611 57193 67177 59999 69328 57660 37464 1062 68002 12316 21750 23344 42335 44385 31215 31506 58986 4805 5027 54622 674 63576 60415 13605 24816 26595 18927 68854 60761 57502 62587 61116 46858 56918 37651 50701 59742 68653 69589 53412 48137 46370 50866 20134 6646 15790 70583 293 43136 68125 33097 58380 61410 39107 47603 57221 58507 12322 6387 25577 10261 39996 50009 66520 69843 45855 28506 62574 17104 1323 26323 53483 70683 63557 23424 54559 48031 7620 25514 12298 13944 22191 7330 8753 49798 66391 44792 5209 61788 63320 50206 17570 53418 21424 5860 7266 32215 51288 48027 32417 17033 34257 68682 20090 30399 203 51543 51575 30504 33146 50215 21084 49694 25526 28512 62482 48686 2688 724 66746 19459 23975 48135 2211 39612 23532 60168 48449 25222 30253 9988 68026 2372 9996 47259 51923 55704 47981 59689 21072 64939 68789 48254 52407 54346 29932 54726 54942 50455 1654 70068 38104 14890 45109 13490 55314 39908 1461 10344 11131 60802 29055 24803 18674 15976 12003 61749 6822 39884 50725 45790 16812 68435 41702 18955 21031 57766 17558 53080 21597 24081 19525 29152 30393 3378 44773 1280 44454 31387 49871 35188 12768 48755 19303 29668 57532 696 34666 51954 27392 7659 65142 49799 34259 45787 37516 45862 23074 40507 1473 53194 12303 46833 47506 7131 32848 35485 3909 29036 40086 32233 43552 69670 70299 14781 15681 57040 57202 24744 33311 40213 61830 62701 32988 24932 36064 14549 55917 68309 5617 15751 63426 49680 23530 37132 32039 15698 43879 24581 24251 59198 42138 31525 27795 45968 39459 66383 26471 51996 24374 38074 24632 33877 9707 18396 27290 50142 58516 58786 37486 23898 26912 4000 6803 7612 32199 937 49729 62197 54902 8145 19143 28649 53705 39608 54250 12458 45583 70883 36196 3472 62545 14048 7693 34700 28255 66422 2503 45578 13548 6598 20795 45417 64431 6713 9567 27135 28990 22027 6179 10893 69147 32845 58688 51361 20741 27815 3474 57980 60425 69651 4747 22702 47546 7833 65220 3648 15786 63193 18717 35481 69642 729 20947 28783 53804 6514 64182 7457 66731 69049 63131 69763 21565 13966 70180 29914 39870 61365 48707 22048 31807 8756 56092 65632 28774 53668 29451 6953 24953 57303 63286 67681 10368 25149 59256 19307 61204 44188 37897 49194 993 58830 2338 46216 26918 13146 55324 14529 67051 43198 43374 10922 19375 14831 42092 35308 60422 21621 55161 22970 32886 64178 7019 65714 18815 28020 50121 60927 54498 36685 63206 65994 48025 7463 18150 13924 23595 12083 12349 28291 30106 67170 34851 61591 15271 41497 2993 41285 57940 9278 68275 35155 19100 40551 29428 50560 43547 52336 12556 29070 6957 52193 23733 69981 43464 69337 40387 734 58166 25604 2744 36977 53846 21684 38466 67513 68641 36052 69118 22922 49026 19607 69108 4822 20029 55100 52144 44320 52536 15599 19735 34254 10411 35904 56209 16535 28097 3819 20856 66073 18489 28013 39180 47797 34304 59166 5457 33040 43877 21146 24749 42737 13818 47508 23051 39917 7573 40511 19800 54819 67308 20685 37104 11739 45259 53507 12693 53717 30016 19958 47510 24125 59267 8640 3555 52739 53641 64893 26959 14966 60318 21498 46978 39539 18317 11790 6791 59966 62538 54745 69743 70746 7082 64625 64816 50465 10240 11695 29409 40892 24657 68168 45507 59792 8256 768 27146 24895 37007 5724 38614 56904 70535 17369 5535 32056 16422 19976 53772 59969 65842 33867 33897 58540 36192 9549 67220 28308 8136 1541 26404 55774 46023 70777 48928 42109 68694 20300 37147 70612 16428 51010 48856 57487 7272 2497 40505 20327 51072 43150 35963 26016 43396 1440 27773 31759 9042 70195 54796 63435 38978 41727 17185 19057 37355 43642 53515 21324 1596 18168 15763 32819 62928 58951 56881 41003 33225 30748 65576 12384 56475 15855 65958 12431 47616 57430 27344 3806 47170 1712 21770 34058 18136 18265 32915 66545 64755 41775 3689 10496 58994 2659 38969 20328 68271 26344 15423 33373 43051 16886 42668 51071 47123 42488 24817 8620 64658 70134 14434 34914 24315 34041 60315 21330 21614 43952 24703 53106 27586 47043 63786 50485 11178 57004 69336 25698 7572 31636 49988 43550 35768 21333 51985 35898 39804 55528 64247 58086 59399 55214 1817 52834 61648 69846 46558 32737 9485 54031 39232 25895 21711 7508 17631 69682 25701 10176 36426 60732 17664 10491 41324 56450 46658 57087 41191 14381 8697 40027 1945 35068 49357 10337 7105 21885 13609 39311 42529 49072 36486 38696 42617 52323 25094 55391 15538 42433 1231 70867 8319 1240 42517 55421 44704 4983 48827 58271 29129 25856 29014 17504 44423 12300 60909 21905 6083 56659 9115 68177 41483 47922 47769 51357 22997 67418 13444 61870 21391 5358 38066 6011 32385 567 66279 65444 44204 46211 56042 41852 2846 35417 46628 53450 66917 46831 12852 50018 22945 28535 41022 36626 11197 38680 61616 58735 38323 1747 39662 17857 12218 33418 25246 17186 66364 58324 66661 60365 35930 68751 3225 11442 11805 11926 28760 45200 61866 5582 63229 30740 14433 39035 63992 39619 39665 64331 48012 39891 31729 7494 57312
480 1300
18380 44605 44756 13563 63400 6616 34187 11745 957 11428 33442 38993 45385 68372 25385 56862 13375 11140 65116 18322 8294 45288 68667 10535 44244 9751 30573 54345 42738 69925 52729 26221 62996 8717 51846 38318 15774 18412 55861 21956 19207 5879 61506 5854 17884 69281 51149 23771 62004 57021 29928 36322 13084 65636 1866 69646 48632 27671 31003 8532 21548 60788 53336 10007 30567 35248 11889 11052 20490 51907 31038 49741 23915 65524 33024 36063 60701 13598 63468 24897 66516 30699 48765 18558 63264 30655 11659 23592 2131 69792 47140 34242 67804 24968 61949 2448 6368 47378 10520 29749 39273 42411 67661 69359 55418 53103 39721 17359 672 66412 42473 59234 51112 37592 61638 29459 19204 3485 25728 25857 18350 33182 2932 38491 57755 17224 27681 61702 7452 24807 34522 1958 45892 7223 8068 5427 5145 47633 41889 18013 41279 46108 34428 5581 48718 62069 5259 33249 54369 7867 11861 45152 53835 16495 35305 2839 22973 32067 35693 15453 56912 9837 34810 46679 35736 50051 1499 10754 23950 43563 9174 26945 5819 70137 27339 66324 37321 45546 9077 26859 21735 30638 9432 62371 5354 144 3118 52359 31007 64558 24661 41539 1534 10415 15947 57907 58453 52543 42302 34182 13772 69950 13416 29901 48996 16688 8985 46330 63141 40524 64271 42839 4363 45522 23168 59043 55359 39706 48704 862 44344 52694 5177 38062 56327 26492 43768 43982 29373 65078 59103 69744 14128 67031 10086 60341 3512 54223 7901 49040 52445 16770 4037 4973 10129 2170 18636 28172 44635 41772 21682 66112 46375 17815 43600 21419 46506 198 61101 4713 32435 40993 49218 55415 53222 4846 48056 32228 58182 32983 555 35270 40175 338 66676 58314 29647 30870 6333 29629 41272 11292 57543 28432 20531 14604 34149 61007 30505 15630 33741 64414 43514 11406 22614 42024 2562 62829 53128 4976 29690 23861 40535 12178 11796 31261 23795 50221 60062 15100 10782 69652 53542 5118 47360 68602 65377 23956 58681 16323 21364 55880 53395 39050 47280 67902 31376 64929 60199 272 40424 34937 37701 57691 3534 22068 15450 41618 66371 59882 12467 6451 67675 8913 18027 3702 66648 9596 3750 20393 61494 66929 31535 44214 61472 40625 7981 16662 27805 1721 5253 6821 57003 548 33528 36611 37304 57225 41911 42743 60813 36993 20833 39076 32810 51389 20346 62507 57972 42936 10314 36404 64193 23997 58150 36819 46503 32850 15904 58348 9370 60151 11234 3294 57117 65826 34882 26220 35135 35419 69112 56911 64511 64684 53867 58442 41353 9243 44797 7927 15717 54262 23236 50564 59226 22660 22837 26376 39102 37425 23944 52921 64209 26144 29435 65335 50890 24564 42990 60127 11120 1050 45201 59719 37888 22781 31606 24784 58582 23767 40822 52226 12726 67007 42900 36514 66295 1439 44444 29084 11994 13189 39596 47811 49477 58874 26888 53294 64468 53455 41778 14341 64128 34151 33022 53069 57153 32798 57503 39626 32237 683 448 36082 36096 15429 40555 18138 43430 17440 18687 13133 21705 56232 9163 58373 35585 28887 47008 29729 5287 17079 51897 3837 53154 30316 6020 50959 18802 11200 48656 35934 33855 38281 21300 63067 2876 70850 30258 45078 4927 64641 51643 68784 49773 66266 26473 26813 12925 6844 37667 56199 32651 24616 57931 18106 30352 22200 61769 46818 55494 47388 6834 7879 10981 7897 50063 42112 36600 54213 38791 32628 29427 33868 50873 36040 69210 69410 20789 183 8969 6657 57527 2324 33379 41838 19598 8229 17553 70915 41246 2340 20130 54247 5460 32180 65423 795 27435 20655 62794 6482 32347 26279 59437 38931 25252 37402 38306 52683 70598 39651 60511 58974 51628 67976 15553 34722 49376 1032 41886 60676 56497 15741 401 13305 57739 59627 43475 17297 54841 57353 14823 39502 15802 35822 38939 57187 25024 9891 36889 8624 57975 43314 37571 60776 54158 56425 22460 55740 58293 24115 35028 12108 32414 52671 13164 9374 13055 36814 29554 41229 69638 45491 66054 10989 1653 5726 44857 45683 48967 41065 24761 23242 51807 27888 24866 18295 36361 11873 61728 1362 18294 14423 50343 10533 3360 7040 31954 15807 1737 10464 51760 19091 49029 68250 63703 55834 52732 37173 65864 10059 59984 21950 17673 5016 55750 15723 51138 69707 45459 17188 25917 40128 35408 32077 40556 41637 23128 34573 10 26043 26343 11579 32403 26196 35830 3949 19013 19954 61571 13955 56884 16027 57536 65001 51024 3740 48120 7931 4547 39678 22578 40767 50431 45762 8043 66068 42014 70904 32846 8752 67590 52538 33639 12229 69805 33308 68590 53260 15392 27774 62222 51394 4717 5445 22903 34511 11894 61180 7894 25683 3087 28519 31477 34110 21388 48154 65806 56701 16372 26948 43688 19492 36356 5225 13073 44521 53153 54285 19370 61743 32873 18583 62139 8646 1119 47746 31406 7257 32145 11183 28323 260 60141 27245 29196 54106 43876 65207 65461 2263 20292 39811 24237 30002 54731 58568 65900 69263 4749 53907 50808 20288 55624 25058 44153 65452 61995 46438 30912 58316 25901 35086 68067 61305 8066 58217 69546 33806 62100 14958 3962 4317 6984 1409 26836 44982 20967 5037 45912 23516 48539 2752 44112 47755 66062 29976 1325 20938 56627 20880 70087 37619 65167 45008 13859 41257 43836 4018 67578 30321 42181 42248 60323 5386 55527 39822 48036 42365 34279 69029 32425 9239 57077 12867 32721 58657 26051 28447 53629 51773 15372 47875 33952 393 41339 53547 17417 28849 29438 67497 53763 46210 33456 70500 37839 22136 5801 14070 49232 51587 508 50776 57231 41806 58591 3002 36516 61692 54735 23609 64685 48345 5602 59159 70761 29895 55040 17080 51418 42270 824 60248 46433 14076 17025 58637 14431 31331 24791 18230 11088 38341 63477 18147 35793 27696 65055 22063 30689 51838 15556 13249 70832 3066 27733 57644 29600 682 50090 42773 21054 55899 32436 26129 3333 21242 54485 5342 20187 69443 2440 4145 13056 43274 22677 66297 17429 29519 54231 6862 41762 27701 19746 53766 47775 11540 70014 63051 8711 17115 68176 4631 53825 6292 15192 66944 51504 30299 1669 37469 22067 15260 16936 9199 21463 17995 44565 61520 3352 21359 2433 62297 24549 5181 55777 36575 6527 50342 7390 67596 7339 18854 30497 17226 18117 27014 72 708 18092 13471 49212 62527 27565 63374 14322 39443 2875 41322 25830 18159 36973 63455 47852 12985 47139 23916 40328 2628 37244 38706 41800 32812 55130 23170 621 58493 17696 35000 59010 10943 20157 18346 14067 63075 65727 41860 9488 10158 15203 58230 9625 100 68430 55142 55512 18367 35371 36344 64125 32402 16996 58286 42094 10835 1808 3216 49549 59917 39933 41612 35549 39695 19337 8587 18227 65546 55828 18755 24301 721 55652 37529 64060 62267 29846 68140 23814 14652 8537 23577 35004 21798 14839 7615 13415 58977 5226 25061 35340 44735 20781 40451 33496 11725 29072 48684 19242 69433 26894 38967 60067 35532 54919 64706 67251 59083 22415 9935 56117 24994 58884 36706 16514 5292 32374 9120 33391 10005 64894 51546 4157 30289 16560 9954 45914 27997 3642 35845 53150 39198 43388 45142 3373 22513 40180 22619 9652 32667 67218 52533 56656 32506 68009 34720 41564 46620 22608 38674 26770 59338 44628 20088 51220 9724 26712 10196 64846 67592 55770 14647 54620 7797 17988 24124 69974 69079 60184 21854 57410 11954 6770 66598 58642 8080 52741 21383 9844 63267 18165 18804 6356 65470 17575 42462 48413 16752 35610 67967 62228 42107 37931 12952 55558 55608 35912 4270 21138 12327 56256 63045 1680 35207 47587 8489 10096 20413 27907 19929 50276 19943 17635 18672 64680 34164 11409 31381 58644 53019 20227 28736 14238 15472 35109 30302 42790 59784 67347 64207 16359 69673 33089 51898 24579 34119 7531 36275 12278 55050 39367 37040 60570 6516 40026 9817 9287 13240 47757 27177 50561 26300 21947 20436 54686 53290 61843 62788 54810 56040 48637 25110 28192 69027 49753 43507 56274 8726 41491 11930 29316 60235 4259 30875 14368 57680 16951 49889 9309 2265 43312 18757 67949 3601 12078 69608 69691 61623 28865 53816 54189 62407 13750 6016 6023 55200 14643 63866 31154 48621
166 1230
10752 42966 19897 29143 14013 30900 46441 19189 33288 53041 277 7801 27192 23710 31386 45979 23130 13275 6485 65455 59173 8911 32682 31581 22932 7315 50708 2116 6246 49296 52147 15675 58806 22814 30588 33180 2886 54001 31840 34188 20338 12582 40570 17433 28189 14972 22312 43415 64026 1696 6688 42105 66589 35504 41881 30713 21531 33245 57679 68873 18172 54072 13194 54288 725 59223 42046 13911 65456 28342 49797 18109 20627 46885 59903 64018 45987 17971 12568 17268 18689 29776 3142 3883 61398 59514 29589 6185 55738 7247 50374 60882 63574 32218 56099 59866 48348 51661 32817 54638 38159 13898 66730 66858 57969 67247 35264 33982 18131 53637 10774 25283 30337 28534 63507 7087 48276 16022 39733 30893 54868 61127 57457 41672 17827 12079 19724 22131 40428 18497 64914 59179 51998 11337 65789 69564 38311 27125 53578 20878 57562 1299 30889 31312 39501 58674 38414 58758 7278 33705 3842 5348 16827 21889 40034 12716 2764 41454 58736 45461 54060 59120 32169 68180 56210 9595 42420 55837 37995 17926 28930 61071 14657 41725 13657 69847 80 66123 4136 41188 6898 42514 58999 21973 7725 66130 11417 54669 55320 1456 66561 12926 67625 57367 16521 61938 42546 64130 15839 66449 51040 36637 13449 46939 35777 62815 15105 56972 58475 19235 47500 39644 42994 2405 65019 70831 64395 32816 29008 34999 39594 23297 3301 38731 58142 24693 43812 6878 21564 70882 61712 10624 45548 37855 38914 3494 66868 36364 45128 29266 56932 32472 25752 18744 53857 31275 4758 16565 4043 15489 12589 19394 7671 23706 58202 4166 15092 38392 31032 44012 41268 66367 66702 34510 43639 19671 19883 45352 59950 35411 13581 41822 70426 5372 39278 5404 39690 66481 68690 69893 53042 19352 55030 63235 45595 35257 27966 37015 21553 32107 21942 13781 62034 4802 66416 34078 15557 60983 46385 70608 44736 14197 34402 58112 1209 33342 20216 43011 29443 14281 52738 45050 15545 33044 12657 9356 67203 1752 2181 61746 62406 22293 15669 65741 24138 24345 24225 59339 3566 12781 55995 43459 43462 22791 18702 13515 35674 31150 37412 30286 35165 70555 29875 38101 46594 9410 26510 35326 52702 47165 39095 62526 15190 1940 10188 37461 16250 1622 18422 17490 10308 22499 17769 1446 2296 3380 5978 17699 24528 63950 27099 12522 69102 24643 24635 50007 4966 36540 35111 62396 63778 52442 30777 62423 38806 55584 2723 70236 63604 6468 2432 28278 15125 7781 48746 49933 43620 48731 20721 57469 1879 29644 46159 7052 59723 36518 20299 7469 16063 45858 6181 41464 18370 35099 60387 56539 35422 4359 29745 14302 24400 3975 45584 5489 15658 8975 16800 50557 42838 34934 18685 29058 6243 2880 40579 675 61272 52592 13162 40752 37372 64334 326 33537 42800 21392 40487 57789 57513 28290 58512 67752 11049 48105 56698 791 25880 64234 65230 5505 29388 21712 31818 29771 46166 30796 28106 20031 64980 40824 45123 49877 66341 21175 2565 68743 21728 9594 69408 29919 48756 3562 65153 44976 21828 14130 40043 16444 43105 46678 31624 56457 27317 38368 59893 68555 47815 28625 63998 25203 44165 28147 40017 41586 62392 32583 57394 66362 67381 10562 37554 31053 24247 51805 36873 22600 8629 52447 23485 19826 28398 23435 67450 11328 1564 3025 46566 54823 64396 59674 48134 9105 46202 33189 25017 66782 54207 41628 17788 38793 9790 34924 9786 3421 53442 38979 8867 18797 62403 63424 49311 50341 67928 13271 21978 54768 58084 10898 43961 20252 61296 54349 5759 41542 54993 53274 32049 25629 50643 14407 24677 52100 39535 41335 33343 18341 54167 54833 57081 57614 36453 64806 41603 41656 51214 27333 54770 34847 27269 69392 30471 59041 57416 19842 2145 18699 3356 21821 22705 14852 62164 56242 33289 66443 12334 2315 5153 31024 47699 9423 4388 55019 55628 67971 51958 32753 41677 39985 57682 18373 45319 38296 47787 44672 13152 38287 6415 117 19749 37605 30188 63130 7563 17725 19409 28062 9165 11435 54654 60071 8401 17632 43533 21126 55751 35266 1813 11245 3329 49550 41946 62290 64660 58119 68091 27225 36402 45919 34824 19335 56593 50982 44068 45118 55481 16040 66099 8881 31325 65674 28356 51997 68609 24443 65564 34263 53102 12473 56206 58923 44632 46242 46342 68593 24839 62964 60059 58382 68600 11606 36520 38764 68719 61172 20664 23980 25662 58545 18537 59735 39777 12392 39207 67412 33816 54703 40098 16909 47321 2161 41025 45921 70783 21869 60840 17447 26872 6229 58075 785 19879 31295 25557 37388 63642 59502 52724 37564 54657 40019 42923 6206 69723 41428 53806 42396 52992 20907 64654 11246 34941 2829 36830 61600 14818 47225 16859 25849 62556 54785 22467 6277 37087 41851 55601 31488 15356 2438 21051 29490 9434 11254 61683 50120 10351 11122 8677 68697 20452 49587 893 68924 69836 53837 27514 60517 36615 37016 13877 30945 281 65619 5863 28086 33393 68472 27807 70278 53957 7984 35497 24805 32272 27046 21475 38080 58087 50908 47202 16108 41631 54637 41920 62158 63947 8493 45582 64263 56633 8695 33330 9393 24134 18799 42679 10636 21306 51432 23512 48520 67075 38402 30661 30339 9195 18105 20576 32475 10094 59951 19348 3194 35353 20176 25528 18096 6048 30961 6740 16326 66552 10525 15346 61880 14882 16775 67313 48122 36382 70358 5968 64663 65821 64631 53796 40675 44212 28196 15318 31915 15873 15003 32745 46367 31091 47337 34775 38272 32055 57338 35985 11803 41549 9963 9352 2889 27487 32268 16826 43710 60929 6448 53190 28335 36493 1644 65857 54643 12341 6811 36696 37489 38883 63728 64605 64963 60694 53879 63407 31576 20096 67365 22126 25912 68936 44783 39210 47554 41433 9685 2453 44726 6611 49974 62198 38699 55944 39819 31880 29270 40960 261 27056 18177 27492 36885 8199 27757 23445 27845 30318 58462 58626 53421 24589 35198 43523 20241 37341 33607 10565 22051 63603 7351 67057 48119 41149 12906 70446 2404 11335 47637 23458 65104 7435 14377 1194 51748 49419 6202 23752 49973 16876 10073 37274 21363 54775 63949 19490 36964 47115 32718 18494 68617 9740 51859 60170 60852 13062 14743 18872 53670 29337 29518 57036 17771 67710 25508 7001 36191 26023 38949 56389 50149 39047 57189 16334 41995 38759 9027 1195 59146 21080 70240 31443 65100 19159 15925 57 41848 27992 22178 2017 65779 10209 35639 34900 6581 23152 50318 4220 5912 65085 5669 2223 10850 36148 22894 43069 12663 57677 13259 7501 67995 50225 59992 15693 17843 13100 70059 39298 9417 19154 70359 64758 2766 20153 53520 53784 57938 9798 44693 31913 516 66887 12112 5160 49532 24978 4217 58472 66691 59307 23274 17318 10824 13645 66162 49887 3695 53308 56695 5036 61808 15687 15930 29000 43816 52951 59873 63185 17697 69306 43924 57819 24871 5 65845 66082 9693 16600 5717 24054 58755 21989 26708 36971 64617 45696 60526 33531 45221 62864 38626 69807 39776 64378 24482 20317 29599 11056 186 21709 20796 47600 66811 9234 48163 19921 8716 27729 39712 52494 49470 48395 34293 8634 60190 22255 65058 52404 34946 22397 30235 36998 48692 20898 25740 56083 32236 34839 13984 32035 64686 465 65693 57466 52868 61613 1095 28618 37685 50736 37752 70216 63260 17147 38645 41070 59609 22207 57248 24588 14182 41600 7804 64997 57121 23788 70660 2480 64528 26453 14534 56907 22488 47030 21258 41145 61922 34547 2298 49055 34405 40659 36284 54461 48190 1471 3044 30077 69815 54430 51905 33569 14065 25326 37478 32867 163 24896 25129 33441 17686 1885 34744 18504 18968 68221 36015 68856 68916 3451 69032 28183 61153 36739 4156 53410 53638 62429 54274 38170 14849 23083 6728 15171 56780 16052 57270
53 1225
6410 21792 1423 70052 53047 4885 41670 29177 66693 25014 1059 49536 26463 26794 25059 4292 68399 14928 37390 64830 36077 65225 1348 48343 63091 251 15145 15744 40766 26328 34309 48906 10369 59477 5257 19654 17527 8662 62317 67329 27651 60699 22306 33575 45116 39881 23310 4461 16025 50696 43185 58080 54183 52577 20239 4687 9624 65108 31700 1900 37524 8082 43479 62808 54780 10412 35017 36723 13738 44989 6389 37932 35757 33494 22684 22918 49278 67927 29500 12644 2614 11005 48810 64649 65888 36179 46567 59600 26507 23155 52688 66434 27976 26399 26513 5789 34269 29363 47677 56591 9585 7474 60942 48874 20680 21524 12885 39607 27822 52963 39735 36859 51494 51735 51834 40215 56730 24810 67815 60258 64243 54071 32059 21708 69771 33295 39566 64730 47291 6687 55724 37161 22929 15120 57467 50282 5944 4937 47466 64694 49309 40417 30701 4158 34893 8342 66939 2403 33304 23395 23409 17906 20283 8519 36718 16813 5141 15591 38955 38258 5448 40372 59286 63629 70017 4764 5532 64642 58721 21686 30802 58707 22369 48351 21815 50967 4141 18493 5224 14764 33974 28509 11011 60817 33156 4739 51899 22941 41979 32141 18034 4285 52322 7806 22801 22663 8386 58499 42189 34640 16301 22766 68199 62099 63850 17090 53109 18668 46087 25630 20061 61898 37380 61066 1462 44477 40408 63513 53 39335 7421 10638 44306 58783 11698 67073 48892 35039 70037 66347 49695 29832 60221 44410 4175 33825 45067 12755 35101 7445 39849 58935 10160 3817 14746 29664 26214 41338 11482 30844 40891 48479 29603 36107 44125 5750 24613 46034 56684 43582 17728 62284 21740 6609 3131 26980 51977 8484 68215 23847 67052 43206 20611 19421 21555 16691 55141 48110 58456 40815 34167 42755 37670 21534 57284 6216 64076 17132 47862 62233 37815 44057 23934 11653 22292 2199 7273 68845 7978 7477 47636 14488 4556 4653 68222 64282 57856 13258 40106 20268 69513 51870 60574 53204 49042 42245 17074 31839 12614 37284 43535 13212 34303 32428 67509 48572 14301 56310 17554 55578 37305 19496 23971 37172 35554 64432 52530 1671 61118 45935 62400 16627 20136 56526 11718 4500 499 13964 12442 59970 35177 27034 64953 10123 26550 11740 55930 69040 54751 40690 24634 69972 23499 4003 53245 10705 1100 53139 22843 13018 29621 16215 13167 54913 51521 2960 22049 9201 23681 19222 40545 61757 63691 55726 4859 571 61102 18975 33944 13797 32688 12815 2935 939 60593 1305 3828 45107 39048 57908 6732 40186 69625 66414 32766 16705 31976 45004 16442 47642 39629 22079 33620 60353 33993 3693 16193 70215 21540 38641 18272 16226 6876 21934 45432 43691 66671 64701 4128 57929 11483 56735 8902 26244 24789 57716 56263 54539 63202 42081 48244 29925 15616 45060 22629 47424 6698 43610 37184 5362 40312 40513 35037 51686 20021 530 13482 7511 53453 47716 59174 67871 18782 4669 25213 47866 32640 21234 49669 6944 54256 67482 11040 68707 69712 43763 10393 26469 63476 31930 63689 49692 1326 9881 6311 32274 3848 28500 26057 20022 52624 1140 68963 26104 69494 18378 819 50636 8071 43765 14462 43412 41988 7941 55154 50712 54368 66781 30278 50829 42643 40557 26235 65427 64015 44630 7976 49686 49709 46288 28159 41407 521 4975 8244 47598 39890 35518 54632 56756 11075 27577 32634 37350 37362 60251 9951 48196 18005 61495 37680 19599 19726 8100 22739 6338 24781 47848 10390 15069 44277 34159 51006 10693 70856 44654 39730 66883 40334 43780 35721 36108 34222 45433 676 30225 6180 58600 58956 1841 47105 53992 69683 33197 62691 67201 54086 5728 9986 26752 52614 48838 60355 34190 3208 69232 31130 651 50366 30119 57663 21039 21347 40440 42982 47266 57774 39621 9259 28112 10394 65873 63940 46170 7783 37395 23518 14051 64256 46437 57601 54241 17517 63855 16363 53831 3594 32784 61969 11746 14176 39313 52282 58645 49810 48504 46856 58530 47864 13747 3117 16929 5984 41044 10499 45245 5151 28205 38596 53321 33497 5000 17969 40167 26704 49830 55216 45113 64420 7137 30752 50368 30079 32582 63589 6351 68516 1638 55132 12456 59660 17262 68802 9579 65678 16804 38492 64063 5049 7664 3159 56488 57246 42364 53884 52829 18070 28469 47362 57813 59939 30009 6059 46129 53504 53646 56035 60283 32696 69596 48161 58720 8163 34932 5117 7184 11309 15606 36655 12652 29243 35474 29630 25739 27809 41471 62249 43942 36672 5064 42653 22281 29547 27604 29973 22665 2335 43635 19206 48227 9338 24967 26367 20979 19806 14298 62289 19678 5559 67690 23864 44408 10486 47582 27286 25499 7677 37093 13751 16266 43382 49761 56643 7631 38483 50292 30739 60505 30190 68049 39464 39649 56311 56000 35883 42713 36802 68895 19882 15967 35735 1582 42590 56079 36334 18101 21530 33315 2664 12290 4457 22038 9603 7878 50936 43366 15848 63641 10738 21582 42598 47908 62575 63974 46329 38566 69150 35414 33482 44629 30354 68075 19011 17045 52221 56338 54355 53518 50147 13045 27831 58666 30126 36756 57414 64067 11634 40709 8707 46153 1486 63615 57993 44957 312 47612 68317 61132 53301 64215 52165 54722 22358 3405 59495 67799 40554 22297 15072 8945 31476 44529 60119 19182 55351 53944 54524 42618 11175 14810 31817 70756 64387 17452 39555 19371 38700 2909 34104 65089 37182 26564 23993 11814 39135 63808 26303 27619 68300 51931 52526 7639 57175 17075 31908 30066 62893 58990 4206 8790 58321 59452 2408 19623 24686 16726 70494 52236 65360 49149 47571 57942 3367 28392 53814 65765 60303 38244 53532 53032 10452 18183 36738 37112 22869 12337 32679 42280 29343 9561 46540 46966 41122 16561 70231 37189 47470 46920 25731 59335 39045 19592 40616 61634 37330 39639 29905 65623 23949 27765 20636 1115 24426 29062 51662 14868 9357 34533 58602 15871 22667 35074 11329 50595 11723 53003 17610 7561 51445 43377 12700 33244 61476 49803 38637 22863 59511 39277 66908 10041 41026 20302 46215 3089 58511 51694 60785 65507 64206 9254 64612 3190 31862 36278 34876 8770 11970 526 43381 68127 21465 29352 55282 28681 8295 22889 36872 18560 35118 45617 35617 31669 13915 18303 29012 59822 48985 31120 53710 8780 44528 48405 57566 15324 52746 69920 64085 56628 44513 47216 64593 14210 58126 60205 68756 7343 62611 33360 44625 23117 57954 65154 36031 59788 43456 41949 48241 9081 20272 41252 18819 2939 125 17319 35377 55228 28844 41206 45645 3406 57681 62511 38933 28233 46093 61448 4501 64803 9020 30375 48653 53533 68240 33198 68948 51687 43824 58221 23523 26819 39758 56508 24463 32811 30438 31115 64820 10914 18954 9245 44663 19402 33488 53493 23149 31289 35744 2781 27513 19823 61492 68450 17308 2670 25869 43166 40804 63605 9073 23527 3418 40302 1267 44399 62491 53054 62377 19831 47265 62601 46780 14016 48533 53589 43696 62523 18727 19930 6536 63097 23444 11749 20737 5678 10645 38597 51891 23746 3313 30461 17534 58647 44054 44411 40736 50110 25816 64732 65878 55940 46725 20704 53331 41449 51511 46959 65526 39773 67465 33414 43383 33392 24792 20728 59706 66263 64994 62188 6601 21635 65634 12506 35218 1130 43502 55848 40324 22095 50963 20834 19584 42434 33222 23327 33230 50450 48672 44966 28810 32935 13932 45555 24356 55198 66936 51983 6831 5761 8226 57418 7135 33119 40054 41977 57328 61590 48760 66262 9011 4871 32364 16481 43223 51364 40678 27574 26727 11291 53365 30454 55689 30333 59739 64940 24210 13359 49960 65637 38612 6148 26642 61461 36927 24801 12557 18728 51571 20915 11099 7054 1063 27755 60573 19629 1226 47469 68901 24078 28243 14041 44845 57146 18251 57247 47102
76 1179
62580 24992 53713 45374 32258 10208 32279 28188 4459 7993 12794 70611 64852 9156 65008 44979 52397 65937 37034 57504 16534 872 25146 11734 17385 3521 27023 7337 9723 61274 39220 35952 56077 56431 23174 31975 30317 54762 47175 13950 37155 53371 9024 67776 37196 19118 28377 11392 35283 38808 11711 18885 62727 65793 31356 27013 53728 20634 5326 35901 5507 50187 50553 21945 12911 7701 3639 55305 30232 3261 41432 1658 42549 46279 28497 31174 69578 24284 61196 41222 6823 27471 40205 54707 23406 17952 67720 40333 5268 55720 16258 22568 3585 8639 43954 42537 37764 22225 52479 63262 63450 53246 51384 17174 56564 49329 38553 69255 24578 14438 4583 53216 26941 27910 3627 10920 50608 48671 43616 62427 32238 12482 12239 73 4413 15246 14900 55952 23576 19155 8934 49917 27381 26761 55175 27022 5513 58762 66282 15563 44368 37013 15844 9276 9428 66379 31842 60723 60950 51501 46266 13726 70057 2900 17449 29310 57668 6170 49593 47795 59544 8603 34268 60069 17968 29346 18308 53339 32910 56203 55028 27157 40596 60884 36163 40389 49182 70118 48953 58555 60724 1636 23368 32961 41347 67066 35160 22680 64383 41752 70725 11508 47849 15412 69858 6759 35346 16922 5889 63371 52843 21411 1522 36555 6119 8172 60120 56193 57996 47857 46605 66224 27474 7138 13434 70280 3284 61389 6172 15155 23651 31950 70109 54314 56406 13899 58110 8176 60130 36436 8656 23318 16379 16484 8430 67839 19328 7958 12311 55530 39332 17140 29576 1795 59699 34584 70388 70596 17582 53554 2415 2669 33541 34237 62923 24419 19315 40344 24021 10439 59927 28421 56641 60936 38871 62027 40159 9739 30233 51425 51552 35879 20827 9600 11077 19782 16459 52693 23917 39519 31925 47951 58277 10107 57749 39746 41910 53972 8290 38945 59994 64294 67402 70621 4104 474 16607 21573 12252 2434 832 43018 35005 68968 32870 64226 21439 63415 44588 36531 55174 55582 45677 20530 33 4530 44065 10052 4737 59758 18964 62863 58782 50896 54804 14162 20667 8494 51780 1690 49366 23953 46973 55213 35501 31619 64559 50394 31490 56873 60981 18595 60228 34399 22433 36981 25051 48115 46541 46671 47081 38322 58280 56330 49606 906 42047 40110 28604 27228 743 50642 59505 29552 56426 22756 51023 12808 2649 12073 46393 50709 40886 27589 29966 63558 35262 32267 63767 54157 11239 36464 1661 34450 8832 1024 12892 39799 30109 18905 55464 14339 5275 42706 43325 25637 19645 69028 26334 8332 25157 54249 11999 21692 32293 5673 42269 42428 60026 21379 58680 10009 31809 41160 22558 51466 53640 42161 42819 41397 55574 57166 5203 52561 35487 7415 46389 44600 49742 15542 59467 51592 40051 27986 30985 46559 25320 38417 4024 28415 12103 22959 7899 16597 2382 41532 27468 4337 45473 27395 330 68107 51960 24277 62295 27689 66188 7148 29969 36630 33217 25926 32357 31117 31274 21336 920 24079 28410 46011 53352 45562 9212 38604 12035 29221 60105 49937 31698 52085 26541 22132 20707 62420 29742 7490 22012 61191 29997 65130 53481 21161 55342 5245 51752 68146 28436 39809 16066 25002 57867 37502 66433 26077 3892 24431 22610 4354 16855 61977 27783 29989 5703 14507 54568 65115 18363 22464 38880 23348 69266 45079 59824 47971 12048 53135 104 26593 2064 55797 25730 28587 6780 52539 62433 45415 69500 45955 32031 67609 3102 1224 48879 12251 41880 37948 33865 59001 39808 31983 23849 14618 37371 67158 6673 56374 55638 32551 24652 51639 3259 32822 37264 458 60102 60132 5217 18088 36890 59895 19860 32456 9592 36517 67896 22895 66643 2151 56151 1179 40192 26163 59091 59504 45125 47625 39954 30964 27788 9399 18151 49176 17907 68150 10993 17414 59411 4199 58465 43311 48781 57190 47560 58044 27736 15982 14303 6494 70723 38185 10038 40949 4769 64354 50403 51951 32083 7766 18912 17338 35896 15196 58636 26200 39066 51675 6832 11595 43974 56436 64935 53053 59317 875 11995 14588 43611 30832 12518 24500 42015 40162 42794 49551 2061 33014 22988 15564 28115 58878 5950 12660 66289 43867 40074 9396 52476 32599 29655 61273 51233 69989 65472 673 22013 42650 2369 52571 23337 57558 20813 43389 5815 63738 29118 55823 2209 55713 5757 3969 22745 53494 19829 20304 59284 20804 33911 34331 37311 34360 42971 10317 12531 54085 43351 45570 25602 25809 53020 62830 8272 31108 13340 12558 47932 45776 64421 19880 34918 57816 28641 2821 6976 7216 1133 44770 65775 12762 58712 45217 61630 20098 40208 4329 43787 11196 69132 15969 40751 20583 15102 43897 40438 52772 40574 21140 7692 35332 66485 67215 4799 53005 27885 59987 11092 40085 49071 34814 60948 35587 30618 59239 31786 19248 30691 42692 10382 45340 14247 10704 38093 34283 58605 37421 12898 62550 23493 21233 22135 3720 18531 25808 11208 35785 1918 47325 449 17596 7413 48784 36956 7030 50451 18862 23009 27973 54779 24149 45073 20952 32576 69063 61250 47195 36953 58448 38123 3658 46888 69491 40042 23727 53561 3399 3757 5990 26018 56764 10272 49522 63092 66495 50600 51929 6003 43572 47696 13335 47585 43567 60875 69318 64086 48968 2337 38243 32213 59044 45298 29120 6747 33573 49125 33829 39705 46997 21037 56340 7643 67599 62224 45874 42133 52962 53116 43386 12710 4935 67575 33214 66625 59213 5002 4989 67769 59750 54435 66821 25930 56851 53383 6339 7136 38545 48983 44535 57020 34733 45153 44194 59134 4911 47956 10110 2950 29857 5272 51821 10826 46115 13884 33000 29353 63447 9306 11720 57565 39264 26543 18505 33778 24073 65523 35159 57829 67437 413 18139 32752 65565 4607 39569 41466 65021 15297 52419 7611 45614 56172 27390 11314 36821 30092 4034 41459 10426 47282 46187 66307 69116 24294 8926 44178 67245 27012 41835 30115 13595 14291 66006 45909 20686 20708 2299 12650 52000 52279 51341 43355 12275 54011 62697 49380 60443 15340 51632 53726 5641 22717 33851 42123 13423 67968 1824 2838 18043 39470 51900 42293 68297 1248 48960 36958 70880 16389 65915 53564 61893 32394 34531 1923 32768 412 51157 41114 62679 42764 28981 70275 48366 61378 43708 6917 29699 29511 47939 16050 8748 52493 23874 40991 13154 16575 10753 34423 20711 63973 33440 4939 60805 25743 55064 16544 46812 23719 67423 47597 53852 19923 27248 69523 487 48111 62552 38246 52835 904 16399 5977 13031 41892 22831 19644 49559 10221 48466 53975 42260 2561 29947 9591 35784 36004 38140 17965 13709 30203 47774 40598 27948 5481 31338 31752 30141 29147 62774 62809 38744 9233 13994 57238 53977 23559 58261 39397 10822 8398 60999 40211 8810 33084 56808 38291 47460 8813 18095 40782 50235 6767 62418 26052 34684 45100 58633 16150 1916 62311 62714 20124 10401 26296 50920 12732 4930 40429 35591 58249 66127 70625 2611 52642 57012 25364 37778 3169 64426 42739 51285 17772 70415 23593 14806 24025 63002 16371 57613 21497 7086 31569 35092 18621 64183 52219 27942 11275 17430 24074 33810 67634 6500 31995 34917 29341 42850 68830 67470 38051 25904 42597 54188 32724 40561 823 57784 70643 3097 30487 1030 35312 69181 61558 10635 61355 17986 15522 26895 48232 50044 54177 53428 36935 69717 18605 12524 51442 28921 49428 33092 67955 12711 2504 53696 45698 41605 49898 35692 56250 35880 46172 36089 38247 25969 30073 21957 7778 67214 61143 30558 47062
249 1147
27363 31647 32196 69914 5106 65443 38504 50998 32613 38407 61541 39839 20286 11465 14086 60944 20563 52055 31217 46116 35339 38957 17458 5318 26891 31616 17445 19270 62416 53214 53546 47133 60348 8417 5530 11388 179 31140 6662 21787 46748 70060 54174 8623 62470 48698 46694 55529 65858 35316 57239 15646 21331 67598 42937 45454 39467 56733 42086 13631 56458 8461 24818 46692 61738 31221 11707 28985 12325 65795 2386 32442 44246 45239 20273 37375 46982 37057 35636 39127 27526 7205 10309 32974 11080 62155 57706 15936 3861 22251 20942 23500 51512 65098 17614 26726 56831 55741 34928 66003 62401 55783 25194 1165 46071 4132 53958 35016 40181 4806 6922 2725 17395 3095 67677 12088 58402 44078 69252 19026 44800 25946 23957 57072 59210 61327 69522 46896 58055 44510 46575 42841 5823 5905 32838 62763 46903 3139 25776 55755 11243 67932 41962 10367 24135 55633 403 10696 62648 13579 65414 67202 63209 34871 32700 37549 23738 30162 40994 41523 68985 32623 21325 22593 65583 56517 12779 17022 6961 63425 36279 33371 38646 67674 19010 65180 2257 27465 14113 23522 25952 65368 48828 26516 63824 66271 27613 6109 39787 7168 55469 61682 30654 30751 41711 2757 61024 24595 7706 44855 62914 7753 17511 49374 32019 6784 658 15617 54908 46828 36566 25265 63174 29181 8953 49268 57791 56015 26419 47476 25197 35144 57772 49934 69745 26512 19441 5635 50062 49457 13403 54578 45675 6399 19196 24663 20772 1447 32308 68061 26011 13486 43034 34715 21487 39791 69695 15301 7183 55333 5056 46610 36568 57859 49894 31590 54317 39474 58434 21868 44360 36507 59827 50104 10168 70170 1383 45722 27596 13699 596 64404 38481 47177 15988 12899 52223 70372 48028 58629 1793 33632 21378 46785 59459 55666 12887 45743 40168 21418 24037 7841 40761 65760 17307 23098 62026 57150 14333 5953 63525 4503 70778 17743 545 45758 40241 28393 54688 61283 45881 33773 320 4659 24092 67236 26048 53156 58693 37509 56706 11806 13878 59365 63705 23381 31688 53841 17182 16756 41405 25395 871 69471 65030 52504 19834 16134 26410 14340 3738 43208 2511 47621 107 62072 50372 34325 20017 51739 19484 51880 60194 36838 67911 3459 64870 36280 1872 64032 64073 21263 69023 65750 22762 60471 56446 7404 1496 34785 14440 12632 29338 1093 42203 61090 6226 31336 3679 23219 56101 23508 64855 67767 55745 2852 3612 36899 14147 21180 4542 48354 67561 51304 51866 54176 5878 7703 47318 62822 37866 48292 2034 20730 21456 11438 63952 17502 26800 51548 47743 27967 9541 52652 68959 26489 63938 38769 18530 39552 17314 17121 34135 58776 67311 22428 23144 13148 11646 44459 11203 13446 19715 23360 10627 23345 45102 17941 56133 19387 11888 38563 45541 56027 13381 20594 23109 54879 26532 24617 43562 43814 50647 32809 14714 27118 27202 13282 59052 28632 66551 24026 11871 6159 59546 69140 2496 27530 8457 48352 51588 60139 226 70000 32022 14872 28951 37295 17058 70554 61405 4122 396 60625 22656 30999 29232 15024 12638 2824 52451 27925 65513 26877 19313 60755 27326 44688 40947 45623 32265 39005 61639 205 317 37501 29582 19508 68691 53942 13456 44227 16020 54933 22502 38963 31395 33679 19575 10465 24489 12348 16289 65817 314 10969 24241 17129 66483 49189 27054 23208 16378 69127 70094 51293 9468 21390 50722 50978 16320 31833 34481 18844 22996 41966 57541 61936 8773 56062 19750 17428 66724 44992 43169 2428 1005 40012 47176 43863 48455 8340 34991 6378 17166 11525 27935 46778 67636 53511 6486 63221 45302 22496 39480 47948 7726 36905 14575 33471 19605 36439 28426 64512 11397 66125 58059 15789 3772 64202 57388 41096 66109 50893 11453 3522 49089 22630 38823 64538 20678 16682 64369 31667 70319 28218 69331 5948 20368 60052 4801 56085 17734 38439 19995 53559 54850 50880 52658 38441 7893 28556 6253 66230 16212 16163 7111 378 61980 22385 28749 56096 2000 67545 28814 53594 40398 22196 12136 27218 52460 2754 7193 48669 15935 1665 37769 20321 62659 42318 36325 4402 21397 52121 70441 48281 23468 19401 32565 66004 21290 61048 44761 742 51568 42057 49430 33039 59433 70164 36066 28853 47805 50498 61932 938 29775 16432 47404 66169 58643 56727 54839 12872 62110 64720 43892 46655 67510 25408 7811 57517 19948 5366 20579 24947 54087 45964 5593 42678 61921 70806 46292 47060 38960 43098 13674 42494 22683 39671 51204 35170 4048 49341 38482 70659 5546 9643 48822 51641 44581 33610 29592 38205 5605 9917 10998 8037 10590 39904 61321 43405 10498 13760 12194 6568 47563 3398 47045 38935 7256 23802 43080 12995 1612 48481 2040 24882 70064 68742 26955 21065 68606 11933 29515 48649 18278 55327 53430 747 40138 32288 53891 46026 62757 21861 7541 31789 16578 35390 65918 68044 2123 4483 46508 62968 30607 10185 17301 36398 20015 3955 49115 61672 61000 407 44325 32772 17172 8929 13179 32355 9035 64576 58533 53519 30282 49207 49644 10243 40904 51677 17161 58396 46963 69976 55345 50052 15397 3915 69970 65047 10561 46041 4485 62481 32872 42091 61268 32713 35132 1196 1269 24459 33512 40649 67658 21398 58469 40322 55343 48174 61230 31287 69818 36660 13253 35824 60733 12653 24949 21473 50834 66711 34224 1518 41472 12809 4792 13328 26531 22799 51591 53757 19514 40176 37316 24556 11216 46140 3674 34541 49205 21794 30308 43627 28976 60596 15355 703 67144 59204 33075 46722 20370 53744 39574 69643 65792 39752 19832 36235 34528 16092 33947 65749 10772 57939 36073 28605 11458 54626 2526 3650 39052 45815 40966 20592 61920 25068 66865 42431 47842 44043 36021 44518 54070 43056 29815 54581 59871 70636 54437 69221 63879 68380 30229 61592 62103 9770 29017 67981 49568 64403 10320 37080 60647 42255 32728 17989 36399 32212 34387 36122 56175 26151 63743 38137 30809 26692 6342 59657 14824 68182 35729 43672 3203 63307 32855 5521 20780 5631 3898 24014 28682 61816 51817 1701 44377 56377 20006 40164 60433 61183 51833 69211 15520 16738 64450 65020 14314 18837 64442 32273 29251 847 59285 37633 15676 4876 40166 22581 44856 10602 1128 3570 52629 859 21765 24509 3483 47938 41183 30341 25432 14716 60115 21601 23653 64840 63907 37373 32318 8232 66886 70111 34386 32263 42151 12158 24240 30447 59577 5677 4294 19363 58374 26336 48103 13931 56500 36448 62283 22406 53263 67108 37512 20362 61251 17608 15295 41439 46357 19974 27473 31696 40420 26486 38959 28252 26845 7679 65644 55868 56504 3350 4311 25800 24832 21483 6354 51751 29416 68914 39457 1035 20443 33859 11107 16818 47683 69230 26098 7313 10018 22045 45151 30389 30992 11778 60334 36264 58904 25273 42045 68689 40449 12605 55772 29673 5555 45840 51247 4610 24416 39365 35462 63048 42474 53827 4908 38651 49432 62354 66713 12346 602 14502 59472 28422 69935 59787 16711 55438 8456 63321 22450 22332 5084 60848 54670 16853 62328 21066 48361 31366 23926 61460 19759 13529 67956 65541 65656 39097 65732 292 55618 33320 29255 68245 29430 31572 25593 44138 13464 64746 25844 66972 40442 67079 69219 24200 54961 30421 69360 61242 36720
12 1154
19505 62159 26349 62561 33027 59247 9682 49657 22829 53217 36957 64690 35728 59212 61228 562 56865 26654 65593 47288 16243 17874 55920 28676 31751 143 3629 22998 34479 16746 12499 5140 51335 5496 52881 62677 65952 51672 47976 18241 19777 47046 22915 53815 11584 51143 60118 7736 39372 41298 69103 54655 67415 46641 62268 19848 60364 23983 38145 6061 54347 19757 37515 40207 2310 60076 21367 46880 39090 23599 18967 1225 24103 40857 7509 52416 4431 20616 17407 8259 11900 18329 11187 52011 68734 34952 4454 20044 29404 61053 8096 42205 64217 68748 23639 63033 33132 1474 46244 9823 35139 56868 33557 41821 14637 49195 48835 25430 40820 33686 28399 59914 3699 64455 30965 55872 37491 55795 52053 56626 54716 19988 30815 22345 14536 29284 24764 22965 2857 7865 48852 19840 105 9124 20080 52417 35205 12714 5038 12430 47120 6782 17076 39770 37732 62944 34994 57757 69242 67844 4118 2056 500 26327 8025 37142 53731 29564 17592 18402 27209 30400 2074 14808 33458 5050 42861 52291 1666 58663 31510 29606 50924 23007 54600 55857 44881 10142 600 47369 65847 47994 4522 25872 61836 7655 42113 4282 66804 32015 46817 12861 56265 18029 33779 1394 274 4696 31191 8239 5281 13544 22631 8403 45970 37848 27881 43882 48611 34978 25641 34737 43162 3158 40058 3281 37323 52488 13756 16841 23115 56226 68879 1191 52158 7222 56415 38328 23837 2801 43738 7209 3878 60661 69400 47038 45234 56520 14388 55999 36795 13356 6099 53605 33262 20311 2146 35031 54121 65742 10580 8941 45228 31865 57832 33322 9875 63406 25288 48984 51414 37744 1120 55219 55544 65782 12591 47993 66812 60712 67781 69936 46715 70826 64975 61983 32069 67505 63857 24223 60518 12115 55444 54134 34099 7487 56838 8098 36853 26910 58631 54998 51995 62365 5213 39534 10339 52191 34208 1580 18651 33552 34782 56875 15051 10787 9846 28292 29200 21441 13571 15946 48125 66987 24324 55101 38885 34890 38339 69065 58400 8687 37872 50457 32979 22928 49818 54267 66985 62955 63625 2743 26731 15608 18008 30600 2383 64105 30199 34704 14745 44120 14099 41050 27521 58709 33996 17886 38695 41128 24442 41373 29351 11168 1718 10204 51785 48528 17241 62483 13341 54784 35503 60554 44176 55201 52222 47421 30187 45277 55767 70380 42266 59050 9307 36010 52129 30206 20492 35465 5700 49321 43379 62930 8279 32995 47322 12519 58370 24520 8927 17197 1869 37018 20902 13835 11248 68956 40812 12417 7238 58960 49778 29522 48536 5167 69197 55655 13025 70586 14175 11185 36842 20629 65839 2701 5911 2760 17180 42726 54713 16878 25832 44610 12131 18424 69697 22850 62409 46569 30983 60405 24963 11374 3742 59527 44594 63473 46322 53427 7254 3302 38307 65673 48804 6366 70261 32280 68547 1099 16365 38958 42069 9853 14318 13535 64319 46002 70799 18056 866 33648 43227 47978 32324 22570 41396 29437 34288 57009 55313 8557 51827 59009 14090 18432 15169 50159 1257 7593 51137 53679 46232 54706 34869 43903 53366 48046 59066 15514 60832 5611 3768 53530 63958 33353 15170 13779 27253 49923 52350 45216 4684 37687 22120 41136 31903 61100 69380 42281 29128 37117 57615 53436 62050 54149 38081 42013 44681 19359 24867 51743 43657 31539 37185 39481 66487 56456 16291 69275 67371 14607 58066 9364 58036 26820 66596 27176 884 36590 59821 23352 20132 36846 10649 56004 52054 18388 20106 18759 25568 68664 48240 1150 9819 59663 23320 40534 17049 15528 2490 17753 56915 31193 54817 47822 18403 58012 66499 6317 56652 9337 62886 57637 8592 59829 18881 1743 34178 63833 27446 37757 64911 26251 46894 51893 40354 28079 22462 61724 68610 66949 46721 47309 4355 18769 63978 68144 1085 40444 18439 45833 54199 15424 55620 63832 67943 11317 13736 9553 67591 20720 65046 3708 52968 10175 70812 44669 30795 43712 19859 35722 50209 56625 45132 11488 47323 20831 33486 43929 956 44329 26812 31890 15543 48457 50783 42949 26881 64150 42733 67339 30855 45391 32086 41724 39873 32862 17097 4959 3791 16427 46256 42927 20222 20411 51191 27006 31211 68184 51890 13653 14287 61950 12746 18965 13049 49294 55336 59945 48326 8595 66028 6920 13277 10573 20534 29028 61157 33727 66667 5363 42477 38462 28910 32712 40924 2722 41887 28846 3756 57736 28576 37808 36301 37215 70097 68861 13585 46769 24264 28381 54074 25451 61280 18385 61549 53001 56186 49067 19797 67059 34356 61538 18644 10574 46050 51371 2318 31083 3182 36991 16709 66431 1164 336 22622 65774 53551 62375 20139 28907 68543 46064 13714 13942 35130 39836 28089 14295 66688 64744 41147 36427 38547 18851 7128 37245 62896 28383 6648 6681 10164 66083 29249 59493 48474 65083 36862 24297 20537 34105 54401 34717 2530 41673 1556 51567 39547 37590 68417 4421 46872 26850 70654 69874 19924 59060 61186 48899 11432 4382 19230 67011 6910 44144 30249 14733 40939 25676 444 39170 49794 50041 63383 57390 54168 6819 9171 21674 68817 41536 7454 52360 15843 24396 47229 22173 58719 64890 47454 4947 29535 11553 69059 63573 66351 52306 23811 41469 31511 42021 46846 41917 52292 10790 39843 63157 60965 69206 50243 4791 19298 57524 65922 20869 53045 45069 19087 66675 634 56152 33772 51841 54690 3166 9207 9413 40623 48391 47499 54403 31367 66440 998 7949 29971 56925 8060 50788 28631 20573 21844 28230 55983 51328 15023 4994 35772 46360 69163 21793 53322 61827 25256 59457 31483 17205 46095 11006 588 3339 14512 56859 4710 56298 42224 53264 52114 66882 56297 43081 1091 11932 59380 24343 67461 6015 13272 31357 34239 10583 13182 54438 5173 65000 32262 46882 29228 4210 20510 23421 38826 55279 29131 392 10617 22105 35344 43425 43914 69684 40432 1489 16122 57992 17435 46595 3706 8655 43551 58043 65348 2544 36441 69833 68007 25062 12910 5187 31900 13970 36586 51208 57961 35576 103 4028 31288 11767 1854 20509 27015 58196 5205 67118 27204 38687 10095 38853 62622 70839 46661 406 45717 44248 34081 36754 39672 30635 24630 67325 53840 54978 65539 39389 5670 20729 65505 23781 22981 70410 39339 66839 68586 23613 31439 50749 41200 154 24774 48186 46570 32832 27005 45070 64866 69968 11074 32074 10899 11684 69120 50839 47436 41635 66277 56247 26975 3734 40388 28729 496 42687 57733 52415 55110 42211 69001 56783 67390 24944 22438 6857 60149 24706 11853 10350 7012 12567 34389 23259 66655 468 64180 17405 58500 59791 55801 21780 30070 24023 57841 65512 2559 58384 9045 30000 5881 42134 38347 49111 7585 4632 70394 49383 2195 57014 10122 36817 27369 63708 61312 8598 14798 26407 16420 48470 70193 66102 48793 66683 12206 18585 39892 43660 1417 4239 23860 69180 54777 42554 38513 16555 5011 10503 54890 34580 5379 51178 26995 21079 62814 26555 4826 56445 44814 70677 56429 57720 49787 47004 44487 1894 51171 15824 17512 64848 3982 48680 5074 68482 23840 36418 23250 60240 4865 11552 25054 9178 19018 2108 2194 2253 55505 30975 59753 57753 57768 14802 33266 51764 14976 58009 68286 33544 66363 21562 9320 60563 5356 54572 13692 46482 13722 17903 39801 13897 50814 40632 53025 59229 44934 1999
20 1130
5008 69397 55735 3875 23822 64711 13366 29094 41393 54866 38030 26306 25381 5934 10542 32466 7276 51782 54702 68554 16166 34408 42273 43977 40614 69423 16877 10902 42371 15637 11486 59029 63469 6382 21403 44701 65436 55636 18267 13693 68939 43229 2377 5215 54904 26353 18246 32680 47682 38869 12782 66699 10172 64425 1459 13508 32553 53729 20778 12445 42662 41349 50401 56796 8441 1450 20593 11851 4815 44883 31330 21665 96 40274 54789 15965 24648 1411 65907 58981 30422 51740 30296 23747 69395 2685 19068 58397 49827 56088 28157 55488 24071 23304 7965 59291 86 21298 20039 49514 8604 49872 61611 66120 64619 29288 64987 45902 16541 67589 70108 17712 3995 33815 18514 31848 60591 16211 67980 5172 16083 43898 55290 36488 59590 66427 43943 54220 32829 8628 15686 9538 6799 18359 45624 37485 28464 20712 59974 56732 39563 14565 59225 57483 38111 64324 56116 64079 29406 24091 6093 36458 841 28289 37934 63560 41507 60232 1503 36498 16311 502 27185 66106 35415 58269 59319 29311 15270 48214 36336 34306 677 57016 26405 32638 1170 45782 43123 43318 22597 616 48364 24172 52928 41700 25932 42908 45499 12876 63798 59228 18337 29199 26112 54197 36703 23680 46227 29556 38672 5401 1110 62666 34703 16404 19885 9668 20886 39718 64871 45222 19730 49098 42448 24344 6220 69878 22909 42083 2010 21136 43902 9101 2513 7367 18160 30871 18773 70797 49866 26072 7772 18711 49782 38606 10217 63170 10025 14728 20981 66312 58215 52090 67183 40720 53505 10755 49920 25198 12523 20859 67065 26269 39722 50024 48381 59111 33948 17993 12284 24822 19881 57342 47807 52643 67080 59790 68926 4533 11884 1442 30947 69192 52317 13492 26087 54950 17098 32299 917 70239 62199 9114 62510 28104 67600 53521 16968 40109 34520 59414 50541 5760 20244 41904 49151 59580 39149 12790 49826 33739 51320 31982 23889 26137 22698 25589 7381 20906 38433 58187 68849 10831 6757 666 67700 50855 31123 68562 41960 21880 29696 5369 26755 57872 15146 8418 23640 36770 62397 892 33964 50851 48986 43727 11191 1033 59071 28637 912 58875 55462 50242 30781 39021 61015 62722 3024 35811 11858 18904 19035 38670 29298 21372 9871 2007 60006 3135 60515 32018 27260 43890 51053 12837 38507 11905 9886 38381 51077 63681 386 52023 51386 16942 47119 32868 28164 63334 66182 552 16993 29563 17403 2780 50169 31905 21482 5887 33172 6638 20016 52483 55863 21158 39751 36079 11850 22341 24646 51904 21430 5898 20281 8296 69113 40191 12007 29385 70070 30563 54384 61627 15026 26934 23628 9377 20699 54050 57137 12501 1816 16590 47646 62662 18498 6624 41836 27825 13906 10513 27782 7557 70184 11071 39886 56624 38467 9 69656 29421 34480 25552 52249 60501 50704 25462 7470 65431 61662 58694 69006 48007 31957 38622 38774 18486 68153 21086 41636 21414 50405 21932 20517 18838 26444 42002 70701 12835 31324 11288 18129 22347 29483 48894 67417 61496 31783 66871 35745 48090 12810 64814 67667 69962 45544 44358 36483 39505 50179 25958 67125 38843 41016 67866 45616 56388 38126 44416 2342 41643 33599 40985 51491 46305 59359 35058 4874 69209 1077 18270 40920 53398 51959 47367 63442 9802 30314 37027 61647 12171 43091 61249 42829 40819 4312 5031 62826 26475 12973 58575 15551 1765 51967 10689 50706 18669 66310 8132 55847 60166 9371 60958 65631 44554 58552 22156 18377 30088 35731 61106 42909 39343 54257 18627 31218 10803 19137 62220 60868 60986 21460 13441 44503 14727 23295 6236 56664 1758 61952 42067 26598 58175 15446 18304 51697 55621 27685 5751 63757 53347 55921 51972 19710 47277 23764 8831 23656 11611 40550 30575 39242 11257 14744 47766 35584 45124 28374 14562 31065 41732 68536 52164 11332 30989 41863 20595 52857 68370 38406 25226 64836 1480 61087 22795 48870 65388 64824 24215 61512 54313 1443 33153 41824 61318 27429 52596 30859 18601 32984 43525 26946 20893 51533 60838 28008 67092 14166 27634 9601 63826 25775 65415 20760 23452 18086 4701 26294 38863 717 17914 61200 48971 57318 45446 34341 38816 23201 3344 32785 44158 24140 70176 865 50769 20105 60044 35779 11710 2157 20858 4913 46418 24233 41992 36438 14189 18500 24884 28229 15950 40848 9017 67406 14560 62163 55603 41815 28310 46621 69184 49722 15018 29984 67669 25053 60173 30239 50868 57476 41585 9533 70273 32149 23533 23753 36091 30717 15740 67978 45651 44011 60905 2783 48075 11138 5299 4096 42647 49350 67869 37578 25139 44309 48602 4226 15235 34372 27178 66395 69751 46311 10554 36684 31106 35239 59521 32520 35388 13875 57310 66042 68358 48503 5956 20318 51688 13954 45083 52663 8674 6199 15256 61467 20367 61609 27576 14590 10540 9330 69421 35570 26402 52590 32201 12205 61430 19073 69289 67261 53297 54476 32744 58613 11966 33689 9193 18162 63350 26825 21387 44200 53488 51819 42085 69510 61911 43636 32047 23974 35299 46614 28647 46063 17408 30155 20526 2153 49351 57918 32384 61373 68570 43700 69628 65834 24085 5690 38574 14559 66539 21795 54094 61258 36765 54253 33397 29524 52132 42611 51282 10505 26937 11501 28659 49506 16080 65917 44994 65446 41187 7013 25769 51356 58243 11325 9783 59593 59007 3293 18130 3945 31027 60110 13961 46932 25025 65148 49512 12432 45678 46233 44997 16287 64231 48430 17169 50543 5896 18275 51620 70520 37753 42830 61884 45775 49282 7190 25934 63239 53236 21719 575 21845 60107 23383 62348 45685 49824 66464 20339 44154 34805 51970 44293 43484 57828 57671 21251 33711 60686 3624 48076 27777 26400 38812 49271 43131 146 7199 24687 6054 32902 55468 5487 21155 36757 26 64741 24786 14554 55672 23028 27313 7870 67273 41080 45504 48040 10637 62895 10546 32483 70430 62754 28178 40707 20495 55321 53853 40721 16574 10888 13196 7485 36749 39106 6733 23414 55256 7202 44502 66638 45403 10844 27821 24201 12955 42060 48779 20598 43771 62783 69386 9036 1175 38473 46865 11277 56352 10077 70436 26571 13413 64640 30074 22065 30566 16580 14777 46074 55022 69422 43719 60417 59697 67827 52755 17400 19975 19755 52827 25852 14397 4419 66709 3787 45064 37074 18602 10656 25533 66813 6751 43358 50994 41871 48183 69789 24800 566 54 17597 51084 27496 1938 45061 8421 35572 40772 8552 414 45388 37279 51200 41453 55368 47461 13192 33792 48389 66848 20023 599 64276 102 46260 60633 16973 65278 16814 15401 8666 23851 20010 10516 66634 8356 53654 65548 4415 840 15205 5998 2341 45622 36298 14851 28771 48458 15902 40757 6234 969 55195 69148 62715 7594 52849 3280 2349 10177 39967 10650 30806 40096 10449 35818 60702 55059 19391 49874 5609 41865 67095 34860 33519 3520 45690 61174 6316 55537 39507 25159 17066 51018 50669 52725 10333 18990 62074 36545 58803 11729 19160 58467 1475 5951 39433 68971 45097 4222 26759 61602 43246 47370 61726 8513 49570 23126 39634 64267 60213 11076 13144 56237 48301 29920 34053 30026 23958 46490 50773 50849 9950 48924 8040 16241 63482
262 1059
2085 7710 65093 22215 12128 12100 33078 34794 6032 31078 30880 26003 30135 69952 22461 33018 10817 52365 30676 61239 12372 446 63843 60321 1332 18352 27019 19720 23947 16271 70202 70749 14891 16192 35816 18464 13426 61454 48321 49427 9152 52976 53711 12214 31264 45893 9515 46509 56065 21091 9622 27380 33243 18448 43433 41158 6481 38693 56405 66937 55316 5045 15934 36612 32146 43243 46873 13794 65459 36947 6668 66026 51847 55199 33326 29020 54763 67792 31718 63583 70325 69018 20507 7336 53544 41416 7972 59592 5166 37971 18401 55450 25964 13983 54477 11709 50554 11027 59525 38875 443 48942 39225 16093 52197 49378 522 11797 41036 27026 10132 27628 25713 15529 69641 34141 32210 33457 42221 24474 58288 4323 70337 35618 21783 27217 47704 44201 43944 70147 28777 67712 33988 6947 31690 34031 44955 18559 42526 10915 2275 24042 66903 67407 650 54982 45251 40062 42122 9804 30732 59453 29307 46290 28017 9079 30925 45384 60034 33387 64320 37120 62912 17525 19150 19366 19589 16207 61451 42426 66853 62791 26241 46953 11062 13221 63189 23548 28277 26314 31686 50172 2518 46277 55563 12698 50707 34781 4640 46893 30687 48944 58768 20123 49963 4895 15119 5873 36761 64492 56778 60159 23827 22527 8976 29493 27484 18971 25308 23475 46240 34582 2964 33898 46745 10798 70887 11862 66863 17765 30048 7884 27450 46665 10741 15605 40787 66291 127 44793 43012 51269 343 52489 17109 49930 59813 13034 5534 22440 10156 50148 1631 66413 34611 67770 49529 63474 63365 47103 14799 9524 722 32304 63145 67891 66232 68822 5515 15939 61229 37534 12516 35460 22285 51406 54849 34336 70517 38405 2060 44030 59856 13265 67013 63386 61550 67668 4295 53567 11224 33714 38528 59693 39392 19439 58947 22405 7439 60629 65893 34460 61855 54642 9810 67618 35113 20523 65184 15161 22591 22984 23756 69348 33015 41999 68954 67619 58444 28445 50799 20207 70149 62867 49352 37899 43428 59055 15109 9262 8031 66189 48231 32089 22486 4571 31446 25468 67151 18184 5705 37706 58386 3863 7173 11696 49257 29445 51156 59382 32695 49417 58115 41785 58921 50389 6213 9093 3334 7866 8627 2638 47221 66348 55159 38046 63023 40468 65578 58668 6178 41832 31891 27335 31876 61536 58441 29382 62313 44305 63391 43315 45148 65736 70103 27003 45640 64204 67205 57478 29538 32216 62350 62465 18145 27193 37246 25677 11500 15652 22862 20843 7078 24410 47690 18213 10599 47647 36920 25055 45597 5851 11018 36943 37873 58492 18030 63505 70233 37632 36354 15439 11669 63445 49326 29959 69733 60175 23871 21886 65240 41213 31706 66966 49858 20835 33192 38951 12449 8613 23052 25361 66752 38429 50211 48768 23931 51066 22103 276 65690 14493 6491 24930 31685 21843 44234 67225 65811 8910 4948 34416 16112 8054 3966 47094 42267 26942 56544 4557 45739 7146 19477 36164 32207 42734 52600 42051 31189 53733 62463 34067 20068 10181 30117 11733 8897 31294 25511 21028 53854 29497 44764 67304 23825 34314 54064 5365 69819 51788 26696 66207 33490 1052 15565 42306 20084 54520 7244 23782 61729 58363 5425 38762 24727 66063 68419 69963 36675 24405 44079 67841 57934 2755 58886 25406 41882 69648 21108 31522 61065 7939 35566 56266 59020 64761 22348 62353 27093 8793 17528 14677 19868 39177 70162 55829 56833 53051 39872 30227 16082 56301 37906 1229 60750 15878 10388 43617 54166 39909 64844 22755 38454 1921 36478 49392 14969 70920 62821 15849 43649 27436 9333 61151 41819 54640 6738 21135 28441 12156 69604 3934 55765 33864 44123 34599 21890 64900 53271 6734 59764 30511 55449 25624 57509 20446 9569 56986 61785 2729 56395 50400 16397 15793 22722 39206 14428 7274 5298 38122 9848 33248 51742 56081 41220 10853 27932 10962 64236 1539 63175 19453 59277 58607 63107 22351 53372 34955 19208 7895 55978 20682 27431 5236 41477 39456 32100 67285 49081 7042 36244 14074 54117 17046 20622 27495 60542 30645 46464 28057 60464 35116 3653 19395 21870 46221 48411 19764 54699 24885 18368 47428 16946 44713 21311 50421 57027 70840 52948 51691 29245 8863 13968 19188 57031 47267 14788 57970 12330 43335 22109 49230 1557 22222 14856 21396 21425 28080 4148 59960 52400 13173 43972 59324 16447 26906 61319 8073 36166 13114 25493 32034 17936 68001 34790 24812 18671 58020 33820 36647 5549 12546 11519 67931 64341 66152 59221 45341 35133 54021 37691 56573 51272 43308 22978 65731 31319 52214 24790 63731 54390 43264 23001 26068 66461 299 24177 14106 30631 68124 62382 18235 42117 19912 61001 49281 65563 39660 11096 25438 21818 35152 8536 23364 35263 68428 35681 19198 24466 8743 689 27969 49241 62913 32615 6543 22195 35247 70130 49671 5709 32380 7825 10117 27243 48032 22668 15116 17240 58879 48973 59214 61320 59056 6230 17136 24504 61874 50233 50934 59308 17550 19911 29458 46440 11648 49577 47475 37049 10563 23068 31349 7108 23787 40576 4894 62320 52839 26839 24910 39253 51107 9164 19666 70074 40356 57822 42637 20067 21505 15580 42178 12040 31280 5196 64639 7558 19005 38061 49460 51627 16361 24907 19481 19067 51244 32591 65173 30522 60383 37152 36405 48570 4015 23634 9415 21557 35992 44685 49117 39196 23506 1363 22249 63827 23020 46161 12538 19483 38607 53693 56557 32481 13480 35157 23265 23422 52913 70238 3478 28510 63830 28004 55467 6469 1784 8250 48204 47338 18479 29961 6393 44327 57165 15885 16165 18279 45671 62469 66624 47352 20867 8986 68285 58730 4757 22489 58347 15891 58111 47574 55697 9391 43240 23379 58344 14837 29598 11260 1935 59557 16998 11219 38994 18767 7346 24171 63181 12600 38013 52060 28408 781 36748 33857 25735 48546 26368 1545 60689 14820 56126 17862 11949 17611 48141 15961 16276 68499 51472 49237 664 58765 8094 49216 37814 19809 10604 13376 16948 14078 40835 26751 9623 49148 55459 52525 17515 11758 6470 29902 28054 61676 36234 34468 22307 70716 20293 54513 69161 22775 58548 59310 45246 5716 44577 47507 40105 70868 51716 3989 4369 27413 57983 67777 49728 50877 21026 2837 23637 26014 39258 7652 56728 29988 52429 15847 26088 45353 67565 54350 41556 39281 41385 56483 40530 19178 32024 60987 49468 8528 49408 44337 26625 58145 64620 70179 55611 40392 46728 10611 60600 39184 36605 6959 38166 5907 61463 16297 39680 2274 7051 54422 60828 20433 66158 55020 60255 49141 55367 15492 59806 40778 16799 4064 35970 55131 12645 61607 10560 51671 6617 39414 39489 4706 17006 70495 17287 39833 15278 52217 11318 19743 44335 11658 3723 54936 6028 4016
226 1065
51398 32535 49050 35917 10669 51921 58367 6588 10937 69871 70046 60419 11510 46977 68089 35251 36101 24195 45182 63356 10438 14252 42922 51758 25492 51981 51164 53789 52516 16962 5980 45719 18720 22058 12305 58131 11575 21267 43541 37999 55273 38848 793 4924 13324 46142 53700 33050 21245 44641 41315 9236 39069 13276 23693 11345 36822 61141 44871 20478 39635 61119 15619 59989 27236 27918 42499 15959 52826 38541 9197 21733 10254 60336 25729 30291 63358 60595 65716 10829 2013 25466 39747 38292 52689 62954 16972 54039 26117 67379 49547 51593 6746 8683 38537 25345 21585 51242 59848 47586 19040 25057 34784 21436 70543 9664 25482 48843 64286 65843 23013 48860 35958 56592 51794 344 65034 40781 32729 10536 24609 53287 57302 21545 64876 52778 11979 64214 6079 44236 62453 43128 47649 62351 59815 18477 3697 49431 27806 47526 31717 44045 15393 1079 41939 14879 12967 51479 57211 12943 30723 37356 12276 44968 7280 23794 60319 5506 23305 44618 30007 9534 40746 29410 38794 28315 28287 5800 8591 54739 69495 2381 34381 68178 13315 10353 33676 53501 56797 68023 15674 38781 70028 6906 26414 8506 51367 65838 6425 63820 55559 41698 29321 31585 22356 33094 7382 13770 6594 36987 31391 59296 1957 35452 15230 42551 7784 2680 10974 64773 26096 26641 8195 8698 19077 21141 5477 21609 45910 56874 2510 69740 6358 10507 46098 14624 2391 46461 53855 18077 49465 6718 48230 22718 46810 58495 55032 22950 49617 34863 54090 64481 63417 2388 45451 31005 5371 47250 361 51948 10001 40272 30439 45784 21552 67101 12918 66491 64577 54007 37585 17088 66916 36380 1187 40710 40955 2623 59192 43985 5573 58936 49413 44580 3904 46681 31208 17450 12343 31017 47435 57944 31660 38882 65528 64077 27564 41964 3184 60951 26608 22972 38277 49188 8284 55988 33981 28209 35287 10710 45655 24280 49711 70218 57264 2155 4452 21850 67642 16465 64346 7602 29610 40284 48002 5772 32806 702 12562 66378 69937 41019 10874 23238 64394 3265 16703 70347 46220 48310 54037 52898 65196 26470 67768 16620 43748 60191 25944 46549 34587 2186 60854 20668 14183 34892 10815 35219 55832 58723 53059 48757 57906 5097 48412 68090 12921 63630 11103 12217 44345 34206 46207 48712 61109 28746 20535 55278 24808 49793 47899 48177 43222 1307 10147 39858 1656 51297 58297 36102 13616 57064 22952 10115 60416 44493 48332 18333 38494 65963 8632 7350 8802 8882 19422 15518 1078 41242 48489 12479 18870 35335 40018 30139 22816 19522 30827 19550 57290 41201 21754 46400 26580 70089 36959 5737 8227 25960 33826 49464 11193 16927 11875 809 69808 12766 14482 41375 18046 6126 2105 61542 39907 5866 55121 63565 65626 29060 60226 37850 11443 47553 14907 67091 54312 32129 32195 68640 58959 67439 69552 53918 54100 9737 66235 21883 69993 3445 34821 61973 899 5741 37733 62338 60628 13319 46519 36624 23017 66472 1501 17023 24475 53495 55639 16603 54154 39289 11771 41067 17629 19704 46914 54098 40271 53510 60002 70336 17844 17100 11089 26038 45232 67563 30825 33489 36648 64186 45883 9469 16214 55985 9074 56854 57445 38076 29367 58070 7523 35225 48316 45666 1422 55072 51516 59928 13331 4878 39073 45992 11513 9634 22006 57311 69658 53014 34803 14499 2517 11652 627 11086 64883 56235 70872 48695 17542 53688 46228 46673 29553 61486 26031 38556 10112 68461 8541 15154 34124 30022 32652 66498 36139 49090 47589 31682 9420 48726 36491 70112 17024 802 29125 21188 39998 35937 36423 62487 30315 15016 51012 35932 2026 58160 21649 50944 10236 63983 70381 27987 15677 43063 15211 66677 1398 32566 25970 3458 19120 8344 64136 70705 50256 12179 32610 16649 59756 5157 48915 9015 644 27730 70751 66923 8099 57420 57624 23668 69541 18522 54594 3524 12697 25028 23762 54483 56956 27280 10589 69667 1782 12137 28560 53886 37657 32340 59413 41051 1968 44118 5989 28630 4004 2784 2267 4882 25785 9759 18429 59582 33753 58523 24572 48123 68391 31158 15463 7765 27274 4194 41394 50030 30056 67623 15554 57115 4318 31475 47064 65666 67991 50872 34458 18719 56583 46884 18462 61498 21871 12133 18752 9825 22761 15339 4481 57228 58338 62707 13318 40903 47113 48949 19775 61337 41756 15537 10104 47184 33053 66008 13452 26270 59081 62432 50797 19326 36926 26880 52709 31299 31971 19214 59191 16223 32971 11703 69928 27348 27351 40254 22584 10887 65652 35373 57585 64132 70284 11785 28860 7181 29148 68072 1511 65309 37096 45946 25976 22259 14688 6915 66850 7378 65894 56281 10896 26158 53275 6127 57576 34357 65430 35406 49319 66214 48657 2871 68622 28688 32027 5527 3748 3777 45404 25108 50254 18009 30383 63607 68765 3290 255 38532 64526 32115 62874 65262 20399 25347 24880 53830 56095 21291 44473 50119 1190 19263 56474 30591 39698 11583 48447 70042 27476 24231 17648 45813 22149 32844 67766 45989 64645 68675 38099 61152 10300 58267 40635 45944 20043 6012 37043 40926 55525 6166 59269 58408 64970 8196 13455 57403 39129 10584 48666 21003 35723 17578 56183 50775 34563 28994 37555 8564 688 10331 23633 68941 56987 45948 33593 30869 62464 14002 70488 56248 54803 24494 12257 29109 27071 43772 45906 17962 37191 17626 5689 20823 11059 39860 19871 6030 13030 39771 63257 40868 70429 60601 22830 38294 9977 3094 54742 56411 66311 56584 24496 57662 7720 31923 42892 24597 57905 64469 21751 24602 21924 40631 53616 68612 60901 1597 3858 69774 43453 61025 41066 45043 11353 28242 17425 32549 32625 40699 68186 62477 39237 13020 51562 61862 9362 65487 20314 9777 34714 57620 31075 66617 27837 62680 55888 69388 62077 64382 56682 61285 63539 34939 17807 56792 52794 34646 9781 60897 55205 47194 68655 1766 35143 39673 43986 33846 42103 40409 25940 41202 53426 57181 70651 37966 59434 37979 19998 54032 28060 50515 33008 25770 23922 70207 23615 46319 11104 59140 63319 17587 13634 61050 9408 4209 24905 70043 8616 70768 10930 48050 14199 43138 8579 10504 37429 49041 69659 9009 44312 27493 46727 24558 5033 7502 2066 19836 22294 6472 16888 48665 13687 6376 55597 4520 33978 16488 12414 51154 20985 17384 38191 44164 50468 8280 49540 37454 52591 37339 69865 53859 29930 58760 68064 12651 27426 62166 43786 31457 70681 63845 56522 65322 49441 39113 63760 23397 3271 43745 51268 45437 43282 20324 377 67162 26657 9975 69760 47304 43269 59823 25042 49651 70262 15017 6890 13043 2809 31565 17243 9148 978 989 5107 60440 13365 48247 5289 7366 62719 9572 46529 44515 42566 40581 63124 3864 32574 63306 46924 26468 53210
327 1033
5078 9697 33728 42917 22803 6626 28039 37818 40341 21366 69840 48934 30443 52788 60329 68424 45025 69483 6756 36008 50747 59944 69094 63479 20169 3976 46072 11182 58536 21528 34643 46613 25708 6682 35014 3390 20818 63317 3936 58076 7352 38275 42162 48587 3536 34657 1481 54431 48114 24468 65191 34415 20353 54856 35654 33726 37939 35110 20599 36697 23606 9311 49045 8323 6895 44511 12690 2240 51561 22896 70153 53319 32732 69168 31497 21369 1540 7528 31499 52274 40053 6497 45440 43601 22995 7857 58052 18634 37273 16667 23054 2447 11475 14689 41799 46861 68711 35148 13135 52399 62609 63941 37536 48024 52598 2667 46139 18510 65967 40722 46350 35368 4672 6275 23402 69866 37249 45500 58659 57839 65257 57134 6383 47010 13295 69813 25883 40275 52246 67078 38981 33113 24925 41499 64363 10345 8720 36412 40937 5578 44789 10034 41006 31323 7922 30254 30551 45211 64297 67877 12586 3513 14137 32079 69202 52816 43681 41457 46542 55150 49266 16406 32310 43980 61316 9929 8566 22546 38749 4154 51915 64812 51681 59942 45543 3954 34727 54610 10199 68782 2790 31674 31963 51114 43195 47374 31415 62621 20931 46998 28471 25854 39034 26887 2176 4538 39834 62854 12560 70774 40065 68216 4091 4448 33347 15856 35370 67773 61992 20177 56156 43230 37299 20917 5273 11974 31994 56736 4281 70270 4534 25354 37475 66995 10028 26661 218 69338 24615 68122 715 6852 65712 3328 2512 13239 68981 54813 2094 65387 5441 18042 51538 13691 57287 278 52069 47886 24422 2713 59028 25640 19646 59022 51060 51110 46088 57415 64514 6043 45316 41616 34535 18615 3121 1152 15821 49208 39333 44067 42469 44805 22938 20894 56012 54503 24020 48947 28385 51722 45932 25500 14112 21002 1387 60978 26542 14276 65585 67663 59196 49095 13803 58040 11741 46145 6384 42610 14400 60259 4657 62096 50885 42427 9500 39924 53818 55052 40874 37146 31253 1909 16047 28372 45785 48172 7303 7307 11899 60089 63635 1730 36594 8746 43916 67265 62531 38852 13091 48993 24197 20584 29045 50002 22509 51597 37646 29096 33058 30103 28303 41321 29620 46083 68692 13850 36378 63368 11333 66633 64734 42471 8766 26739 68865 38485 68316 11563 64700 69352 29206 46146 36339 14282 26840 42265 33247 51696 43661 26917 52837 59142 45382 56882 3661 9018 44029 70735 32108 50733 4829 43623 48733 33252 2728 62414 5982 45398 51144 2810 33090 66926 14934 32076 34471 14426 70626 12065 33912 26495 26520 57260 68988 17887 20822 46699 41896 7377 418 46036 46825 35502 46076 44730 51193 64489 52496 42522 5148 1902 70182 3425 9976 12064 10545 67601 16553 36849 31006 27515 50258 29155 25092 49721 26758 41561 62101 7159 58409 5370 30205 62073 48424 13870 20107 42695 57432 35438 49995 51020 68308 9689 20355 16745 37582 7163 26061 28787 62031 21468 42089 14138 29766 48854 54018 32181 37963 34161 14188 23090 21952 4418 29101 70266 4768 31596 50432 28032 35702 38555 45466 60378 66954 9613 50639 63199 4208 56748 43225 20198 50164 10768 12970 28684 37258 62223 3020 35434 48277 53198 12395 25163 33560 47293 15478 25818 43857 48089 28038 57926 53793 50503 64956 40979 21169 43871 64358 65288 22793 60022 25386 25606 70113 51968 29882 54550 59766 48429 40888 41720 17505 66666 62613 53568 35448 58307 33986 46792 60005 37287 37640 55293 33536 49941 47960 16362 17917 7233 3349 42810 39306 18328 55676 28528 2585 58481 58546 51818 17099 68466 4982 82 18736 34619 28524 24513 49998 24050 69277 39241 30456 5216 23990 20876 62892 35361 42034 53838 44026 31902 42682 54743 61840 45920 35916 59115 13157 15391 58868 20201 65938 14574 22839 53866 54971 13267 4361 52828 20158 39412 25585 66733 68462 18075 22262 23040 70470 43558 46511 67483 68521 58350 28454 26961 31532 28750 70492 34853 4365 35252 39418 37379 3168 3 58902 37038 22317 57793 62860 17809 69312 26432 18657 13156 11913 55304 66690 26197 13224 62439 60728 34990 45528 57879 29751 62718 22392 34354 45780 38534 16589 56621 38250 46014 33983 7480 5053 32543 38391 46948 33162 28123 340 35483 43699 31484 29558 18108 63167 10420 18647 61791 41456 52555 49847 29532 7640 22588 61706 28083 47148 41942 22000 41511 19284 13611 29242 13654 32405 45203 44440 12352 21194 34538 43602 65259 55600 43474 66970 57557 27949 28098 23212 50408 42967 26892 60143 928 64965 59243 70210 70447 47207 47906 50449 36048 33046 35741 5613 60048 12966 11518 36917 39072 60195 1382 67179 49238 24782 43418 17317 35781 18018 3814 20606 30988 8090 17218 41053 16792 31777 22958 61621 49999 39462 31852 12235 41652 53877 43141 62618 27222 33805 21771 28222 43910 68495 44812 10057 49318 30496 45169 27353 6193 30948 34401 6478 56934 10012 24766 33666 50204 15635 29282 27752 38263 24012 18114 54696 63628 48228 17602 5312 9701 51390 35195 32590 4573 46162 8609 48606 10506 2662 23554 50255 54301 61803 57899 16970 52029 12000 33364 37067 23167 8425 60398 15713 4125 29460 25861 3876 13769 23294 4863 29927 24291 40881 47274 62920 49224 3769 10397 5331 47348 36173 42331 36690 45485 28016 56995 69507 49590 67121 26178 800 49409 33854 57119 4260 18618 17258 2227 55352 19557 41333 44092 20070 32457 22308 2003 4374 63953 60164 64542 53071 41111 3000 18128 32919 54236 28566 42496 698 8215 67771 23243 66830 26325 22391 41651 28581 20428 49458 70617 68922 68991 22534 10967 9368 35033 37968 14530 60372 11361 56980 28049 1857 37052 14454 35867 32616 35192 4629 27410 43492 9130 43946 18048 8436 23708 27295 64974 51855 21715 23872 57805 40405 25973 27391 48748 58439 26250 43178 68828 33298 26021 4420 56136 30006 32725 53923 56993 15311 18680 14349 67954 12435 21762 9746 18643 39564 54029 49675 48296 66521 62560 24877 13352 66981 29281 32609 70154 45692 4565 60342 1074 62960 68135 29830 63184 11535 51417 28615 37722 8581 23153 19166 33509 18876 25983 11760 2679 61528 33205 15761 31374 5309 7402 36623 21199 64948 14453 48734 51246 64002 23824 68757 50103 63269 58992 5252 63504 54573 52572 64055 27862 14805 59101 4152 49024 3291 39960 13487 20323 9321 40837 68844 56800 13005 41037 16345 64300 5899 2472 21493 32179 6769 40806 55406 62554 5626 26450 41088 39002 19904 43267 44155 2798 63142 27394 8219 33010 51473 27011 21019 45682 45742 15281 52227 31766 29805 54714 38564
174 1023
14035 2987 934 59440 15760 25085 30089 6176 32949 54268 49766 51081 3507 24282 55946 22138 31864 56361 2358 22855 64264 67701 23175 30858 40894 66983 10296 53842 38442 60874 48624 12224 38320 42386 15546 19558 13021 65119 9574 41161 52799 24008 45135 16882 54237 20378 13569 33204 35064 65827 10688 65675 23911 5869 55493 21724 24155 4174 29714 69960 14487 7547 70402 50962 19262 46157 23158 42202 58047 47471 18053 23846 12360 69264 39409 63191 70730 44115 31156 19701 34368 5730 51940 5498 14307 23799 35311 26348 58953 40788 37193 37610 24981 26527 60074 37664 8723 50995 2023 39399 66873 19884 43800 23373 19668 52735 36359 55883 10671 34189 45590 4505 32685 22007 65209 44842 23557 22518 70276 70420 15709 20484 54111 42027 5642 53350 45699 47874 50991 891 26240 16236 6224 57744 11737 1684 43571 9054 26785 57608 12374 59907 26514 17668 54565 32547 34373 65914 9467 13572 36305 56254 32895 66370 55470 58577 50489 24353 4763 47660 39275 748 51545 50727 44899 57387 10988 59676 61996 50949 7791 34484 51045 39176 7255 52640 45501 56271 11840 28520 14924 56345 17485 38912 21437 29794 2019 37137 25871 67789 5194 3531 21697 59832 59398 20564 3722 69727 3180 2049 6196 7386 18454 61978 12593 43554 15838 18017 23104 586 62626 16773 12263 25558 22459 67707 30034 23341 15629 13054 5443 34772 51352 21035 65663 66878 48523 10039 37369 10785 19468 38330 31262 35976 16930 70212 28072 40976 38148 2187 64094 21104 21068 60814 61838 17477 14202 53330 42407 57836 7530 51190 6063 69557 27025 51736 21453 17938 19813 34316 47640 45805 39421 29342 5368 13040 35338 54148 52251 21831 61872 35643 56804 9974 11147 60996 45190 7405 34780 3183 20488 34968 65090 24265 55284 37786 37417 55850 67335 7542 41426 13251 3058 3080 54786 70795 30266 44853 33390 59102 39919 14263 332 60208 46465 5895 49154 67812 29679 68684 14109 10326 13075 46767 26297 20882 62693 38559 4678 24923 16938 43893 22798 49868 21622 974 66963 40831 41675 11169 92 48912 26729 37092 11117 32348 40733 30969 47801 41987 15907 33555 7191 40971 46094 50433 24110 22124 57946 34312 30542 39524 21543 33936 17139 46235 60880 69898 24263 39900 68958 53303 3707 24165 40439 42035 26932 39618 34204 27603 30357 62170 53980 4852 48397 46586 25205 68584 6310 603 32972 9061 6260 11892 24874 7717 15962 30929 32106 2083 30918 44090 63922 52771 55057 49287 65953 29133 43998 37690 50144 42501 11953 30897 57806 34064 57402 31414 17747 62807 13286 23923 20166 61397 55577 54987 59692 40466 14214 40069 14229 19220 5083 32356 1740 68460 27553 6979 12462 452 11722 65229 70773 2557 6703 4877 7449 27212 28588 57731 27542 20369 46238 36619 49020 14929 12639 5476 14217 48324 5324 24809 17141 15405 40021 9379 13587 43262 28953 65959 37336 26267 11490 54202 41015 38008 33941 1575 42577 61041 24456 57864 760 15506 56120 67001 30202 47987 16776 19327 14684 6896 13534 48150 37735 67961 37717 14353 52584 65045 18256 33063 31780 16119 56002 27780 1997 12289 5892 6779 20214 26536 62496 68718 62670 26526 45309 31307 56104 29793 37496 15435 16585 70010 22878 55155 31204 6788 64964 46961 14360 52333 63248 42783 33098 3085 52275 12301 42600 38002 56974 38640 41116 22747 16706 60690 51497 68531 67207 57897 24870 44912 4779 24820 26944 950 27835 21350 25103 24158 63485 51245 53138 57704 70203 9411 515 28546 31167 12975 64696 8164 8362 65771 25104 36262 36350 54900 27663 31847 45540 49369 42381 42759 44891 70281 7224 47531 50441 65213 47273 20671 62011 30493 22371 37140 9078 42264 8119 34840 42031 66727 38508 39140 70209 4183 65630 58652 32290 50802 8260 60620 36429 68808 29283 63430 63328 12759 25455 48341 27336 56276 18026 18366 12310 31263 27680 22055 53555 59834 27977 64950 56580 47341 8736 65428 27541 28100 53712 33786 9049 50078 22053 53121 53124 27142 41726 11802 55081 30828 20722 10759 70200 9001 43839 23303 31653 1932 17002 29941 48051 59227 25634 49255 63654 39986 30110 16283 14978 6502 52113 38207 55649 35245 16856 9385 50390 50819 47215 852 14520 45351 4755 62331 1122 38086 58983 67293 39666 56198 34442 30356 26369 61601 15075 26253 42588 32966 15778 14850 67574 14479 33767 17444 43066 55977 64647 40900 48603 39018 6139 1544 34564 18571 14724 2574 15727 45705 13065 54411 50711 23565 66901 3641 18652 34499 18369 22590 52247 60604 25049 36459 48279 60597 39550 23474 51287 16103 65293 1703 66421 48889 43792 29369 68624 7966 34695 2931 23488 54937 65832 60077 17357 42631 49078 23176 10312 32332 39486 10143 18908 54787 63981 25143 21941 45131 24668 25498 60623 57297 319 62667 11121 51924 30096 29137 35403 12576 42410 40130 9876 35482 35829 6133 4794 7172 7919 18665 9794 47509 51540 61951 45653 64281 38488 36546 23619 70128 58554 28247 5057 55602 8984 46524 6251 53738 3274 1375 30324 15769 3496 33254 6956 4606 16031 67252 37005 5396 18637 33037 50700 47626 34014 26216 34605 42992 19180 3464 15277 44430 9970 5599 51230 17419 1039 11403 17967 66766 44420 55277 19554 55522 58588 40266 18918 55149 46907 67686 45348 33246 8409 13120 52815 69428 48688 30836 52295 18371 30667 23809 55240 2089 14942 65263 33224 43228 7322 59067 65730 63825 19845 59235 47283 63882 51718 40977 63869 45286 58345 5868 70313 10923 32840 20347 20007 38231 50831 24243 66198 52936 25010 43059 27251 60015 7270 32009 10478 59258 34672 19146 33838 45424 38522 5138 54102 4134 13715 69692 16789 54200 17770 59612 40491 16102 11010 2375 48052 9678 69864 1109 6082 3749 43127 24940 63781 70536 8300 22573 20117 19754 28549 10200 19770 31762 39342 59567 31166 61384 23079 8799 6077 1172 33193 15077 56435 60757 4898 56403 39465 35547 56632 14178 52969 50413 70689 42289 11714 40750 34231 63118 54063 39759 41996 1663 23490 63990 12862 64544 39533 54246 2035 2785 65680 10625 33580 20072 65437 58919 19049 23234 27418 44053 58932 20889 4674 59015 43164 20803 58558 12036 48716 14672 64503 39402 36121 14673 49384 5788 46596 43570 37823 33547 19504 60634 40345 41028 43084 63638 33025 324 35147 31055 68081 12832 17156 64284 29477 54221 27659 39968 58418 42242 9528 32085 48496 40353 42422 30189 56922 50857 16064 10145 59387
325 1036
10598 51779 60095 754 3776 67616 55111 46424 47576 48977 270 15005 11274 12247 56434 21078 59878 15971 34133 30787 49335 55445 44516 69778 55989 38016 42066 64304 12662 67647 65241 56440 39121 58090 17397 53114 35760 69440 27302 39557 48531 12270 66252 46983 32856 37218 66646 43844 3672 21413 50264 33236 33729 28103 53431 30812 3580 52967 59618 69479 12959 6623 41926 29214 44810 21681 69460 6815 67965 7780 68467 1388 65103 18381 43461 26416 32453 33179 28584 38779 39209 15673 8118 40563 20684 25241 41150 43390 55617 49623 26585 38598 52267 50611 67023 66355 23675 18356 68348 34551 8806 17871 16104 46069 43815 5222 66860 26288 26425 45372 12773 21276 45882 61752 44369 57667 1427 68514 18512 48086 29995 12938 38740 36856 6443 40703 22971 42796 62539 48102 33951 32604 35322 19177 68513 67704 64857 37976 50502 5768 52894 36963 17221 32584 20928 68220 61270 27210 2733 36730 47692 2624 4965 65151 59700 13188 17530 38025 48553 10792 67508 5351 9104 7908 28513 12175 43213 23316 3686 18895 12293 14490 8517 64629 65846 55683 5043 24133 44658 2063 38934 2770 38540 55325 43586 34217 63637 4412 33793 24033 53956 30866 35656 7309 23951 18306 15895 67489 6287 41354 65493 38726 18907 9486 10600 59937 64335 67213 69940 11009 47972 49485 35597 25784 5254 7517 28094 39893 63957 43530 9748 43297 29559 46291 25423 13360 39992 53714 10477 3003 56430 53571 67914 32621 60344 40148 20274 68589 14171 39370 43626 2671 52554 44426 52902 58435 62673 48683 55965 17200 14107 27306 16450 25352 5964 36806 25147 5556 8016 44129 56317 64634 44197 3263 304 31303 63100 57549 35788 40325 54883 14151 60552 39100 65939 28018 23003 53865 36295 15060 25296 63618 49863 66832 26082 12836 23299 70699 29386 29540 62153 64699 36437 57155 28794 1519 38154 16101 40723 33068 70634 3201 43540 63811 68030 18921 47366 27191 4790 10751 66051 13458 1555 24779 6659 25317 7859 6272 55425 45619 39658 2888 17806 46627 40734 11809 55137 34798 57670 57943 45842 48317 42723 12166 14504 24943 37547 2758 13509 18157 5052 22685 36775 52680 22202 52959 63205 4667 17295 28261 36394 69478 17378 28452 1865 67996 27189 3193 28496 8347 58234 20666 36596 38884 35814 51229 43205 41527 32165 26254 7850 41913 57645 31290 19630 4071 6720 42250 54652 49196 28118 70687 5520 11775 3656 65127 24062 3784 14486 14674 55718 19185 44363 67331 28428 38686 46738 57657 59728 28822 6392 20948 53873 53990 5672 40954 57737 17265 50296 1354 22111 59106 49756 41093 70047 58200 60859 67270 31060 30265 35333 28499 67933 67114 7831 20451 18902 21278 31316 35647 51073 43411 3305 5538 45294 45661 39831 15011 21518 50420 44585 18565 61744 69409 18393 55859 12980 55485 53985 36474 33548 50754 33530 12005 30782 47767 40313 21872 39943 17762 19968 13912 45358 35374 8478 35179 618 42196 45793 9691 44674 65239 64336 65190 67897 32427 59295 4151 15097 50035 54293 46027 37286 46381 46556 31442 19887 35715 69627 68434 17483 54855 69581 52550 29448 64340 5007 31668 70603 64476 47609 70452 68464 37911 40582 29485 23839 52734 68205 49857 6858 61828 32446 68930 34575 49157 67859 18740 50635 61612 35321 62055 48201 32776 46293 19780 28154 50065 70483 29280 17678 26189 40737 65794 54104 28596 20631 2540 37560 19516 54526 17784 28259 22657 30876 10796 63889 67562 61636 37241 12717 4650 19273 1736 16845 66117 2704 4438 40335 55729 844 28737 53950 64211 60197 66747 31520 20505 66018 44827 3551 57258 19486 11678 34324 11992 60507 34044 8183 13570 67288 37340 54112 28069 62189 37674 33899 38011 379 58848 3780 70753 48872 68166 8011 41103 11295 70874 44905 49904 55785 62090 38059 43207 43561 25208 46878 70884 28880 21118 70822 6432 51549 16933 53076 14644 14885 32643 43194 57797 69804 12460 38225 15865 52831 60027 32246 59717 25107 45704 46474 119 8855 32109 23528 66719 21951 55129 55955 56240 43965 23596 62542 38510 57281 57592 28970 25839 31176 25765 45149 14735 20410 47319 10711 44986 35088 54053 64624 42466 20600 3581 27083 17974 18074 14294 33730 50178 38004 65836 39685 16195 29657 27001 41646 61073 29536 36287 67614 88 10622 17573 15983 61089 56312 34339 25405 66511 35365 50521 17793 65162 65210 40725 61456 67975 19247 31778 49487 55319 57795 61356 2062 49348 13254 3035 20028 30610 31516 53570 34465 52199 53226 67595 22163 4176 21991 16642 8741 41219 68534 18710 33123 57011 15614 22066 35983 38118 39624 11780 36080 5544 15842 54976 36614 28087 38379 38110 47715 66181 69362 32668 25162 69961 66375 70201 52721 32661 43516 54281 27901 24370 14848 15238 33685 29888 53182 59236 51050 34843 30909 12134 44367 6672 32144 55808 7374 13593 11030 3243 64728 7544 18384 4085 63493 42550 51093 62902 45082 29963 18532 42168 50386 23223 31798 19837 49077 16441 10975 44005 27803 36231 67294 47863 47387 62789 5601 32461 36661 3125 53228 39494 60219 34063 34197 36865 30293 41687 17623 33155 35372 19647 24748 4394 42893 53184 53675 27717 62252 624 34017 53320 68418 23843 18445 67204 34475 31047 45247 32223 12381 19445 62578 64506 10423 59596 17475 7590 4424 6582 44307 16321 17293 1987 42299 41721 37857 53563 54375 21197 70117 57617 21980 11054 32361 36783 523 9241 8685 23702 40666 45001 63047 12041 2739 23999 24958 67253 70846 66171 66430 60806 32198 44998 37878 64040 33601 26577 31652 3859 30981 57896 4971 50174 6288 7283 5051 6013 48314 47342 46601 20383 48306 44002 59808 39131 302 25807 11677 16146 46964 34 2594 37010 52986 50446 34393 45445 24001 46815 63324 28689 3606 29119 15076 52541 1887 27216 35525 8269 55661 24359 26715 29956 60709 48886 19279 17604 62726 60748 64459 52540 42805 45723 68077 26069 70462 10224 25435 12826 42579 49358 38060 46376 20275 43811 59082 34546 2566 43549 37959 22931 3644 66704 13123 25688 27169 61527 28250 70712 62694 18903 45963 24420 67387 28320 3423 3573 17298 56962 55239 18063 31554 12904 33872 30775 41076 34905 25074 36351 61557 45081 48383 55291 45366 16926 54648 11330 60397 209 45648 58589 38351 36013 6295 63096 58042 13495 56618 48266 12517 61773 21285 41940 22401 47687 9987 20953 26679 59462 59608 35107 65908 53622 55721 25188 68212 68213 29340 23221 64279 60193 33673 66482 54382 11386 68763 40095 38075 52421 3278 50640 15900 28244 67384 67425
316 1005
9388 66831 11694 5954 6081 37272 45390 24267 40693 27384 932 42648 39359 14656 28754 65773 47701 9033 38585 35979 60943 16562 50906 25620 45532 35619 23119 58067 11769 24184 8998 23495 15823 53440 39451 9649 21110 62484 50921 14567 23415 9022 52170 5450 63570 2290 55810 36247 11387 15721 31816 38753 65784 58429 55662 25109 36999 16417 70666 32739 65791 66384 33250 59342 44393 8315 36513 29248 54695 33674 17460 41351 58452 5418 53817 66087 56777 17503 64433 30168 52704 19520 2450 54328 28324 66742 52233 68852 58246 56670 24051 62782 5983 23089 54175 9441 10262 10245 37160 56141 32794 26188 50418 962 9398 61895 6644 8374 41598 15547 36269 8919 64927 10121 14358 64116 70468 32328 30910 25007 44162 67380 8420 22277 12771 765 30482 16636 10777 33316 22664 31996 29044 37467 54812 18143 60650 6223 25101 29240 2686 42156 10577 57112 12929 19648 24887 15010 68833 5301 64862 18753 24608 43104 59517 46864 18997 33680 46612 35056 49784 15184 59570 54035 25414 52372 60448 32072 54992 8075 56147 55610 9256 25910 22709 34246 32468 40858 33884 40927 17600 5533 43036 39031 8400 39317 60541 36292 19984 68352 62322 8245 27246 26342 8817 69650 2137 43279 11516 15696 12785 39633 21280 26816 6479 27801 32305 57405 59898 33479 29748 9892 28565 59377 25145 64345 20961 35661 23707 44319 1728 28685 69291 30894 27716 28300 29635 37614 67432 33721 64695 18244 70267 2271 48753 40679 3866 25599 52920 28 50245 27709 7932 5294 24161 45214 68947 15043 6867 56827 20395 14634 35496 70898 28640 30813 66140 23831 3047 64811 22232 38741 41604 29403 5714 30842 41142 8288 15896 63277 8358 50728 67488 7700 16046 43060 24064 21351 56221 49578 29180 51790 23877 44536 59860 12609 39653 62124 49265 37479 24362 66559 6257 60294 62449 42506 9826 10475 65465 24516 41693 51911 51017 57309 27372 66512 28657 22268 28795 66330 40087 54712 41038 38977 41295 39697 44568 55261 33166 30064 24222 31383 53218 41570 37743 39247 42671 69492 20615 46078 61042 51061 62744 7998 6924 3028 67389 55698 13102 12504 70156 50657 49312 64000 66111 885 62772 13186 3467 6217 53409 10517 22875 58189 57435 30578 30313 68704 3786 63621 37404 9194 1136 1713 40684 57895 9298 54362 62904 4762 49693 37679 64541 50099 67361 6420 19962 56259 66090 64472 21766 13697 36414 52927 43259 28766 49618 52662 221 6214 37220 35695 44071 16586 55521 35398 33291 753 32647 6866 70572 41958 43933 23734 18569 23662 7856 18382 63521 16807 41936 58900 29361 29446 19740 30426 33919 53667 9204 9806 10570 13836 40873 6259 41594 32182 7724 20900 17264 60778 23985 70271 66331 8865 11731 57393 5193 21835 56720 22634 49574 25358 70428 13418 50618 39053 57758 40391 291 45301 67036 31592 19493 7705 28386 49289 35173 3368 28904 53829 21964 7953 63582 26396 6327 70211 41740 23412 69146 40867 37586 56614 47068 41699 42429 67912 25721 27779 17830 57858 6130 43253 2740 11255 17652 52935 14478 20850 16866 25786 5634 20140 52439 10197 11559 1746 28523 42951 45253 25277 62686 29478 48599 17165 11777 6992 22503 65590 44844 63812 9545 54974 51476 23720 54680 271 14622 42638 48888 33363 7744 22848 10843 21785 47713 41859 33744 51723 3638 9902 26663 49515 66697 20455 25291 64885 17222 33876 45206 18866 19340 25539 56959 4221 26829 13092 2264 341 12052 67722 34301 67660 4367 66514 66989 26529 28898 56499 25801 19841 67500 53540 25571 14809 21389 31820 70733 3664 8053 6540 64827 5600 18629 60040 23759 36468 12045 66478 4243 63821 14952 22357 48472 1425 56973 7316 55498 8744 9218 48902 50972 41583 19386 38038 23943 28093 15461 29733 1430 26260 48250 44245 63245 35657 41912 2110 2891 66599 33133 43522 62369 50723 47742 19447 20783 60202 31773 56521 52910 67606 47243 11736 25445 38974 35649 65602 44956 47317 47584 47639 70579 65684 55496 39740 32681 58641 63512 56364 36188 36326 59844 47836 47086 54867 14993 60667 59407 9248 56135 43289 54540 14825 50212 48286 29375 67543 53924 52324 19060 54264 24680 57518 49843 11726 50881 1812 11173 951 54975 53745 30700 4130 6865 66337 5519 21744 51789 13343 60192 59394 20837 25690 46660 41007 45861 10370 4252 28197 43941 62779 33830 55166 20566 22993 54030 25587 18938 62061 49227 4475 68103 4655 26012 55487 63720 21264 984 60453 24957 27172 55890 20545 68012 441 22583 19253 17945 9665 16786 37709 44698 63544 29213 46563 67086 59565 61642 43467 4612 54248 9850 21038 17410 68143 59948 22873 59881 12786 6655 15880 52068 69838 43742 51132 42290 15766 3623 61269 66361 66651 60911 24164 26522 24580 9801 31107 25215 25474 49365 136 33903 49581 29646 64995 23323 7409 25187 29551 27693 36894 27150 70671 31981 22373 2985 38196 63236 22605 19590 28210 10159 63549 47315 46709 48788 61708 37210 31291 53445 15827 55972 26155 12592 7032 47187 53315 12513 52356 31999 33354 52117 39925 35836 56066 59283 29100 4956 46845 36095 29076 47675 13003 15376 4618 45976 34735 41993 7683 38677 62021 32387 27070 36154 33853 64704 30478 63349 26517 65175 6908 56215 16613 29703 44181 20019 66139 51099 1967 23539 57384 39146 65761 4493 7645 12190 21041 70327 33592 8814 43728 1431 28602 19056 8869 52501 38515 2822 39326 68426 23627 44119 8198 51746 38613 22508 65574 4127 44470 50957 41663 59498 16563 63252 56003 22228 32516 66359 45581 15378 29743 32189 24106 15933 9381 28591 69030 32209 54304 23989 6545 66061 53096 6047 13197 29560 4577 57602 4216 20619 57269 63093 20936 19538 52749 15816 2636 50320 8330 13552 48344 24584 50297 69463 47631 29788 877 44888 60087 20056 46787 3239 46248 57732 13217 15820 18355 41801 45523 17422 13646 23966 70875 50605 13833 18739 62631 15975 25501 23504 54283 39026 28046 11531 34524 47122 48093 42697 22806 66532 57752 45416 23544 47281 57987 16074 68080 64497 21736 64737 10966 64306 51185 23766 52655 33408 64992 48021 30950 65471 10387 14566 51064 20179 58051 42801 28041 29741 24710 18436 55442 59595 57621 47524 29218 27196 31536 70549 2968 5039 17437 27748 27767 21632 9461 40226 34131 67163 52878 1749 50910 65270 34624 18269 69529 3998
88 945
14770 4228 21722 55573 26159 27708 31530 70405 25758 66680 8689 58313 20522 31553 57262 5323 1178 43132 13941 36 26462 50689 10376 57429 43789 4446 15263 36857 3354 4735 28834 60607 19862 53762 1309 28542 29452 39786 66056 12628 30510 50651 5647 30451 8783 20276 65454 8729 14446 32906 60627 64731 22449 43261 17829 30664 67791 16539 41613 49821 69080 18001 68261 43870 28478 59372 45191 39682 12986 22342 9782 20648 43937 54994 18121 16982 22854 9146 47118 50496 12197 59552 68092 68322 46587 2260 4322 12539 34037 56867 44355 32736 53248 41043 25340 31883 4384 66122 44942 59419 51307 7002 66962 6014 32255 58229 64539 31662 70114 69817 65660 23700 64413 59093 4343 50344 24951 1210 18529 63614 11568 14569 660 68120 1070 4682 60691 43451 15204 66999 9169 59150 24641 1428 17698 59658 57277 14630 49220 50325 24218 40952 34365 1895 64480 70864 60879 41492 5720 25004 31542 63785 27608 60421 66776 61276 31445 15714 32173 35708 42077 57089 32545 37794 19464 5871 39059 22797 6142 56125 1722 34298 50753 6096 55818 38064 62537 37407 31348 12674 39931 34285 31889 33976 66390 58203 3894 35700 65112 32287 14172 45536 15254 3852 6419 27813 48706 51816 45438 70451 65614 48445 28025 2407 12752 47694 7550 21507 35161 28673 18488 56807 3321 63762 28288 30943 8184 58743 8649 48620 69109 61368 24690 52111 40884 24469 5938 47399 40000 29904 43102 49455 46525 67176 19108 35924 68060 56370 39344 36211 17478 40637 37782 52625 8124 41288 38458 41133 60649 47854 19465 56331 55587 21395 14209 7115 25907 59162 35164 509 9863 16588 29935 52583 69220 22365 2291 2730 15716 54799 14376 8812 69374 69547 41165 35942 27919 66088 2640 4765 58257 22817 23154 60932 38976 69544 12953 58108 29465 27811 61906 32593 59550 30856 4279 31573 54528 29390 21428 48464 36876 61943 8908 16695 49502 64301 54999 38679 6774 37984 18503 28857 6465 38385 47227 37729 47596 46976 30406 8008 145 37320 63612 47237 47400 63791 21971 17426 21172 11214 38303 21121 1568 68995 10083 43827 64323 7960 18564 9126 20748 54147 62699 30615 12241 43192 43363 16751 52733 63148 43151 94 41664 54044 25436 43756 52719 13504 52660 59678 54822 16079 56068 53238 36901 2576 66320 29926 55066 34603 69371 2792 3188 53643 48077 46419 33376 58927 34570 31101 43633 40763 18482 19347 52313 17733 61236 38299 63056 16980 49755 60590 1735 57242 67665 55179 54272 26567 37031 51281 1463 60078 36695 28935 27430 64415 26076 28150 39764 67299 31203 34650 2092 35528 22416 44952 9225 27134 36076 4569 19151 11324 52349 40506 32386 24173 59046 55090 22398 32976 10539 31223 66700 46275 15403 67879 48367 38664 70454 1197 53458 5921 12610 50597 46269 10863 34574 53285 65955 17759 1573 7649 28807 31236 25762 52586 52792 12092 46927 44151 18149 47098 27575 40494 20257 22960 25642 60708 31509 56449 10141 8858 35775 64603 13550 49210 13513 22354 14266 8472 39568 27667 10026 24519 9161 41194 57346 49478 3130 42854 52049 38136 15797 19846 56725 67000 61409 21599 20901 48422 1407 44822 54151 38010 9475 60716 39012 64393 42185 63524 22688 4616 11093 52887 66215 20908 7245 15227 6435 31850 35994 57060 55026 69912 17760 10341 67248 41265 45687 60313 50714 67433 57894 38319 13894 36847 1839 10282 63418 70833 26429 31885 57280 24583 25020 67840 37408 70186 69343 9991 24455 49553 5423 38713 60117 52464 28015 67549 20093 132 70519 68628 32114 61256 41970 27657 35978 56709 67155 28993 39657 35837 41325 11146 23641 47411 65724 66828 67259 65174 35881 19277 38078 40771 8297 56158 64429 28769 57804 47693 967 50909 18764 25473 56742 62585 61107 16130 41374 26804 10473 68452 25550 21646 2213 35542 53627 39458 48380 42840 52717 56840 38440 28974 6113 41370 32903 24448 3831 58135 60260 68950 11668 37602 23582 70886 60043 811 28031 2859 4951 63253 253 47261 12578 31197 43873 25768 18293 49064 25441 50488 45248 10440 57654 33943 58739 15624 13278 25527 12745 18003 24802 15039 303 57099 63688 47440 27367 3448 36045 57631 59132 42979 34248 51235 60457 46510 34258 47356 6513 41753 41010 15052 44064 24798 10462 44010 36490 18539 44586 2198 2204 50569 63921 69427 2612 12687 18662 68787 6943 54295 13297 36452 2364 56225 60779 51750 17093 39842 3137 63156 54038 35688 21772 36236 44668 30572 59280 51274 41431 2643 56041 12209 11238 32068 64947 24987 20001 38636 38855 18520 63412 31972 25877 30697 48908 68745 2185 11085 66432 55005 45055 47536 29395 66852 62312 53239 46526 24501 26749 33923 40292 2113 21044 60481 16987 61650 67872 34094 41167 68623 50589 52058 9618 10230 16684 27168 23138 37917 34654 8475 41519 29208 19708 58922 70604 22711 16383 19938 16067 24912 49691 1753 5904 63292 20151 45715 42212 23821 50010 1148 8737 30046 17879 36342 22580 39124 19990 34828 10720 23372 8423 58894 62745 61505 68171 986 57481 61860 53872 45121 49561 6666 37409 25261 62734 58667 22230 31149 55936 37983 1844 22982 54586 20073 27488 3364 55763 54280 22719 25314 34813 12878 39784 22730 64219 4546 21613 60896 69394 13404 10591 35298 4079 24614 22176 2192 38121 19736 33754 34495 26523 4332 29806 24847 37070 56236 5830 45362 24841 20785 50621 42457 4001 45172 1819 7306 47776 50188 24189 62095 30430 47295 23370 33965 9315 21029 41107 55071 35556 5156 1583 14629 23235 56739 11985 58914 19982 13725 13889 20103 58395 60893 18796 17027 59163 48404 5494 31426 33856 68840 60933 36896 43677 54676 61563 59920 54022 30440 64337 25516 24965 12618 56021 9094 13546 5204 20228 26490 61500 34960 14255 1434 573 6958 30237 51488 66718 9227 2928 41831 16731 14736 33658 1843 69852 48462 65734 13497 57419 46284 3299 26982 18444 41327 51614 23285 31556 9859 16009 1732 40738 38763 42947
251 950
51624 40870 24726 44645 13525 69680 68141 31001 16337 46254 35605 38058 16162 28801 43793 31689 57107 26718 27198 56373 37567 67910 27916 8585 42676 60580 50726 32352 34444 7219 30733 42869 14811 59889 25160 46451 24234 20623 1301 57568 25294 9438 6187 25652 23777 59963 3937 16610 68389 28698 28873 28431 11801 20459 44317 59562 53013 60003 54990 5618 54156 21933 16640 11022 50359 61301 24697 65503 28379 22858 11879 42303 43477 40081 31313 68020 13207 61975 47245 62456 53897 15776 13059 7779 58394 36524 31016 61142 22658 61523 12160 5402 40821 24168 67696 40898 30555 27864 51634 29192 51875 69932 565 56255 36604 7241 51301 47790 25793 69921 63278 5945 53437 60050 64826 22787 25705 36109 32532 17371 56231 22632 67795 909 59563 2143 31935 50424 19698 42886 55332 14284 16698 58007 50350 47055 22130 22898 9472 40529 57697 61959 41399 34565 40290 42742 42895 27329 62844 32219 44877 27666 2109 52210 30727 20609 29537 69918 13422 34706 23195 23204 33916 57339 8274 51002 69644 30972 2132 38973 57935 48516 44636 2795 5930 44147 6090 29981 32896 50507 49244 50534 56006 10971 22295 58454 41750 61720 49739 66620 3283 8451 43976 35066 17469 63251 28451 2856 59072 40931 1420 56399 33866 25972 46455 41621 58107 21200 11 11370 29801 30763 63226 63661 25588 9211 51198 4426 60498 1569 31143 23601 34659 65411 16421 22615 17355 54633 14550 30379 63631 52677 65260 30245 45632 64179 62736 63643 45163 22059 3668 15147 9341 70828 1202 52623 49183 36119 24552 4639 11319 56567 28170 35509 70670 22366 39346 47750 58120 46757 40223 40316 36132 47835 66076 16628 31541 1602 52810 47328 19745 27267 64578 56223 42284 33934 56024 41902 17386 68791 14603 25018 17404 38000 4029 49543 15266 26952 30294 51602 49140 57835 24152 14757 66723 9698 20206 65670 27883 1199 17320 2237 70779 34986 35949 7875 37134 29220 9985 47786 9856 19901 44898 3809 4009 59810 69309 12868 26042 40889 47722 41929 38090 17848 5745 15476 46736 43981 41567 17464 15908 49837 53963 54474 45338 45482 63268 23650 21636 48304 40777 8410 67922 19596 22592 10336 34235 22409 8159 43032 13577 12736 64960 53257 18518 26993 15620 1905 41744 23791 42880 695 61811 34218 22090 49564 7518 21167 56760 49928 58976 48805 33154 8376 37345 27151 54772 61310 10152 62085 29325 7712 40801 32823 24894 50112 11792 49096 46649 11824 15978 52617 3249 46584 42575 19567 42459 43157 53475 35407 25321 41757 48048 3663 36472 16516 43188 11348 24117 69560 11818 1097 42183 48635 2015 22525 40187 51057 40607 14293 10292 20602 42039 32326 69812 25998 9862 17251 58939 28812 58808 24086 1310 25980 26065 20654 69060 69990 3884 59016 33427 41805 51095 95 59535 8477 57661 148 34966 23642 54704 40368 25257 41883 46747 21214 64312 13644 11854 28014 22672 59389 30997 43594 33995 20251 45487 45867 56378 33832 40050 54615 46450 13344 52320 6051 37314 28721 14903 30766 1358 3906 2378 20195 25357 64545 47236 28908 44084 59653 12654 56299 45792 43432 22977 6991 17448 17021 59177 53269 43248 69939 25884 41419 41638 68407 34332 32876 59156 3799 61362 26730 37754 63601 55825 67670 34996 49353 53868 64131 52994 59422 63580 53344 63134 16269 25356 35835 10678 62361 54093 5251 37994 6722 44405 59040 51166 16458 38989 34870 57666 15437 10178 60388 40626 1961 53306 34964 63965 63195 3165 44322 13856 50572 48307 57673 59104 2615 50075 32156 31704 33949 38426 44961 47882 58534 58757 58973 68158 10814 55962 27421 23692 70400 50046 56410 40665 41392 37506 25249 63347 57901 37728 43641 4896 56602 26107 70379 2814 1296 22043 34421 1807 57582 38655 1874 20371 69776 62306 23936 13523 36760 6320 64025 66563 46995 45176 47927 43906 48527 42534 44230 56855 69724 4241 41861 59668 31873 5199 45322 39737 61313 69915 39972 1203 6586 39377 59293 43159 5179 42208 14681 58262 41934 58807 43855 58989 53435 3098 12684 37497 14343 64009 63463 38269 5597 25067 42392 41584 27502 64441 3416 32296 24512 43217 48278 31077 14403 37162 29383 55135 35995 48855 24797 7085 56830 8155 61350 19635 33628 10955 367 856 28119 69700 20496 18726 9550 61761 3034 44602 65840 32000 49788 59107 1924 56746 47074 2637 142 47844 54048 15981 43038 57690 5244 24502 43422 64410 45022 22617 35796 53769 66269 9214 49444 12617 26465 69811 64832 45110 2952 62685 47018 38784 63964 6897 24521 23203 17050 53948 57900 56321 68794 36051 46931 67738 10840 27644 64860 68638 20005 35295 60821 6474 33013 49727 51535 67908 37263 29238 22141 29079 29317 60770 59533 55520 16457 57611 50889 46106 3701 53674 18935 50931 27763 34956 53543 21568 685 62770 32302 34925 6828 38375 1592 22524 32786 4119 6884 5411 59316 5638 2197 2904 13561 40518 40929 3990 48492 8253 39570 26925 18174 7959 23398 54522 61587 4473 29650 54381 56437 13618 39363 17811 26412 50020 6386 58155 9244 23101 49223 4766 52990 51455 21662 49714 48062 30222 38692 64269 66703 13288 47577 8509 34171 51158 69195 63655 38256 70496 8954 64519 44221 30215 8563 4582 11580 13758 61437 11948 43399 64106 20731 2443 37730 47946 68234 11334 62861 64999 50085 9301 51917 32422 5210 40315 63259 53066 10278 55456 35906 37135 5633 19098 47641 34858 70726 69933 64666 42359 5100 38988 52462 18829 30800 56316 42338 53756 64825 30279 22183 12845 43088 33687 68631 7269 70842 43532 14577 11644 46760 36880 21790 64066 48919 5373 63273 32379 1009 62568 51812 27550 68780 29151 64069 5220 61737 39366 27772 48730 56344 63327 6089 31854 24886 56272 5061 60126 46523 26027 4773 15030 31523 21491 38632 9642 29227 43900 52179 32410 7327 27912 37652 5188 1670 31502 45108 41014 18487 2106 10316 59480 67713 288 35153 2683 55990 31493 13170 13353 68848 29936 32025 52569 48743 61120 67352 1948 14312
82 917
2938 1198 69019 67175 46539 1352 53052 43209 61688 43656 21679 12796 45046 10746 62207 63795 53058 47368 50042 55218 25782 3172 17836 38088 67515 3469 68678 17908 8146 33503 25383 55144 32367 35789 68323 65484 49638 34157 64368 13369 5041 53470 39885 26080 57340 69086 56187 30744 32860 58445 14842 58060 60269 40479 64596 49861 38412 59201 5849 15365 17072 34250 55719 64373 1675 57417 5852 47661 63695 47628 30611 4881 47019 59006 21840 52088 17556 33265 14576 27606 64937 27744 52874 1912 43538 40499 20852 16794 21212 2984 55923 68650 33454 65441 8339 69172 59474 35873 69058 37996 70803 32012 45940 17391 5586 31582 9921 28661 41571 56711 55096 38073 22020 38953 12326 45737 48867 17579 14918 64288 26745 11398 8220 43989 12411 67813 45631 54003 12014 64008 41568 58295 4460 33285 37617 32081 46425 31090 38449 17804 12734 47830 14465 31015 13427 23962 26001 50238 55976 23105 63520 935 60148 1167 22474 13907 32337 60430 27832 7187 60404 43167 49463 16658 48061 52972 4213 52042 69916 35500 34895 65932 27126 432 54886 30395 59241 67890 29688 45012 5332 13320 23893 50983 48000 66928 46422 28203 32407 47602 41250 44107 60029 35586 4513 63871 51922 66542 67074 25359 11988 50025 46859 62729 52780 26365 43042 50811 44818 55393 16486 16350 4396 56228 49823 59 9672 16464 70345 47232 35330 48495 13727 35163 63724 42635 38040 52573 65141 59336 28999 20873 25672 15840 16622 43496 58876 26167 13965 31559 44301 48699 8776 54798 7748 26225 59599 159 29195 52661 29970 42378 48067 8185 16650 5065 19436 42029 10410 38689 55390 1801 36944 64315 39013 18626 56044 46281 16051 34526 34776 12581 46933 32082 59347 67410 63265 44984 68209 35991 69475 1906 43126 25233 49901 40025 32183 53699 48185 62869 30275 31247 55824 13210 41032 21782 13874 62541 55894 18211 65697 33785 66398 66612 40775 16213 22494 6138 43015 3111 32852 13374 34663 12481 27205 27211 38992 10469 43997 26765 53423 29052 12102 66446 32266 63357 38971 4834 15501 50419 10488 21191 17127 4992 42333 67627 49480 18832 31980 61072 54514 7293 58630 53400 54744 67232 65448 28894 52631 28174 18179 10003 34841 3908 17159 63201 51034 61588 28964 60220 15860 29641 39727 50476 48623 70062 15480 45048 43290 12015 59708 9034 69047 28996 67646 8258 52485 15678 22026 17398 34597 47146 37613 3804 21202 13864 67027 50057 15532 52784 36457 47538 53213 31046 11307 50687 56869 2665 27416 15985 6664 9157 23561 22420 62705 32603 3010 64726 18628 53824 58572 69096 59298 21203 29762 42461 11751 38427 29256 36656 30737 4623 47931 19536 3437 61014 54192 13607 61293 28740 8582 41049 10468 14792 56747 11981 60544 38289 36421 16401 57335 33134 41998 57285 16863 56749 28325 37139 31240 29797 36608 47077 44334 59779 59977 15373 28120 33500 54014 4027 24861 31987 16201 14956 17881 28924 68962 57740 59911 26154 42604 17685 56212 31687 56826 53607 69791 49805 31389 33910 12333 29716 56005 56552 11936 60180 31192 66372 1260 8108 22827 33572 29933 3347 48566 49955 29711 14023 56319 9512 10022 32358 497 64861 63380 13505 58585 3759 30916 2943 60392 38728 47718 64563 38017 63325 32148 45312 62053 19268 13132 40249 28702 46547 70697 63532 64793 6942 33847 51776 66872 5046 13802 35559 56219 53777 24029 46562 40921 36363 3710 35637 57450 24142 59445 28866 70001 17402 58750 53101 30261 53988 30834 3501 24984 22757 30418 38782 33827 30271 22242 23064 770 963 69653 53800 42935 54963 59301 45183 707 40705 47206 4436 1405 18047 46753 56999 45988 58718 13893 50807 5790 31284 9511 40832 67123 10027 2200 70073 7161 70767 19687 70368 50379 6019 61468 27385 185 68903 50702 52245 12666 4078 22884 34396 8038 56283 42349 9800 64439 24101 60075 43336 37912 65179 24366 67907 41383 35521 19406 21921 66567 44780 40068 15579 24998 3450 53215 67899 20945 26908 33381 57034 49033 47691 52809 22370 9811 15387 58648 28435 10687 37993 68713 42213 56779 42476 282 59558 11449 69268 42920 907 5120 38930 20763 31968 38535 24991 38340 33633 67046 14671 58212 29073 3502 67246 10322 42630 31946 14152 29272 48267 54629 62831 32956 62356 17660 7754 60237 67476 22890 20250 51579 31276 17833 62091 15683 40107 4223 37047 41450 65407 23775 40964 36949 23996 9217 49328 49926 48703 53364 10437 11456 63487 50871 17840 45644 46659 41908 24950 13176 54618 69734 23222 50397 64941 63693 53932 11536 51014 41484 57048 15089 58910 43135 35376 36897 6510 20919 64088 13206 38737 61452 59979 66854 67216 61497 6817 35856 46295 47025 57811 56832 2481 33682 29007 69454 4609 28191 68036 48107 65787 4032 41098 66753 31587 35343 70514 53878 58520 20888 21626 50710 8965 56366 63853 4496 11199 60984 15176 63198 27529 13688 62940 53284 35079 39523 36435 6279 41599 57575 21677 32281 55495 36734 56686 36916 12368 59331 52669 63649 32053 32703 7719 63079 62126 18312 25266 47135 70317 30250 24449 62586 19350 7618 65015 29816 46604 53661 11230 9576 46970 63250 57127 8235 26350 43679 14030 61322 15541 66619 7876 58574 9979 62675 28642 16368 49261 121 42417 36525 70521 26500 61162 58129 69298 48596 25333 39320 11340 28043 2206 47778 51267 50118 10947 68444 16947 29393 2718 26480 65298 30150 42991 47614 29881 33998 30149 17931 54827 2834 17151 170 29665 20516 62399 36722 31471 53146 59366 53624 25254 56060 69035 7329 50312 57714 51928 66652 36395 1025 9478 8106 11283 63249 65384 9284 9112 39625 50031 19265 56960 60547 59160 49367 37169 59725 22948 33200 57865 47839 11311 27833 31933 3372 23883 52576 54653 38450 3688 11952 1772 40774 69588 20470
267 897
459 23296 67054 46564 9402 61680 47695 6400 18944 67683 56559 66888 14896 11480 48442 63923 6622 2054 50439 48506 57046 69869 798 41435 60589 56214 2287 31790 57870 46940 35671 46120 45799 4818 7814 34483 43682 22054 32111 20210 64111 32808 20996 37528 55480 65057 16723 56343 50514 6427 36214 57760 27342 68404 40342 36473 16006 55815 26590 36593 65708 37868 68987 39057 42116 50774 12509 23193 36033 30042 41264 5149 33091 51039 34011 53195 12747 70204 2967 47039 45520 13819 2279 14505 48349 65841 4977 29607 67608 454 2645 39393 54137 62310 52243 68661 58477 33185 8402 8437 11195 5012 7281 27207 41923 68799 48693 36038 32705 12537 8320 30061 51142 18693 55329 42421 7661 67947 65135 52783 34698 1088 57852 66838 47623 41535 6004 26743 14685 27058 35966 32465 51770 64075 28405 47297 31599 48643 8818 68377 34705 15241 36200 53110 33142 12130 49359 35087 31413 56217 62873 55913 2844 13708 19662 59883 48219 30758 4828 58901 29331 68983 55535 16689 29038 7107 66260 2581 4774 15062 51955 40437 70706 58842 55085 11269 42656 2345 19649 69884 64093 57676 56589 29866 47514 66047 49542 8298 62871 48697 2445 60461 36238 46535 44950 10163 14551 44328 48724 45235 58002 731 11836 66326 9599 20325 62089 2975 67819 13241 70755 13776 36727 58997 8896 66502 52610 49466 70776 5893 42343 45178 41745 57111 35185 53618 12883 26784 19660 61831 43543 19311 40046 36217 26589 48427 26684 31045 14888 2906 15129 66920 50772 46096 15991 24339 68607 19839 13347 50933 62839 59635 55974 1155 12676 10002 1937 58697 12963 13554 57480 289 9431 68897 35470 45263 25605 49233 55715 22144 64564 52619 59503 5702 15013 68741 35977 35612 11053 57678 43746 15888 23172 55350 5359 13147 39775 34038 59330 55908 1877 9773 14974 2115 12770 48020 68681 50938 67826 47535 17805 50663 41559 64808 43085 26236 30646 26896 66156 28371 2621 69524 245 65016 38647 55328 42171 11917 15389 63741 62566 55484 56257 48877 35030 51513 64630 6324 3572 20040 549 70890 40520 30614 65533 55555 20058 32934 64147 33624 22466 5058 50356 43607 11287 11498 4193 63980 27361 18423 15680 6309 39355 7265 67610 61543 13805 10008 37980 42084 52947 9155 49684 20220 43684 9440 1845 55792 66629 7259 17777 24202 53666 8838 39561 32137 18576 35075 19152 2330 6066 45865 12527 44027 33117 29447 13757 65268 66773 3335 21822 53940 61317 59737 42278 8845 5574 53055 21763 3643 49405 31124 15377 39062 12718 22451 46195 38438 11928 35787 20881 41626 58892 39422 42912 30370 64681 61877 28282 28728 39301 16500 17135 9029 19457 15870 66686 66036 14847 34898 26748 48628 28173 15952 53074 70550 54286 11439 42398 46577 57148 32672 10830 58241 56243 3590 69293 70389 39708 62398 17867 65501 69834 45838 32511 31419 11506 1657 10614 26690 16736 47555 45767 49389 47954 27770 46405 1241 13788 32878 31019 66037 45607 1969 29315 50575 39008 61711 45759 3733 69896 10907 37531 5320 11111 8607 33814 13728 51711 19141 52673 52838 12707 39792 11151 15274 39876 60763 65713 16740 60150 58843 59530 17056 55437 45310 40655 14772 11356 32801 20514 28561 53896 27985 46768 28699 51978 36059 46380 31888 62931 63890 64622 54889 2529 52715 42702 66513 25622 62901 39261 24229 50904 5858 65266 65705 68408 36218 35884 30431 66129 30231 11649 34296 4063 2255 57910 36494 21480 45580 68211 23750 2039 51433 22852 25918 5632 46631 52984 65870 57158 32894 63665 2479 19870 56719 30597 15369 45230 58491 63103 42952 28000 17213 60560 52940 40729 14539 18499 55613 35955 26996 4995 23776 18348 69841 4342 61160 41030 12641 16869 45899 59076 8883 11672 12271 31450 54182 5981 43762 25909 67903 47516 3951 63783 68463 20792 45014 32970 4761 13016 58616 62273 50616 13838 40483 7196 36446 46552 8210 13012 5679 67999 49363 60362 18405 21723 64562 46217 36138 28987 50481 50806 30914 18762 3979 22633 61886 22987 29380 28355 14980 66708 30244 69189 13522 64061 70485 63116 24618 4883 21401 46218 38538 68557 15826 68345 28344 55526 23479 68733 67064 66299 39949 50630 60957 63158 17310 60296 60664 50919 31551 47016 9828 24587 47256 43296 41505 3090 14667 65638 24676 46899 14253 32792 42237 19271 18831 59816 38394 39263 14722 12875 18833 48416 14547 34764 69459 62742 60447 10487 47183 68299 67474 38711 45431 25725 24941 8939 47413 6870 36370 13469 67611 250 15596 8337 65655 61885 46520 59420 17413 23863 34614 53973 47872 31411 19608 61094 26533 4049 11031 20034 29093 50066 28858 325 6155 55877 57635 68862 35203 58447 54488 1270 44544 20582 29011 18313 16718 15292 21884 29921 42621 18387 34111 47158 5918 58334 36627 58022 53270 19392 69341 10667 47498 11042 50760 24447 528 737 2070 67883 35742 59910 69404 66113 37662 51876 11965 23413 16491 61491 4299 50986 66287 7016 44782 61330 23150 25794 60057 13785 32312 23785 39003 48927 15167 29726 1931 8368 46794 46518 54432 42056 28901 17641 39748 64228 66350 15712 53603 32426 2041 40990 22091 26594 36843 35821 66779 38285 11366 51767 30690 5108 11772 21049 68894 67566 29019 24570 65610 25234 69334 21549 34196 63388 49101 39970 30305 22601 43353 48146 70690 55229 58310 6326 40273 5695 18588 2394 7237 31561 61243 52764 70369 41997 16081 47242 29529 12394 54957 33526 4135 58676 2632 36277 36026 68974 66455 58896 1873 45085 31341 62834 65381 36962 37254 18934 68161 25214 68225 70335 29454 25397 38007 27797 15581 50435 15869 46726 28298 44710 14061 42753 55091 32738
513 858
45848 19062 63168 5787 13314 35169 52774 52048 49476 37257 50392 14471 56957 14079 47833 62842 18579 24655 55590 31940 6402 64892 11893 29697 714 21444 44060 40553 27042 15699 59532 29542 36296 6105 20924 50535 66045 8665 11787 5113 44926 23955 9229 50105 22820 38068 40959 10854 45596 19992 32889 52422 39766 30277 11517 26007 59847 11946 23392 56601 36084 30671 63030 1613 3631 36891 30531 50591 41592 19564 34827 12588 19444 4110 48938 22545 13499 23669 70813 54049 59108 61783 40359 8588 47042 23992 12127 64579 26781 66809 6901 26207 8705 24730 42906 14063 24016 41587 9351 29244 54443 44816 52175 9587 18678 53807 40114 54910 60731 57465 4325 48258 40640 45465 51381 4988 25727 7728 8625 20295 51375 29001 33945 21310 35834 44086 45296 1192 59877 10926 9445 20794 54625 37329 9578 36072 19105 11477 35866 34340 35658 7321 52413 47326 38897 36319 42962 28767 45074 41084 10872 43031 31082 31754 50240 64991 23558 16879 10953 63714 16045 49520 61380 25217 14120 64653 65095 20137 66356 15310 37718 40630 26524 6006 67831 55691 25636 20165 3846 6640 26669 40193 13274 26627 34631 47763 51969 30721 51589 42857 12688 48593 22376 14399 49262 60070 15006 6285 6768 3705 63494 60581 65925 11152 27799 21859 25446 43224 16873 43881 8380 41365 14535 24266 39732 57000 20550 62820 53979 11025 7089 54408 63585 46169 56038 15106 70188 56357 38133 38617 63204 38802 1369 68829 65038 22712 5654 67083 30463 59264 55257 60539 11898 8120 1695 24778 44056 9755 56878 21721 50594 48130 1347 57169 67603 68096 64144 48288 38138 29466 39723 64156 35085 63828 8110 5239 70857 55133 65399 3267 63622 51828 32433 6247 32969 6763 39696 48312 18593 48567 28762 23015 49720 46987 32482 40 46168 4444 70404 65689 41641 62194 63396 62435 59027 14018 62009 4796 63881 51882 21236 66346 23185 60533 30444 26503 14420 6265 63735 70584 25156 25529 1058 60906 15562 51674 11571 61524 34262 9281 9456 60818 4381 54977 44885 45952 34748 17095 42655 43778 13442 67369 56375 7460 12548 18915 17715 62386 42672 36570 63288 30923 35193 51354 45443 63488 14516 60347 14310 20830 2687 31440 16632 44 19417 54413 39388 29916 9231 52303 22603 50306 47732 48952 19070 46038 5279 69052 58837 59648 41759 70297 258 61140 56369 16629 8895 44028 56577 35285 32684 25608 38434 28623 60871 37975 11393 41788 52343 7694 11924 49263 43142 22963 45307 25036 19383 38864 70084 30040 45900 34069 12563 17863 34617 11460 27902 67796 67802 28956 23630 49169 10330 8317 70265 11128 17658 18231 65659 17526 44996 46122 30171 1291 26374 7473 69203 13743 7963 16360 65899 8694 11045 44117 46905 53373 55979 43938 5766 61605 27073 68714 22374 32057 7775 36779 51334 2374 28117 7977 6313 1590 1014 36510 64599 23850 32522 68190 23969 38084 50295 1667 62028 31918 32719 9784 32016 24167 36631 16425 35790 50346 29869 28022 13979 8389 31691 29957 10268 60791 10102 28763 12070 16822 66881 69755 6098 41925 28992 47630 12620 25673 55310 47819 18745 26000 49939 49944 40727 12433 13283 26272 42028 4853 41485 40365 50827 32362 68798 10665 23938 18171 45585 25299 25368 25846 12608 39934 42601 53148 9741 69520 53461 64220 60473 34023 46701 61235 20885 42752 15341 52280 8126 15955 66574 40399 57130 33152 8823 38374 2051 57505 40320 45824 1158 58661 55416 25263 49828 48530 10886 40634 57426 45423 40618 24116 20094 23579 8022 21610 28544 65853 2988 64800 50779 32624 34075 16107 19261 54482 26449 36320 20527 70893 10250 49588 23952 68027 12353 22681 61354 47126 10963 51115 53870 14306 56233 9289 48569 42484 44533 59861 31431 3385 25546 48265 70012 25530 69253 10648 11837 33019 62373 40842 21860 20342 51103 10736 42223 57369 43426 62388 31845 20635 12541 45453 18067 2252 29130 50167 59287 20461 62205 16663 23570 13711 62890 25519 3209 51822 5575 59559 25328 47415 25680 64698 39230 45734 29818 20204 4189 29224 1096 63975 26634 7083 44184 60522 35428 18550 25772 59189 2359 33504 1042 68429 61238 53262 70161 39420 62131 68943 25196 70814 38845 35204 57747 6629 22495 25280 62342 46463 32350 40196 19223 43086 8691 4679 52077 1380 33708 1890 54327 11265 16505 10890 58353 60816 29364 13765 21048 28756 48525 41754 34759 5409 16834 34346 21211 2014 36047 491 18475 56788 61904 9010 49202 52346 62476 49534 53813 20065 43218 5075 3175 65934 8684 68889 52463 44380 6227 13468 18855 6256 27624 9946 16255 13165 65981 3599 65688 43676 54604 44517 13406 57030 39016 25859 19112 35672 25592 34255 49043 19866 61348 61796 57207 51710 22033 4712 45898 29506 55973 68578 48121 39591 45729 70564 44081 70917 61615 45375 9809 36130 6423 58689 40454 58275 28347 27889 66473 64801 33804 32178 1469 31320 35425 208 2079 20836 55051 49666 40802 2604 51781 46947 32854 51842 870 5066 9270 20565 41900 22893 69300 62234 46724 34857 54269 52632 44590 40456 59405 70078 44070 67150 58290 41255 24770 60142 12722 64443 53177 30501 20935 57880 4752 45166 35859 38357 60895 66202 29013 29004 35841 40566 44520 55008 55157 59650 58964 57135 51600 58480 65331 45063 49161 30753 16504 8540 2436 8682 20993 51786 29471 56148 19294 54155 35899 35922 15573 46332 5539 69077 22083 57145 57237 57283
296 864
35634 68823 62708 7592 51311 20574 48764 33707 26079 13501 31138 50960 6394 38468 16011 67409 62259 9936 17838 23772 64881 42497 24421 32637 55500 38019 29663 7647 8230 40793 18414 51514 63298 26443 16014 58403 58858 65200 32462 52979 31028 33990 15595 54765 7195 42228 32758 26110 63789 33461 54198 63183 27934 65970 65386 65598 32331 10709 24478 70545 27293 30486 15088 13526 53664 69987 22282 47264 8719 25140 19200 36882 58817 58124 7031 46488 50800 47823 28719 25119 19907 63290 30675 63726 1162 19767 43807 62544 46148 32014 20943 57015 33463 60540 68217 17242 36667 49000 34277 26184 16953 42352 42905 32527 53261 55533 69903 3366 70421 8357 33396 48225 15229 19435 68917 38966 3206 28716 22934 22203 12219 61388 56358 42397 51306 55975 44022 67558 69797 15139 28019 14218 2558 29591 14625 32257 8550 15110 23496 46214 34961 24418 12331 20610 64407 13821 26259 62709 63694 28202 10047 61793 65466 30722 5701 60582 35046 12598 51791 24518 51522 16803 65040 45751 27206 64339 54865 69205 38378 6997 61552 31684 29773 17599 22082 6306 67920 27375 60385 3547 6643 67983 10548 2627 62447 10674 42436 5735 2462 25823 67458 35683 17572 28482 56106 55589 29247 23462 5458 32632 61908 16055 59207 44422 10658 56537 57960 66808 63831 16638 69215 40609 18420 28268 14231 10913 17523 57170 29355 4467 23728 58069 39637 44545 20841 2234 53875 27404 61005 3869 21703 3646 44826 27931 68231 53560 45604 65383 35222 5932 43103 63924 23842 32080 22539 41077 12924 10417 49663 19368 3176 23685 19760 4725 6467 56752 24644 8013 51581 6583 13382 48376 66029 4825 56029 9761 16911 23921 30911 20674 18840 68824 29300 67682 62521 56064 63772 15178 14456 67532 64897 63223 63928 9025 54658 39199 64035 31571 6873 42150 10385 32005 56990 26943 47349 37115 4466 46302 28669 68851 19773 31008 39285 30738 33321 63912 4526 25761 40102 54574 44839 25113 23227 35946 1822 35751 40463 46994 10775 65120 38512 59138 28823 34462 6086 4196 68318 65560 22927 34184 34066 38633 16328 55854 67568 35328 21755 16583 64011 1897 25044 47564 25685 38181 58195 28378 58094 34291 28675 65496 52955 39181 57763 62118 3506 26535 51192 25444 42405 34243 66264 15923 30338 47643 11132 18476 24689 63084 49812 13837 24270 49 51238 60242 42828 64159 14731 17030 39616 46550 36589 47847 70728 56902 61182 45342 58207 48790 55784 2808 53183 62315 40808 52272 50361 6573 33828 58671 61462 52457 43334 25520 46043 43927 50383 19031 67714 66303 27402 30556 43068 8361 23267 34344 59252 49047 59794 19255 22256 21032 33747 21748 51079 12189 33043 47473 9387 26900 21579 48601 710 37642 16281 57007 55384 35571 25738 46316 48940 39147 60157 64618 7769 43973 67169 8932 52258 9765 8476 55924 33615 4238 69873 6045 41308 21514 46314 13829 49236 23594 22035 26965 46456 39701 23563 42609 70249 43856 2247 12901 60065 33788 4434 53613 42108 34313 69353 69742 6575 5901 67557 65686 4809 56200 63382 33207 37572 61449 8324 19426 15136 7034 70338 25831 7185 64838 37376 64983 3739 36407 6434 18747 10906 50124 10374 17103 9854 47383 34397 57334 28837 35151 66530 9835 26094 61185 50761 18861 15148 70807 19705 34694 42944 17416 70792 69173 46771 68473 48399 6212 31153 65041 45379 15071 70805 20570 55805 26693 68369 60857 22686 1285 60474 5516 49600 11554 40748 6141 55607 63806 22930 27750 48236 52339 7961 34947 6421 2619 67800 46097 57875 39529 53892 13234 30641 30118 49613 531 3226 69686 2150 33755 36341 18296 47036 39707 40560 21207 47111 51910 64518 41782 2923 34032 64887 24670 21551 8644 21265 28891 50864 65624 35122 61916 10531 48881 9452 65245 45373 3369 38187 42401 18220 6065 47485 31034 339 31067 52328 6189 30771 40224 16734 37552 13110 69183 14235 7387 42322 59418 26864 5684 64507 57701 9993 14416 15191 58970 59715 65717 15768 53065 7359 33913 3355 22302 14883 65364 18863 45529 41384 49820 4991 67084 62952 16120 21997 59144 47537 60646 17851 63578 24401 431 47729 39676 35711 29760 35117 66293 44471 36654 66921 3549 3849 16249 19323 42179 23600 29862 48937 3221 37523 8979 45428 29503 38054 63697 70350 15759 48857 33553 18780 55694 34413 30287 70115 55295 11789 10876 33882 67286 31906 66488 15806 47877 11217 15787 49734 45278 44902 21949 66569 14441 50828 34943 33399 15156 33055 37689 18431 1306 39324 26114 3545 13745 54782 70679 44314 54720 18946 45679 37684 18091 21775 57902 9084 1333 42513 15157 3471 33563 36884 70351 32605 58101 17480 21929 48378 28842 12246 10276 33831 13664 7641 28821 63948 10727 60210 14523 68018 21896 42233 23205 67453 15572 40779 16670 59831 46092 29345 52315 52630 11129 7288 22857 23673 44906 14040 31829 26605 47222 47430 69994 30247 5748 21056 55910 25681 20194 41905 50134 61277 35555 48059 46398 36989 57769 39572 8113 63684 26476 68123 60271 66335 53031 7005 56383 14544 32020 70145 69368 22976 1607 1112 948 49511 54122 27630 42272 67719 67779 43283 65256 67337 41907 585 13582 58473 8202 32316 67122 41193 1283 69975 16445 9912 52980 6300 41843 13987 59084 4144 35272 16058 21918 64082 23933 1008 4330 25549 16348 27004 6111 21642 33583 17628 2152 41300 70055 19086 720 8970 64543 46384 15747 67060 36353 63057 18035 63258 61353 61417 51182
405 863
11331 17327 27702 5334 52705 23854 35265 38705 24574 15622 3204 59772 62246 30516 34835 45950 54597 44525 62614 66536 40410 9841 42750 30402 16728 35029 49368 63061 62993 1800 33357 22264 40125 34656 60931 5606 56938 14742 12772 58349 42008 63548 37303 2355 48064 54113 7580 57249 41589 57025 16393 28453 65615 31796 65061 66096 50205 26252 33662 45212 524 36318 13741 64508 33384 4804 13255 70556 49074 46184 21969 54884 64248 59438 242 2423 4921 23443 69070 34457 8822 69845 20750 52347 60549 32641 3808 19104 67267 22030 17114 15240 48129 19519 56663 8328 41541 70243 66669 23813 49214 57442 16994 54677 22822 7218 67560 33444 68706 49093 57977 40749 29654 48627 42339 45930 52454 30792 40789 2203 26700 4387 57923 59410 122 59638 16797 1751 4008 31315 16508 55663 70835 5412 68621 28455 32803 59789 4972 56363 46710 49247 24911 3167 42997 623 48923 63440 43606 29318 17595 55752 68494 41218 5429 6590 27988 46874 55292 19095 24119 19191 3241 22129 40986 39240 62548 48767 24659 68343 894 66856 13676 51506 15584 6652 38213 38255 10207 38241 30731 23230 17343 68553 50058 5198 51777 1975 37538 57083 53730 49649 21262 3457 55108 49867 25409 29154 51725 36461 29470 10471 17269 16880 51308 26138 41480 15198 50787 8754 1862 38180 21832 56046 48907 12396 10952 49870 1072 43629 25777 43384 43651 42942 18789 48198 11815 941 57103 30683 424 25537 27676 30060 14024 33260 59729 21120 1892 56336 189 52276 22531 31260 53934 19306 65361 813 1566 30668 39318 6140 17605 54914 27406 19407 12155 59765 14785 70587 350 21005 19305 38239 15986 9442 36113 12464 43529 27311 64828 25181 2762 26742 25384 28622 16554 4072 21438 66453 54252 23342 15672 58148 31584 13578 53161 51485 23608 70440 30178 31328 32498 33233 20899 21289 62352 44036 21988 37181 56108 33264 34016 20155 149 58969 40647 63111 59294 47534 64237 23282 29587 70877 50462 58226 42480 37659 56182 43797 39952 54386 67386 51526 6029 70194 45534 68289 27349 20460 68492 32309 26682 58185 13361 57109 49082 12380 39249 17255 27278 38423 45332 39364 67426 16 30873 50955 35511 29821 16056 25712 38071 17929 16957 1907 65121 16470 35281 643 6970 56142 36711 21133 25575 66847 53753 14031 59964 15183 11569 18823 61171 47754 29434 42795 5456 70443 65181 62070 23301 2963 55033 65544 70548 44915 41959 47434 52093 65318 65721 14356 61360 37208 40627 48882 1785 20305 22595 404 14899 32904 61798 50193 3537 44228 54694 40604 9767 63634 47339 38219 14710 3115 62111 69114 26680 43255 11514 11890 26448 69165 42976 49620 28370 16902 36232 60538 49469 8749 63241 67825 51704 62557 44299 26866 50508 18691 47825 25507 23684 23358 25513 54663 63342 6642 52531 54734 43701 6929 23828 32105 56813 23336 41119 22759 66420 47067 7103 23614 23676 52143 26498 39823 5139 11937 4100 54275 36053 49375 43650 19451 69095 30 51404 1364 47048 17344 65101 41023 8942 70573 60086 48371 57924 15408 5791 5798 65275 9141 56548 23881 65373 10443 7475 5123 66040 42305 8635 23245 35996 30554 26787 35036 69504 66479 64621 51798 50039 10425 61946 43693 39562 38096 38952 66216 7215 25201 58306 38573 46404 64831 14541 65956 19814 69194 31249 124 15668 42571 13451 56920 17861 33216 31758 25898 17937 357 68409 13268 61139 24349 54203 28236 64573 37126 38393 7084 64454 1261 65421 64868 20726 63960 9000 15892 31823 39926 70650 11717 69105 16885 5086 67195 37956 44869 23510 24035 19489 66710 7796 67221 32530 38257 66100 36475 33358 19540 54464 54659 17893 7680 56490 18841 11382 26002 13807 53292 30730 70444 48537 16735 56086 5330 1316 52607 59255 52858 16173 51496 8089 61814 58173 46386 15050 66161 44896 39189 35351 19046 54069 45628 65333 55928 58362 67635 20471 60268 47248 44203 19638 48897 16482 13559 12364 49447 70321 17239 10456 4867 56128 2183 32187 13069 53935 55840 46007 68683 39236 15112 23330 4258 26162 3963 480 43553 33994 2887 15443 67736 8507 33623 60990 23686 69708 8930 24464 6369 53063 31416 42400 34359 61929 61198 64485 60777 57885 13844 54105 16029 1949 44909 24566 30734 33319 45327 43697 5483 25135 62364 6856 34477 61859 31201 21020 7634 16651 47467 29695 66240 10398 62075 3576 42677 38083 44374 66400 59793 28457 10150 38039 55948 51035 66684 42950 15250 30904 31892 9543 19756 36443 11038 11544 9764 43429 31467 39293 21537 10995 55592 50504 11713 54920 67754 9833 67994 2171 118 8995 9376 18515 21630 18845 27148 9447 26152 33188 12324 2578 70742 22620 7050 52209 25669 22526 41248 50087 19264 44953 59522 512 22704 11810 31756 23816 67554 27137 6068 30644 6888 62817 39641 27597 50219 25078 13648 40992 69665 59732 54507 15707 46296 48844 36599 8807 63522 23263 48322 45535 63312 62706 38295 17271 19617 45517 30896 61678 631 37574 52873 23687 24274 20738 47680 57085 1403 63331 55269 21189 55386 59741 1180 6147 56287 68385 55276 32782 24946 59549 48385 37998 61586 9714 44983 61445 40613 66953 66146 35249 7823 13847 35872 42358 44573 64733 70675 59238 11047 39178 23032 44884 46294 14286 25486 25767 58845 31186 22715 19565 62141 48454 35981 54146 12426 10481 67828 26921 59751 65913 54164 19398 48117 56326 27956 7513 9636 69129 3598 34391 16098 5971 32619 51120
167 817
2675 22022 29765 36644 54217 24407 44717 13166 7383 52905 9132 297 39760 43747 24719 9427 67653 58149 3210 1182 64058 25656 67391 35650 25586 44253 13673 5093 31372 14508 33513 16517 4327 47160 9743 9627 22606 8545 66022 48108 6128 12583 64143 48290 16512 28616 12420 26766 54204 36527 36747 68649 11354 24843 39517 53490 3917 61661 61963 42885 67671 65985 43750 26102 19669 64059 45732 45845 34770 33932 24249 29528 9907 28579 42097 63567 44143 69227 49019 6628 24732 7277 33382 51988 60706 44383 16730 62781 48625 30252 50181 61781 12444 44598 13927 18632 20352 3056 12232 29419 41804 3800 57421 66503 20829 46058 8310 33587 21605 28882 21087 5349 12839 10231 44402 57726 28206 57531 52518 57750 19400 51609 52760 34439 9700 70258 3062 36105 44532 26560 26989 62866 11004 33645 8488 36205 24893 19094 28237 57120 19351 62573 244 45978 55693 6021 18513 39473 24003 39874 9479 61420 57986 52166 22808 8938 19456 42152 28167 7396 12196 68505 61304 28656 31519 57947 12172 57230 51635 307 62374 57861 36606 19385 13398 59439 15008 4903 68972 46868 40127 46426 30047 14589 49295 18783 18081 50005 50021 8849 70006 15803 18442 57482 47254 32200 64196 20009 55158 61217 19728 44553 36818 14970 1288 69285 13289 58860 70715 40349 47772 29715 48215 61290 69372 63172 68658 48283 67673 31991 32670 10891 69295 57062 61570 69190 20628 7037 25997 21201 21570 40231 15887 12429 43025 19915 59652 27434 60915 67309 45456 70473 40133 26355 36128 34205 54944 17230 29987 11627 14635 37600 44495 61351 23072 47671 68517 23355 5503 68170 40092 24708 38183 20474 45016 57606 27979 63461 43216 30978 52277 6636 66222 46811 36664 16847 33057 36005 10244 21517 9864 6724 50232 57695 9359 60024 55272 41018 49416 70647 39768 31984 5598 26387 51569 40121 31939 18400 26818 46208 12183 31501 27254 13190 42981 21898 64314 46730 12265 6151 37774 65759 62013 57783 37199 26039 8710 27405 56676 33065 35582 36193 8670 22701 4052 64668 65222 47078 30405 23216 50157 55322 39446 19523 20427 67750 67936 26978 28939 69292 65502 59426 41781 19665 32710 36769 35317 31680 10087 65654 37929 55380 50182 51989 6095 24715 69044 51278 828 35467 27276 68062 69075 45255 41164 3482 14459 63842 39979 3959 49407 70562 6923 66366 57267 61705 67399 44640 56637 60997 59795 61897 52296 5710 35124 29015 27244 11159 13159 62976 979 17382 26481 65726 42747 59685 21050 31505 6248 25388 4019 26915 32123 9444 34422 7990 69088 15357 22381 43330 37957 9820 37499 14518 24890 36209 61059 42833 55127 55934 67249 55249 41005 27287 16890 44505 34919 3269 56540 21292 18775 10242 42878 51892 28068 67240 59555 16881 6827 1637 23744 17925 67276 9857 58486 55619 81 10634 66679 21074 12357 4727 52744 51366 57963 62116 23607 38889 47302 12062 55637 26213 31803 1988 68040 66116 62448 44652 11231 42341 56810 13317 29727 47904 7874 34639 7604 55373 35302 40558 50593 36349 29796 52176 23715 4433 54754 47041 19029 37787 21992 42636 10092 43037 14769 43569 35447 60138 53448 40248 50997 16369 24961 23723 22523 13138 18196 26466 66170 40762 10220 16593 8404 16700 68728 43520 14083 16259 50176 38358 37017 29721 21727 40546 55099 30933 32295 53651 57825 22789 7758 56791 48188 9845 56246 38487 59679 39541 65048 32805 30672 61507 880 32859 46958 50284 27905 17972 21009 10033 48494 23928 41430 150 16087 47730 11225 27623 3065 4702 48305 44326 36841 20215 51123 62286 52446 38367 18006 16169 22425 7835 53173 45336 36219 19292 4996 22378 64200 58421 18011 61406 51849 50156 23959 37029 19081 3900 59314 43819 70007 13704 37639 54374 8660 61913 57790 66179 19940 28401 68210 31012 19652 43375 60568 31230 30124 29127 25117 44959 65186 7038 15165 33969 49245 62335 43009 55806 34508 43303 57712 62300 54569 14097 4353 18704 13174 15575 22181 41305 52374 61751 19766 3527 51094 60738 68768 44310 16038 8955 57780 26394 41034 46178 56856 49299 37836 69142 51409 45559 38691 36825 252 5468 26406 65397 4168 35212 32587 12260 4255 20160 38730 54179 15456 46151 17518 31897 67582 4537 58167 16793 17179 29612 57056 70035 17261 39171 42016 50308 1711 63920 45749 17873 59991 66932 24288 30755 69749 27456 44109 38214 64352 14003 12705 35642 32998 23380 36565 26576 36372 27458 60903 1618 22220 37290 14365 43299 13046 4785 7268 65532 16605 26677 26711 6391 56729 24316 53249 30218 36067 51963 57554 23534 46761 27518 30312 2412 40698 45860 20175 51234 64292 12621 18777 68493 22310 60847 61332 26165 69272 57163 4753 64447 26335 66333 69826 16285 9324 55232 29527 41420 3662 59684 13903 58365 1888 68011 31755 25064 69261 22252 20402 12696 14430 21024 15643 10014 49016 24529 68821 25448 48315 7731 56845 59553 1944 41633 1699 45878 9384 65242 19443 67863 32445 15555 3051 18201 6080 40731 2184 63470 49683 1491 14141 21894 54609 10497 44365 65557 16693 61535 20768 70065 35254 31308 19203 6925 5231 50362 48668 16005 7829 3867 20290 28495 8058
94 790
48744 68969 59085 38582 59489 67864 34699 20424 18335 68582 54315 54845 56270 61220 57356 38533 67518 58897 34865 8801 52900 3440 171 15720 24304 50950 33533 50626 60535 8600 40844 38146 20277 30515 61624 53397 27633 3893 54554 33012 69534 25433 9785 68269 56394 21829 60584 43809 24244 26623 45972 28382 34920 66407 11558 44973 49597 16710 52819 29510 58416 8768 37856 60892 39266 70019 33292 49697 26545 27469 67110 49641 42143 61426 12946 32890 12191 25975 21442 13438 17474 26268 64922 34027 16338 48132 19244 15239 11495 15857 24102 14207 62143 66867 49557 68519 55814 16783 68764 31765 59390 8200 31317 68587 64815 24723 58484 22737 50248 22299 4680 52861 34030 63545 39161 56484 27027 2815 42756 37452 48823 44074 23391 48139 56611 35739 65612 43106 61573 27691 30625 62497 2354 64381 40214 3868 25453 45760 44141 25806 15945 59178 9633 17918 35800 7132 7787 3825 49190 67938 17545 55966 14707 48151 24329 50617 41337 66057 54899 20842 31353 44225 43408 66294 17546 7389 38480 12526 65778 34979 38619 4147 64888 62803 28466 62620 28742 18667 59804 8690 1537 18258 53127 59837 1256 9803 24279 18641 4602 44464 36471 8018 32831 57770 64019 38834 57307 2141 8153 49305 68695 69316 37198 36050 59726 68326 51961 28498 54082 9536 14894 47398 34557 45713 25099 47442 70644 42157 35226 52037 47164 8760 37801 11263 16874 28710 39455 52742 51480 14385 62805 22263 55046 69905 35975 26837 8406 23626 1781 8577 52305 36912 33300 70646 20233 63588 10538 10742 9016 54124 2981 23836 7300 65366 33559 9149 37024 6136 43065 8291 33299 45904 868 66725 19785 42500 44281 29075 62263 15837 34809 6404 69042 16489 60051 13233 29334 41841 25132 35989 50466 67212 4910 63790 39403 14379 35706 54348 18761 22458 19783 32399 45243 42360 54661 64148 13670 30076 24126 14797 22290 22446 14265 28725 32880 55701 39648 43173 6563 46588 359 21349 30033 19173 13860 11849 28836 68603 27261 68219 20128 69068 48237 9133 54613 65281 51986 6949 21479 24694 37188 63413 31953 26291 68071 66435 13784 1506 7759 65491 68082 46484 49038 57658 12401 10703 52017 27642 3480 32666 14362 2096 2571 31943 61168 48675 50624 14357 47376 15883 65816 58459 65287 5986 34894 44878 67913 31629 52001 10343 16871 56495 25211 68529 8125 56185 10639 504 17831 56184 41112 65743 26832 11130 68883 49193 43979 48925 39096 39650 28285 49795 48189 23914 34670 50304 45146 37333 46126 65243 33703 10605 2542 57229 17796 32781 42585 65872 56989 382 68058 21440 61826 31404 9829 40687 11298 7296 40860 33086 9347 6693 61145 36755 58565 7971 43605 24753 43447 10708 45542 41976 16367 46993 43369 53819 40619 16044 50603 5795 12186 60 23321 18545 40309 51323 3030 23535 12834 45065 41123 57715 39753 60657 21878 12599 20003 59087 4236 12436 58197 45303 26141 41617 23977 21297 48644 44257 41140 679 39540 713 52284 36224 51957 33706 53006 63247 52473 20209 67322 65777 24739 66548 43401 62492 54736 56013 3696 30404 60236 54444 68942 20380 57333 70309 69729 45530 64889 35663 50631 24408 64017 11708 11013 63139 31070 35875 15924 32944 39713 60512 50745 65463 45959 48990 39744 52140 37978 38658 26525 63579 10202 53500 31920 62849 55551 65979 10586 12784 47929 8107 52024 40221 46684 59094 48147 58431 17484 19971 32351 19092 50536 67043 28156 65919 13832 45093 69212 49032 53736 31524 27113 42728 27299 42393 50784 68319 14011 31305 64245 64651 13713 47228 31031 29525 58186 4069 3289 69178 40686 65592 59443 14174 31731 52254 42164 25943 40350 14149 27952 25202 17150 67586 35666 39112 9941 30524 61382 43368 356 19594 17192 50840 6442 34002 20696 63807 62910 28869 46326 19229 50224 10137 24490 24977 24530 57921 36582 12640 27117 25478 15718 40385 44547 22749 15851 41716 44290 69481 22390 37545 37234 15121 16480 41336 27068 22505 57881 7424 68126 47361 44743 55629 66005 50303 19947 33047 41951 61221 25305 61868 16138 47002 15527 17655 61981 70752 56671 32711 3023 62216 62563 41008 27840 58700 32922 25437 28096 51248 29384 49882 63844 2705 1437 20226 51218 47850 2895 66721 22216 35886 15479 12827 39321 6885 248 35186 57098 2955 61392 54664 42847 34392 7821 6928 44904 553 31064 66344 5136 30018 44917 4218 37398 45609 35954 49915 29769 20539 47916 41686 38332 32654 6322 22506 5072 11192 70849 34418 17568 14394 64140 43204 3890 47688 19497 65776 43436 15485 56164 55842 31702 38924 36190 19691 21365 15805 35329 59850 62032 57475 17175 54004 63211 53202 27092 34762 51201 18805 64930 69631 53681 53064 37431 13694 18264 27760 54930 49139 47803 52423 42253 16759 25065 52038 21314 62035 64954 8542 22515 10522 13939 20613 61559 32275 25890 16137 28330 60617 58006 5736 67706 55230 14254 53273 28734 22733 51582 37470 2706 51949 45888 52136 48521 5778 20162 69549 34751 69610
107 787
31164 70501 64402 33171 37226 11072 46045 20229 20285 20450 30041 1998 34754 67632 31302 67351 25026 19430 17977 32480 6052 10303 58460 13560 39254 70518 34963 24795 65519 54101 34091 26922 27510 17348 29545 8307 24865 10593 53240 35508 29526 22835 69235 64221 33070 69419 68230 23442 9300 62339 4999 24486 37300 51303 37231 51025 13555 5676 16277 56207 17792 67758 22147 28446 17800 67969 66613 40697 23281 35921 34632 12889 60452 46205 34095 202 51652 54083 33576 40585 70469 25820 2476 49880 7529 37118 7451 5809 58026 53720 29183 42708 42182 58926 57391 39584 43380 29517 63428 29820 52207 58638 23841 15416 21917 44607 39205 23284 33643 70171 11590 27179 52787 64781 39965 46691 36550 51714 68732 29960 28239 44648 36329 15056 12439 55116 16366 2850 37214 4263 35114 27670 69456 7073 45549 60045 36663 38906 7948 34191 32220 23229 12469 37960 36343 35968 40331 47047 3754 4550 15257 52050 34485 61998 56899 3980 45620 33389 44041 50825 56279 46175 67350 15498 5329 46472 40508 31050 27817 13047 50088 67843 43838 41878 21509 19343 32342 58103 64173 15095 21504 62989 53326 68098 31835 40412 8745 37821 36529 32928 29623 63000 26256 58325 13309 12547 42300 60109 17067 13083 16374 66173 40480 34989 48436 28811 32430 59141 27432 64235 27838 13137 17524 25477 23515 54639 51325 46318 62092 41688 21536 56600 35069 58254 52802 23260 64909 48965 24903 64884 42763 49785 7447 41185 39837 15550 65978 29577 18810 36831 23044 25525 56811 27175 64362 21089 57278 42980 37436 21847 28212 44139 49303 70493 29723 42799 64176 31068 46206 6892 66306 620 4979 13602 48498 25039 63080 19332 23147 53894 15411 61306 40661 37205 22218 4075 8426 68866 46544 1810 40726 16395 66013 36389 41277 28329 41192 4850 42852 38835 2999 27675 22961 39506 14648 45103 47296 56376 54859 64913 12573 18979 20287 5995 29566 14412 41671 48705 26515 28700 33141 28707 56269 43991 48091 21651 53650 48673 56693 39413 60021 3719 12791 13519 28280 12344 41989 17279 9757 51257 14919 15432 29923 59887 6679 17091 54752 44646 17351 15644 69886 16692 36147 6315 42593 59601 47828 39461 66543 55268 45324 17950 45422 45576 37542 66219 46349 43252 24852 68841 57245 25081 33372 25393 53393 12488 39856 3105 38234 15861 65692 57648 54459 40745 19041 23796 67979 22244 47168 43350 58378 1635 1773 16768 45757 13429 31947 36449 58646 22645 37673 47700 23365 16743 21358 48320 34168 178 45389 21073 50227 58955 6406 33424 64729 48260 26276 47272 762 46530 65327 65552 19902 23643 54674 66465 66471 35472 31410 38212 12799 55088 61534 47226 224 45493 66880 59199 16631 65164 59899 33561 60030 57707 64201 10193 31608 5171 12291 47127 37009 34076 1500 23055 16233 27283 57974 15040 65681 17309 44519 19210 1881 1107 65569 3582 12104 22315 6191 61734 50015 38611 17094 28732 23178 18243 6532 40246 7926 32139 67641 45237 43983 38120 66245 47868 64998 7464 67096 25174 45434 47591 45575 63730 19158 35380 23148 18906 1232 5399 54628 49490 13287 18640 55567 21663 54542 15535 28683 53456 59981 70648 20386 10380 68249 14472 70196 44647 4427 70301 23589 27415 54599 51337 68255 9557 12398 5680 28973 24347 48461 20309 28867 42017 31514 53848 11573 53512 15665 6160 50482 18208 12459 47809 56348 7211 23605 46287 11941 46980 48099 69207 39882 42389 13967 65134 6977 1262 4789 7732 25908 17577 25999 16707 13804 52800 41555 60165 7536 46956 14387 1764 40671 30808 45725 35843 9861 59332 15994 65340 7799 62411 1724 4901 70541 17845 42709 60925 40936 44478 16895 41531 30609 10954 21908 21123 62486 18599 62558 32636 10066 27327 63135 8429 68253 11035 62934 24180 37086 11515 63486 45747 56799 16376 43410 38734 57464 33971 24246 4848 59955 46886 33239 28400 31219 33210 6053 28166 19993 12939 64199 18724 20559 36312 30592 28429 18249 33002 17394 54820 43716 24611 63029 58801 16499 32837 12418 49342 57705 30128 5548 8115 26771 23433 58003 32091 57373 70245 34506 30292 34763 13690 38964 15974 34799 18415 69964 27578 64683 10226 25161 45490 18961 23240 44324 38837 20494 40071 23972 3694 69593 45024 10852 48382 1111 9729 26497 67519 55646 64926 44811 4269 29174 649 41812 66823 25050 32164 68591 60768 44690 41529 47902 1233 54767 11048 52497 34806 37032 68237 52582 45460 66805 7707 22765 39790 63611 35910 50129 68662 41712 49475 35510 41073 2307 3613 51196 26263 22892 44062 49258 62725 21111 38735 70050 23988 43624 28792 25837 57288 18478 57057 28368 12699 8394 6103 50458 69889 12927 29772 15642 25387 46568 30004 43831 22077 61530 26283 37606 26157 49062 37361 45983 59537 10641 45095 2742 64051 34676 62308 27050 22359 40567 56985 47253 49179 45258 65966 53686 55739 16896 55900 27233 17017 2972 17330 21432 62488 23603 7442 56790 3616 24169 7853 22233 5957 59341
451 734
8312 61223 46967 38999 35840 23583 9827 60322 17441 11597 14880 13566 49956 13204 28216 50463 45393 3928 53502 50677 37871 67449 42730 63438 26332 14155 51286 9998 62378 68588 42690 68898 68288 59672 38565 47203 773 64326 19614 69417 31654 70250 36907 47580 67850 27337 59219 50891 12437 39089 46028 38754 29324 4970 46857 60836 13840 8131 54874 62119 64877 39844 32229 23908 18746 59124 28786 41230 64540 47689 56572 61765 63985 50833 35120 19322 46114 53126 53464 7596 27828 49158 7930 29717 63716 26703 4636 60066 19134 27281 39681 55206 42769 32117 49118 36535 54834 12299 2942 40588 39248 7747 11414 64365 29917 40863 16386 34236 42897 21893 35600 68818 14206 43153 51019 45395 18939 43044 23382 51052 26777 70538 19949 51206 65679 11689 14726 7493 24563 55499 60038 34287 5656 68056 24312 18254 69538 10304 11795 23932 32478 23384 61691 51573 5486 63007 55422 39376 38042 1293 36850 43344 35743 52471 65835 1365 14085 310 49510 40538 66248 50160 15833 2268 10295 65137 10031 7788 23161 65485 35893 33891 60953 59121 42956 41689 28717 2651 66298 36338 44558 62181 7036 33907 46580 11407 50961 59172 30495 26539 11028 25491 63994 36012 64146 37366 41659 65091 46706 52603 2525 51947 25380 30024 572 45916 9422 42823 10329 7622 21984 2098 54073 65163 40662 47027 15352 20988 34856 68334 11050 50976 30974 50324 10948 68363 5847 2020 33740 56588 4395 52224 2048 66654 52884 14022 67324 21887 38558 59621 40770 42547 64509 53307 6349 27047 52110 59230 13530 18540 34040 25398 29523 42186 52812 8020 20701 68351 17746 18648 3033 21467 25798 3961 39941 66585 33946 10946 68656 14982 3626 42010 61755 50860 36243 30942 38523 55517 55731 32172 3649 27258 56404 32142 47262 12585 58322 30086 32162 26783 64255 64833 55385 9312 34687 16286 51359 49707 17761 28359 38621 29110 3228 16690 10629 28723 13300 44755 15286 62049 41623 56173 44075 51395 18774 31105 40177 3704 68390 40667 58176 41573 54465 64587 36753 53462 10055 40968 32900 12702 61856 47885 64721 55049 65432 12758 9713 63031 25543 7236 11845 4711 1688 26308 53476 61314 31743 33693 37703 6271 65706 21655 57599 62018 16240 17790 34677 19226 28075 70487 47156 20640 37207 25090 8785 52341 69462 14556 28695 21445 27900 17991 45505 46744 63594 14784 50267 220 49854 23416 57354 39794 36833 2385 21806 14527 66508 59551 29401 63058 57580 57227 21296 1600 32825 39192 39623 54271 58744 38517 50821 6499 46352 68877 49746 49222 57655 66128 56909 15267 31567 17998 15728 13633 14892 24376 13421 51762 62174 23166 35613 11322 4776 13229 18480 56636 7762 10607 46164 5186 69084 3106 47832 52142 51865 61606 28886 10492 63987 52579 2033 5184 18459 34273 8150 43171 53562 27074 33477 10585 63752 5315 49682 34181 67492 17824 24038 27314 69629 30728 26911 60346 12082 57226 2283 50139 3307 46015 33917 53309 20934 34697 8611 21707 13584 24485 39375 17922 65125 39659 33562 2916 53615 50279 32311 7794 13990 14179 2305 44262 59349 57067 53305 36241 55208 12956 36636 28339 59237 65665 40267 63526 25315 39165 18038 12008 41473 3574 50771 1913 4053 43796 45995 64571 44475 65709 22288 27500 55034 67746 55705 38098 64748 50652 24650 44419 17667 58963 56954 39208 33306 5433 55492 35003 4517 29750 67909 2832 2449 36694 233 48700 49423 7709 28790 27309 48630 34501 33273 59913 64671 9692 1836 28680 56420 20173 6201 15322 11497 18215 41299 4591 42651 69803 48362 57578 57842 68907 44351 6192 33426 62380 54303 57989 55330 8788 27769 20506 63439 17008 15732 45162 21151 41503 61710 28617 44047 61033 1083 29810 4767 25860 63834 64364 176 28582 1920 12669 15197 58979 48834 68730 42174 46602 46374 10074 70401 29575 26202 273 6085 58781 69872 25723 28187 63536 21572 36948 61218 2103 33238 2933 46388 13928 48918 29850 21450 10883 70722 14077 13443 25427 26413 24738 48584 24128 59797 60682 25008 27382 58915 39453 13675 27804 11631 44150 42605 24924 3374 26427 5655 68068 42664 5360 12038 30264 2088 17885 49058 61674 10128 21901 34678 17005 68731 38751 47091 69722 54837 43039 4184 60598 54596 46 51808 28870 61670 15682 18631 1593 2508 19195 15078 48178 18234 55400 23761 9722 25875 2376 45000 56554 27704 30559 1243 16511 57385 59900 30184 20940 29299 7888 24452 30982 8177 4635 35206 66519 6974 46906 22678 49554 60413 4310 2401 4458 55673 12733 27103 27128 744 21326 50080 70652 19616 38127 40179 25878 11546 38242 48891 55176 57255 65531
81 756
40875 29475 8405 63475 35652 69991 40552 36892 19886 27962 8518 35990 36782 31281 1904 51713 22286 24596 66534 53524 9429 49313 6331 21244 62157 48022 22572 36832 53374 158 1015 6562 56337 52019 23663 6552 40836 46222 36425 6496 28302 20232 67644 60803 52146 19458 39512 2998 24599 58123 45321 38331 54118 13227 15462 35905 47345 26561 57037 12099 9103 63457 52681 39323 48591 39138 1322 11133 58829 68893 36567 8558 57710 45469 34145 44436 19858 65881 38129 41624 64678 70393 9830 39354 67705 63859 45293 64280 7113 10892 2067 45040 51140 18910 42096 8462 59872 68857 4010 15645 20998 1802 4593 50984 1779 58393 39080 31097 2917 43348 35771 43305 62451 11166 45072 37081 70328 25631 27532 58366 6355 1137 42114 47324 11830 26883 11057 32289 4744 42644 41320 18112 22821 18695 51708 4847 39126 37811 32176 38036 64782 51942 9474 35578 70524 52420 50665 23322 8166 28407 51701 13108 28624 21069 50484 42342 64463 40239 10682 59865 10136 2605 19531 51966 51475 3064 11577 52832 17727 41602 28024 3383 7946 29173 35094 67109 18897 25590 48604 45870 31712 54357 65700 62291 38542 51184 67295 45010 69637 38106 11839 29064 9089 54523 3314 14861 40360 27291 7010 23963 65935 70750 34426 35178 53962 23705 38844 33634 31656 947 30585 47294 13325 39863 36176 51499 43574 68476 20614 25737 47892 28577 14581 38796 63547 67041 67362 29833 21625 2409 60373 63686 51411 43323 719 70490 10299 33110 966 56320 60212 42887 45577 24914 65279 32116 22339 62716 24751 69890 17541 53477 5872 63240 27536 14649 30703 47218 67269 37296 15594 32389 24445 8064 11464 34274 57386 53949 21152 43932 1426 55027 12268 59509 46196 62911 3124 57008 56816 35011 33388 7764 8399 33518 991 14425 47142 60528 24979 25292 51864 25327 41254 18913 27914 37131 48497 56754 22361 27827 54455 68017 50756 34454 30143 9949 25086 52039 45262 20734 15113 32715 32693 34736 26803 5592 68447 49811 52678 1990 27996 48563 40501 21277 29572 28481 39234 30284 24906 14821 47654 58571 47028 13854 53048 31095 31733 1247 67615 25850 18457 10289 26459 23308 59996 11350 11371 38676 35982 9721 49373 25009 529 30651 67685 60509 25313 28595 47029 15065 27796 10180 66632 23184 17679 2883 9612 56700 28224 70923 5504 36227 65648 6561 5509 922 61366 29982 22303 46890 34084 34241 61871 6660 66314 34884 13902 51537 56137 27649 24582 29455 16229 66072 38005 11377 44771 40097 23857 60449 22662 9053 50202 23636 33970 19693 62933 9687 5698 3332 54896 14564 54766 68155 29276 66958 63852 23751 43835 58518 44694 51863 63006 46950 56944 22887 28643 19433 35943 9556 60811 31451 44611 9855 39622 48203 48869 12145 55274 61614 55479 70544 51399 20644 36065 69911 17707 7252 54588 11838 61970 41714 36536 15149 32447 60458 7910 65622 51347 43966 46229 3820 26600 15808 34281 20174 14573 60382 41429 10924 7153 48280 36898 15150 22092 56371 9168 58524 54305 60873 35103 56578 18519 24908 52006 48858 29986 64168 6461 8722 24045 54888 46712 55970 7559 34596 1978 2226 27477 11186 56253 5731 38043 56067 971 19801 20445 61709 31716 23080 44427 52789 34875 24539 37553 32598 39945 14153 56339 54665 16242 47072 15127 24560 24721 37030 67301 5227 49518 47607 514 61423 39964 27731 55283 70505 53002 17216 47924 15315 65017 56494 19487 46299 15638 46327 46481 34801 27231 18395 11481 18326 65751 49878 13035 21566 27824 65113 47491 11078 33880 69093 34571 66493 56433 40473 31056 28522 2421 568 27389 41063 29514 54233 31748 69586 30694 43850 27879 54954 63244 50590 9532 20709 40646 50444 34778 52220 17456 6252 385 31747 25756 20267 55794 11834 42907 62041 63460 5931 50523 24535 29414 52830 16184 21569 2322 31220 26694 61822 15299 33584 10942 14163 24702 20761 67131 56166 60456 29202 62720 19690 3692 9598 35669 50068 10319 2546 68644 27955 37653 56634 58381 10362 42696 31334 4748 52051 19815 37026 37607 34561 3895 62214 35040 23033 44751 62818 6731 48807 61869 17349 25279 33751 59406 57988 62362 47021 41634 36576 33892 10871 70781 59584 20444 61994 50478 67338 37243 28768 26030 14914 40282 66218 6891 47592 21789 18911 25112 31710 37793 9175 14372 26067 58756 3905 20968 41487 11290 58940 30537 55905 53084 69679 67709 58971 1478 34317 66131 34645 1436 24849 37275 25583 58085 49873 9507 7940 18319 69526 59302 31011 2118 57627 14876 946 30108 19532 41729 35593 58387 19716 64566 26578 24959 15656 30820 9885 52549 37083 20903 31172 49127 42257 9097 69848 34447 11270 35606 50737 30424 59934 50416 65550 41033 32908 6417 6437 37164 35393 35951 33999 64768 32011 62975 51015
164 743
34912 11001 57717 46258 50016 39567 27761 57702 13790 8093 57643 47559 59664 29059 13131 64636 4880 24937 40962 25457 38560 23632 13771 69721 42652 39652 8928 55674 69553 40532 41476 10700 52745 46117 55451 2104 15320 15685 16601 5013 34586 30903 15788 12256 65884 10734 48951 32392 6002 6560 38305 28627 37858 57316 20282 10089 47083 49902 47918 11511 16095 23674 19586 47968 15524 33251 59771 61479 45087 38151 59646 35253 24960 33796 1571 69758 20739 52383 19424 59838 46635 1996 22298 16097 59290 40638 11211 36006 62995 65901 60865 16272 31401 42078 49922 39382 68843 59431 43770 59547 66388 46645 8165 22694 342 47230 44185 67915 13862 47457 45439 10572 30343 13244 18839 7848 25189 66221 8993 46112 25073 40846 11003 22424 65473 13542 18524 70769 14949 6298 2750 48377 44340 63900 47818 42572 46779 29041 68673 45608 56414 56547 9908 10413 51147 15388 64841 48289 16346 18443 27647 47542 50183 12958 1108 68183 43951 56262 8373 20511 45937 25700 55605 49336 63937 1828 60462 39114 45605 25899 67948 56028 44870 59591 40329 25954 18649 25271 59566 60396 42555 62336 4328 37374 41798 45594 15650 24175 36392 50941 51572 25422 53704 49276 49155 62986 14250 52002 58008 14548 39353 66424 43935 64126 17821 41352 47624 4953 17273 49925 54270 46387 45028 47152 49360 52919 39807 41873 54187 37974 45044 17662 36226 41170 43249 36691 52418 59047 63997 33596 60377 18186 26807 33138 49676 35290 5228 52618 57952 18210 1585 39937 55041 51118 65232 37471 40404 1739 13248 13532 25275 19044 19454 27668 56940 7483 33170 13886 29189 42439 40126 20350 63409 25272 67141 50135 66358 50032 16701 68455 3508 402 2588 542 30093 57675 13537 26381 41155 13407 61037 45223 15048 38667 43414 64225 12514 16810 12679 23102 62134 11647 6671 52930 25965 44657 3072 39233 46499 51916 40573 9877 57041 44561 3619 34945 134 34061 54793 16952 17819 30541 68882 12855 39039 70745 51271 30408 53460 17859 21016 38184 32409 23389 12981 15659 67718 55271 8498 49323 34602 41364 28634 4095 14612 36980 5295 56738 37359 70169 51971 58413 17943 21791 29164 1151 50838 29088 33594 59993 29759 26928 51536 33989 40426 42602 9964 19130 56289 37895 9400 48331 47393 42061 66877 10596 29082 34980 63883 62908 48030 66452 59164 34150 37861 29950 69391 27069 29289 28053 26190 37834 13424 12029 24995 4719 58595 62232 50334 17719 26552 20891 67502 47246 49054 10298 62512 41458 30137 46742 51950 9002 1401 35909 33638 58407 8217 4335 33602 895 58899 31285 53250 47900 48809 6726 54848 35543 39848 38498 20555 8529 34629 69558 60429 21586 7902 17217 9840 14614 60863 33227 70852 57957 36668 12269 66859 15906 49908 37580 57251 14997 53759 54771 69297 63284 43801 58584 30565 20521 20632 57696 57216 12074 54209 1901 63556 58754 47013 34796 51829 47759 35493 46253 55475 2294 63768 65820 24536 1850 67657 29476 26701 10364 39711 25736 41728 25929 42873 69694 53449 68616 40080 21742 55220 49992 64464 36542 6765 60655 48406 21972 63702 12740 46137 44472 18742 3292 49338 2090 4879 58256 46125 30361 49451 13649 38927 606 15269 34020 40415 13937 22238 24302 14963 10105 12213 18828 43568 128 56815 1377 35665 13264 24205 32505 38724 67772 33579 30939 11632 14404 52720 4167 51295 36027 525 1313 27848 23082 38274 52946 26722 19830 49199 55241 67438 3454 48401 30176 60305 54212 54903 66662 16228 10664 55862 31543 46852 51886 28092 63927 64632 67071 29378 64270 56898 69612 34123 67521 14832 68836 68920 24308 22784 2460 18660 22943 58503 50382 61401 52437 37071 39143 21328 34212 8704 43560 36625 69305 5405 52759 37863 63489 39009 49855 50411 40395 26086 3015 8286 45407 8597 47518 8009 17244 17877 3548 7989 135 61930 41540 55747 1686 17981 53822 58206 9620 62062 52378 63725 60652 63568 46531 10482 60506 45472 50981 36373 62020 33493 3026 45071 53569 54416 37618 64046 51088 45463 59884 63255 37522 18237 40906 58021 2851 8203 52461 69551 18880 62446 25567 27163 56644 59425 26769 46786 32578 61832 21130 54605 23076 66793 44482 59476 47464 15578 26601 48785 17337 11404 41986 18836 27738 44682 10996 58695 74 36744 64707 32177 10084 50542 60176 52467 61002 56204 21299 56419 36060 5473 52534 63667 46377 3843 28610 23060 26798 9566 11102 7527 60266 8464 40144 58967 65084 28805 69565 52761 47521 41378 17209 31694 44715 25578 2843 51498 56975 36725 33150 21902 55892 45106 66645 66002 14344 43097 45295 39085 31119 22142 63026 24649 57496 49377 10620 12681 17198 58224 17574 38370 5608 26206
61 739
30105 62108 60952 28543 916 37450 41537 10794 43196 25603 23987 44744 27063 48600 23805 2217 51799 45890 35964 52964 53207 65960 55077 8241 20656 13060 29924 49010 49770 1867 11205 34594 44342 31173 24806 390 2710 39978 52398 18347 15308 52685 472 30221 43116 43057 37716 15243 68051 21716 26999 58701 51322 4234 2326 51368 14991 27331 4126 35762 43868 67116 33834 38266 36476 63776 28937 24571 59986 45823 56093 36530 66070 25248 12068 19136 54294 27620 7575 70825 20279 2959 3046 41312 6145 34456 31098 23186 62522 27387 10869 44007 22039 16219 52698 18868 58742 30944 38446 14216 42989 3716 66268 35138 61927 10403 48014 62852 33473 45347 39592 66763 2913 36506 69796 22724 37370 19852 39779 58525 35276 60579 25037 13806 39835 21145 27714 26672 38991 62113 58161 64087 21535 48640 34711 49760 53996 18859 51824 3812 46941 59147 18865 16908 59983 5749 23995 2947 49180 69958 17916 14830 55518 29561 68722 44798 10483 23894 6860 3232 63302 15296 62824 48736 39329 17360 18547 31901 28839 62692 8251 12983 29873 56444 65024 5764 68296 46077 11355 1379 59626 18925 28791 51363 43524 32761 41156 11043 47838 23394 17342 50108 60198 64530 2494 37154 705 33079 69003 54387 18361 16676 56653 55012 2902 15304 61267 67546 67373 39426 15571 66555 2976 68619 32690 43487 62702 59995 66227 62785 40610 54585 14246 63823 65109 3986 14309 32802 8149 63865 25447 1041 24411 3296 42236 64839 59597 37645 29539 37331 53922 54808 24682 32985 50796 51070 21404 41017 5303 47556 15711 63176 2352 66611 13895 14305 10259 17280 27917 18733 52087 34125 37570 25863 67478 14932 15226 65629 61857 14964 30283 62753 12025 67411 56071 17340 52521 4320 59667 67715 10735 11419 21645 40242 32783 70376 69384 63780 38738 29320 9160 44691 41074 923 42291 43655 11798 44278 19103 63446 7345 22334 26933 14653 52604 19917 58538 58802 49731 47891 20420 23773 46383 18523 67691 66623 57709 16965 9673 30322 13500 55557 44199 46331 54099 47071 12757 20986 10063 56178 9725 19627 14909 26099 41340 39617 47998 43736 12336 35125 6882 39813 7060 42030 53155 64521 3063 30285 45494 2534 33608 60186 50043 11869 25968 36888 69164 9382 26664 47063 23501 42120 22089 6049 53380 32508 6121 65950 58838 30300 47480 49759 597 30098 51265 23856 9349 13459 16270 45363 17081 11989 6859 15225 62656 22060 22239 57511 25981 37019 14532 64169 46795 28660 8445 850 62505 64652 2080 6182 57949 47501 2890 46270 30937 56110 14750 28246 34812 12080 22427 64096 43769 52044 3783 54802 28569 13810 28340 59118 23006 64171 63378 18399 55511 65762 41657 37773 46274 57950 24017 11895 28608 63541 35676 25598 42642 23367 7569 30458 215 47785 56134 54243 15671 66843 62740 1177 47895 15232 61193 69449 16510 17754 46686 7970 43260 30226 37989 35174 53665 11564 43576 44675 69615 10118 57912 30829 69366 35716 59273 18916 68109 45349 51823 16078 33340 59620 31602 16026 54238 67689 65701 16307 61502 557 50048 15523 7945 44954 57379 64483 24250 39331 51577 65158 3318 34959 37569 20651 60307 64456 58170 23447 30121 37119 38360 38650 21343 3179 32994 37046 52252 33784 62047 39088 45525 5211 37750 9003 49163 70757 53901 47884 38718 44978 39307 858 6221 41448 55424 56971 14326 25627 45290 19790 30677 54697 40481 23598 60367 69247 52612 65404 63296 38830 61620 58570 26022 17860 57212 9271 14132 8180 26962 35392 41062 33746 34311 65265 35938 69554 57991 31209 1386 26630 10318 54194 18099 56202 32125 46735 7539 64797 34474 10459 23472 61201 17196 29157 38216 26424 19518 63246 26862 19161 12032 12262 57873 17328 11832 45809 7279 5959 3823 66494 58825 65589 68646 16513 39274 8024 8074 3275 9263 4938 39350 6932 16477 30371 31538 24698 46700 10232 29826 33261 8152 13301 59973 34921 56334 38082 67848 48535 29037 52034 31080 28650 3953 67652 11935 31607 29680 62885 20954 477 19835 23037 19765 42774 65223 60877 8112 14384 37179 4527 11067 2266 9068 29768 52657 26116 42530 21701 49442 58329 19941 47761 61414 59849 62276 70664 41171 3832 8742 4326 11384 24094 46429 18860 9602 55749 22469 36573 43632 43092 21589 44900 4718 5081 39719 22532 34786 65022 10480 4619 4489 17057 18187 44428 7520 19052 37094 61372 29259 31344 33378 23160 70802 42825 30114 48514 29141 39702 68885 21903 13778 58958 51845 66637 34878 65214 68454 25595 23307 70191 51289 17787 61487 53296 16475 24678 65703 29313 58235 11284 68651 58414 70800 32001 11572 44346 64989 42495 42498 24093 28225 1709 7915
503 725
18566 41517 54412 45688 23157 60830 8526 18033 10189 27939 69213 53029 56059 15949 26505 47385 17061 53880 6168 14233 53621 60520 56323 57348 12281 4870 18495 48974 419 68549 70198 1399 46955 32777 68511 35897 25693 37520 41574 41323 20790 19639 47840 55901 16494 70034 19078 239 20313 69977 60181 25617 2894 28037 52736 55914 46485 33738 67937 44004 28551 38222 5952 26551 59538 45089 26095 51611 61509 16110 4685 49418 37747 29896 33733 11026 35878 25540 15992 27467 6555 58276 57925 5658 5407 42231 6017 15784 67 62612 51127 56273 20238 6284 53860 30490 67925 70002 26670 60619 36057 63171 33201 7553 25212 34219 24224 2678 36878 30503 59012 34868 47887 49996 25609 50826 5082 37889 49840 52558 29479 50217 54306 40346 16073 7974 19314 48113 67284 64549 3402 67579 30517 2306 35577 56469 40369 35381 1064 27882 63533 35410 17591 61329 60989 58656 1490 44962 33613 68777 22493 19290 25487 33401 52095 30500 36304 60534 30735 9380 30388 1805 35106 8032 14021 8495 27223 25443 14136 14088 39109 63025 36854 46417 17506 32773 12520 56496 48837 46515 66119 5536 28597 10936 62974 31301 18163 57116 10544 70079 42026 50329 18578 68669 6785 70254 28283 13293 47159 32203 60615 19774 58030 37202 30764 49825 3907 54790 45539 19190 69280 61413 52007 4131 44936 62243 19544 70241 50073 47541 6604 34592 50790 44868 30617 30887 70484 29145 35863 15491 48670 41317 33064 46514 47069 5383 40795 49708 31377 9409 34636 59481 7595 15135 17473 25216 39774 69784 61881 70178 58068 38326 55011 38821 2991 16538 45311 22184 56479 52428 58995 11007 19362 65294 25137 21374 33309 55903 51519 33926 17808 53908 11181 59610 54593 66952 5579 47869 23542 42423 2126 12018 55640 58183 60907 60328 46534 65830 45551 17084 44391 15822 34455 46916 5182 33896 28349 33059 45598 40799 58428 11545 49308 3237 36578 67368 53251 37881 36197 64977 21308 54353 63054 14628 47204 26472 55308 44094 26833 33290 51280 43108 59659 64224 23465 55014 28665 7058 70590 44506 38416 52666 49388 56834 62058 60460 33985 54452 32973 53574 39491 29852 42985 6810 58331 56391 15434 4864 47065 11874 30629 65995 27161 58082 46008 59363 8645 27102 8906 39815 60277 41825 16625 57656 33697 57550 2702 15796 18998 35517 66327 55432 33764 17621 49862 36736 61432 49572 27371 28603 28884 45850 54880 13095 33665 37891 35363 64238 13342 49166 19142 46176 58586 39043 21248 40380 64411 59448 7486 64934 49548 15569 26566 56402 6374 45588 46561 28789 29161 31882 30754 69363 65307 28334 57638 59017 67757 21400 8270 3419 55515 16344 43866 41097 39963 54500 16204 45202 35439 5230 11541 21855 14419 27499 65587 37041 39750 31910 32043 15942 29975 64869 65417 49172 63106 45364 13461 53335 24942 35386 9518 38317 32393 53342 59799 35548 55153 37740 11908 44560 47482 47573 70921 62771 59261 15598 8364 13558 11279 61841 60938 38 43490 35849 669 7537 30326 3715 36106 28578 25710 50097 17341 33762 17749 10895 21702 10348 24879 3359 67442 69969 29262 27538 43995 35150 36182 64052 5846 8621 32088 23981 39731 53276 70810 63052 63272 56197 44130 40139 32282 46898 45392 22953 591 12888 2973 40103 12492 41927 58748 48446 30336 61192 21640 69655 66522 62602 8003 60846 24544 3604 32982 6512 49497 51771 11418 44523 63967 45209 69706 12474 59941 38828 36789 62717 31392 32118 33253 23578 40995 66272 65770 54019 13171 68785 16472 68886 45229 2608 48740 69416 30986 60129 31714 34595 15367 53727 1268 12751 51553 728 37862 54687 56264 67537 44242 28629 9661 33991 14289 11261 37711 11947 4044 45114 58152 60476 69128 4468 67279 65311 8242 46838 3874 39267 784 5561 58300 4945 27829 9879 26610 33241 5942 70373 14916 66631 1610 59309 28160 711 16515 50049 20950 5446 15866 44740 43652 54871 68179 42142 3116 10986 40525 11618 15021 51332 57932 56931 1605 38284 23114 14300 9609 20525 6328 17063 38851 25607 11591 28711 57178 52237 10845 54980 7177 66213 38045 31466 49031 62710 3703 53268 66332 21834 38131 53089 58498 65481 63984 50288 26105 61436 66549 438 216 54263 27697 49501 9062 57751 37247 34186 32611 14751 35420 38970 37579 2236 35609 49298 16639 49744 49100 44357 67737 67708 28448 50990 16013 47784 68022 21059 27359 53810 14000 46921 25355 7581 48975 322 54567 36337 4952 19625 64943 61309 47812 43113 18785 8554 20861 8596 49650 47667 4967 29700 21559 13620 19796 23965 3557 5786 38684
511 666
43349 40240 21149 20306 19741 51167 39955 68313 45869 21360 33649 18577 25702 45241 32415 22716 58761 43566 42993 8023 39130 43637 25811 59039 15697 68432 49508 19415 39150 66581 70025 63590 60569 57323 50752 26969 57331 13208 58399 34202 62029 62605 37042 19684 7499 51727 53242 12054 70763 69702 697 53038 31834 52872 19296 64423 33800 38775 25134 30090 70823 45394 39543 60092 42241 67783 29792 6800 14801 61954 59412 19194 62899 2930 48335 52498 26271 53743 39857 32231 3856 49558 37761 9686 37035 23300 51862 11153 70639 48372 64080 16156 60308 27789 16132 51693 63214 64057 66387 15253 64391 28322 31004 21888 1651 691 50185 16737 38701 28815 52230 44103 43021 26886 18430 26248 55346 26861 65332 61179 52427 24917 57959 5125 29508 68147 62210 62060 55375 2715 55612 41318 2467 4012 60019 3839 21511 42718 60720 23005 40377 45271 70489 36303 62565 61374 37036 40119 46276 47459 35754 23780 27289 58619 55477 2771 26346 45509 625 48515 21634 25093 53050 49658 6330 62162 8130 22423 65066 20578 47050 4146 12529 32097 24 8223 33606 56619 5664 48895 30097 67761 1205 32413 67818 9952 56162 58714 26988 11423 5825 3957 2269 20540 21064 30029 23340 64272 58725 27154 33807 28201 26717 3460 43370 24827 52338 43599 28143 33495 57567 43211 12846 54371 15521 42298 36835 25962 30014 51615 49725 47255 66900 34406 49231 65458 51111 69719 56535 42128 61175 66039 13263 15913 22333 65522 27170 58354 57748 54419 9899 42481 2365 68550 18180 45603 53858 65039 57904 40151 7186 17487 38206 9631 45967 32168 22721 22773 65271 14230 15362 61028 33824 1275 63352 37817 15217 69435 50762 30420 6717 35436 65711 315 889 54723 67964 60411 14192 61961 21315 35913 42406 56154 60982 48415 46185 69301 39518 17646 53231 53912 12200 43466 66274 41809 25819 2507 70199 633 66342 23730 51296 55943 24039 31469 48956 63870 67942 15457 55748 70836 37289 47779 918 21595 66436 35842 55508 49406 9597 58777 42432 42772 23113 38729 40916 33310 62152 68415 7242 16959 40178 30065 46975 46984 24813 27873 39023 37313 17112 4479 24675 60710 15903 28467 41216 63624 70121 51831 21117 43848 14243 14345 25518 9433 65944 2587 13925 29171 70480 34055 11625 5697 57584 66236 17305 18338 10457 10016 56149 68937 26249 18236 66824 57156 18673 40147 36409 57523 15153 64662 33667 35537 62264 43214 1076 25697 41047 7468 18591 2475 36159 42050 28948 11272 32767 4514 31487 11249 66535 65065 42721 49656 70160 11163 7565 66241 53844 41569 927 50692 16919 63534 24799 41256 43799 29645 61849 56208 31515 1071 16838 70531 26615 49091 38904 50061 54756 48885 61331 29339 57086 50620 46018 4590 31369 32065 41002 40434 53158 59825 67360 67854 61513 70355 60007 44893 12634 45076 43992 57168 64071 4313 70791 30163 48218 39686 11391 9369 1201 31244 42919 70889 36206 15745 40834 15700 28444 63076 32914 41460 69176 39469 17219 6607 31859 36967 13128 60233 53083 16412 47301 66053 5096 38594 30071 8143 69320 6889 14402 65988 70885 5648 46869 35633 22992 7921 32037 55045 31626 18692 15215 7099 16340 28361 36588 29418 46707 51223 23810 38158 14117 37973 46969 19876 28708 48713 44706 25531 11198 12028 38452 59388 68379 15957 49449 21171 11608 16784 30469 11543 4986 7630 9128 10808 33026 18164 55922 22764 52393 52653 29124 69091 52775 18126 46247 39325 66270 63753 35740 7979 55768 67664 18972 30013 37591 40849 12843 54519 51795 46682 52565 40364 69008 1485 18957 22696 31646 18943 43828 41406 11613 21312 11683 9920 28476 7091 53224 8668 43662 52026 3031 40332 1230 9529 4608 49105 22910 27653 66955 9138 61137 48943 47390 25016 44655 55667 10171 69657 33478 47290 58891 51462 8539 46806 58738 19900 27420 57553 19232 45558 8157 11297 67283 52599 70824 7117 3815 35631 56127 28967 35210 58798 52949 17987 30711 25570 17043 41767 30899 52714 42884 22235 44591 63707 47009 59529 8672 19410 40375 8747 48158 61873 51413 33795 39911 53151 65147 47519 11971 70032 69061 56155 28770 6282 67940 58198 3109 64715 50430 32230 34334 38601 61164 36791
231 679
40864 45821 36683 6075 68441 6743 14791 8433 43853 36844 35826 67985 20977 16070 18226 24845 66814 46193 69020 56447 22394 41247 21150 59334 24551 63765 25862 2362 56741 17283 2321 11633 60883 53974 31770 46929 16017 67526 6539 25180 3835 34497 29230 64081 6359 37100 4487 20612 29389 58553 23832 44930 53312 65166 70762 2248 16164 14525 3885 7663 52622 66107 28838 68465 34170 67464 437 7626 9779 13625 69222 646 24409 67845 26719 21760 12185 49297 56857 22408 54530 45413 43613 40218 64145 50084 69714 43134 55060 16727 36386 612 17565 46194 27874 8637 20303 69605 32321 58752 42145 36848 48211 36069 3822 48407 9821 12721 4969 13433 27569 24019 32731 69870 8601 46911 13846 65077 66316 6846 56451 23107 22418 42827 69097 26919 10972 59343 50867 15441 57629 25456 22367 27343 60949 21082 19967 391 27943 51145 16842 10653 42055 605 56766 32550 32892 51030 31545 60187 17757 28712 55203 2768 50519 56020 26591 61370 59450 16801 16903 15122 3495 55160 24990 70878 70403 60227 10489 17289 27631 41607 16928 20421 65599 60998 57834 56113 13086 12739 54125 64769 14242 43515 45728 31853 44088 25882 32327 63326 51703 70855 57693 45592 33480 854 26295 29886 2214 15402 28889 59602 25229 35592 4958 7713 26219 22579 16437 40262 7591 27370 752 49844 11207 1956 17113 32013 59313 26176 28505 24451 26602 31092 12286 61026 10579 13470 53075 42619 65494 24157 67333 49393 15749 14187 6344 1778 54033 9056 27926 55069 27678 36470 9226 65178 2471 10359 52031 40307 60807 12144 68961 11589 30712 35235 45037 6314 27981 70152 65738 30019 57823 1021 51231 13614 55413 67833 66064 37656 1174 46409 64905 40643 16623 46091 63538 45512 36548 38057 29531 54332 40893 52728 20041 62385 46143 37166 15081 25556 25111 47669 9235 13576 34358 65033 455 34665 65396 28486 23279 28788 32194 2292 70899 34792 37271 43830 59843 10737 57061 34866 39337 49048 58961 52777 4641 29323 19431 61004 1512 23078 50500 2919 46820 17436 38125 54764 67053 40862 48330 27247 54023 6978 50396 56163 57038 48868 37344 51000 15094 64582 27183 64417 15690 1903 22470 69154 63490 53394 56702 8482 2482 37238 51151 70131 27621 44102 45425 48162 12502 33597 42125 39767 30539 31039 25916 5092 47007 47739 58238 16216 70 46052 55061 67774 11032 25903 40419 33093 30759 28412 10865 16161 12465 10762 59661 32063 9895 10050 25155 42565 19624 63639 20670 4401 68228 37627 64050 57817 66607 17973 68563 41614 48327 16454 70912 52474 14094 33451 897 67957 35416 20242 37930 13800 38961 65497 30862 38223 54984 8059 83 67822 58255 1676 1662 31841 3673 46495 24199 25689 28988 11098 45710 62212 1547 20432 44460 41553 44283 35071 17895 26860 31198 37348 36652 43733 23289 20082 62202 11507 9406 51732 32607 69823 38616 63437 36763 1123 4115 24688 1896 25664 6542 5580 45032 41840 18688 36813 69364 64973 37480 55548 31479 48387 33272 27877 7776 24129 6697 20814 2812 13672 12637 34369 46591 63104 69835 59075 59594 56703 11202 11614 27366 50371 36043 808 47770 21254 19727 14983 32454 6654 10642 6428 57641 63028 43517 69005 5755 69626 53916 42262 2139 33484 44831 26569 29061 54062 13639 56565 53073 38956 49264 34679 33302 40730 51973 16335 69335 48816 18188 57236 26596 50974 27257 26231 20752 5874 29854 35629 58614 11963 54276 16821 66750 36237 4123 52751 60390 59123 25066 28284 8811 67536 53632 65005 57234 25554 3223 17065 54541 31948 63073 39036 15649 20481 787 22586 22674 5248 52933 51078 36908 28855 14519 58018 17785 14957 52178 32254 54159 25569 57095 68934 67262 53687 62149 6764 849 38623 30970 58309 52700 41893 62811 1476 7900 60639 28177 6744 60831 22596 36025 62534 21813 58038 51239 9604 8786 50252 23648 23697 6820 53469 14691 37705 26180 9403 42814 4855 27764 70442 68162 36149 38265 5235 56396 50911 54591 56965 26612 44864 34766 51168 1472 49437 68054 51075 48018 4379 30260 23859 70627 56118 35097 62390 52102 26363 22078 67436 33345 35238 18575 16221 50422 14730 64210 50739 26746 26799 39144 16805 39369 57889 27479 31574 48325 64712 7488 15694 30102 48544 50717 40485 20145 42910 65438
103 645
8408 48598 51636 25842 50263 21187 37678 51065 14495 7549 1366 62215 13732 48287 5095 18568 14670 67383 36432 21675 58033 63913 53311 55123 63672 6318 29809 5771 35531 34054 35926 47653 55348 17202 37884 53707 20872 532 42903 66716 32514 15123 56362 11977 28550 31637 17042 41221 61134 22248 17420 3101 67786 31831 29122 66159 68953 38113 1003 12132 57240 64912 44186 69011 45701 68986 12461 3013 51797 25022 48526 16032 66124 22296 38761 64419 11437 30334 35313 42485 15028 63346 5127 34487 36256 20236 43749 49932 42535 59152 69731 3877 56229 55087 69106 42714 61686 31643 69790 19297 58610 45207 51091 41009 22567 63679 11019 68477 22448 28692 456 41901 40615 69563 1421 1124 17617 38097 60771 21184 581 42881 34404 51202 63144 15074 66527 39362 18253 63384 22507 35349 8996 51854 19293 9568 69 21346 11637 12727 1188 6078 27452 26282 10851 65389 63704 9252 14931 1125 12542 25047 65382 2422 15142 32677 46107 25403 50524 53623 10630 57094 49947 42435 39166 38509 16246 38377 13916 58823 14157 46919 24669 51679 48750 63422 54108 14213 38226 26103 15951 14610 29674 13775 6348 12505 7609 21288 11451 54245 37059 35300 67243 19127 32052 5465 25949 34513 70225 11781 37630 13329 40741 46100 65156 26792 23159 23960 20723 37731 10697 39158 67029 51405 68820 60179 26084 18471 65645 1385 23 61654 27984 3950 20345 45098 36340 25742 63696 68129 66386 58248 25541 53405 50801 51083 27800 40170 13 37045 57195 45210 58615 9869 9619 31246 15371 49507 30462 58594 11588 43236 1750 15737 32570 25325 60250 29254 57725 52325 12602 49635 10934 11820 27259 4407 19732 50625 23418 1621 2006 37064 27264 40003 1643 55473 51933 68437 50260 56368 31922 24028 67105 58136 10811 28934 28055 35211 13777 70140 66448 51333 67542 60685 32495 40872 62142 35323 19382 22675 6439 31625 51772 68928 15781 10349 65740 50954 69668 31061 70530 11848 17750 6686 48116 15780 61188 8057 68321 23103 70525 25956 5837 8034 26714 63794 17960 54564 2133 63880 29394 1565 298 10786 50684 62145 9521 30980 25003 58412 62898 53581 12408 40153 29104 67672 2545 60101 13345 69946 41289 68872 14510 35325 61419 22813 33087 42472 20298 70672 29952 44378 51830 15264 21417 5704 62122 23597 18809 47771 7430 44479 42479 69775 18694 30039 16089 34185 67916 40663 56070 1082 46285 59279 22882 47942 22790 20787 51302 32158 12584 62316 25717 32788 60583 58764 32510 16576 61194 55622 38549 3855 57204 37726 67650 43872 7400 28722 46791 16244 67517 12415 730 58319 70798 65303 12294 69636 26035 50117 10315 39582 57685 12712 41661 2259 36001 69488 60684 38925 12797 10281 2535 30068 52551 15042 69241 55678 67416 64444 66914 31878 42132 46408 27255 12001 48735 3947 23257 7116 25601 37109 58081 62998 18650 27086 57151 38077 40230 66296 25510 49950 68905 66273 45314 65903 42564 16630 29236 25828 2626 65766 32261 26508 6117 62917 64222 7354 24667 51919 44126 14981 2047 12512 59710 29258 19919 65072 2878 41856 31695 51637 47829 2870 14915 6088 36784 12434 53809 8803 35614 30640 42811 43361 31603 58635 2347 7096 67263 15130 65661 41417 47762 65829 45369 13460 34488 1756 5969 64770 34791 41707 64366 15409 40708 35558 18351 53913 7004 25565 22720 70848 41024 5643 18633 24318 6205 58576 47289 43557 67662 22794 26179 10662 13642 34572 66794 59169 44466 64713 19611 30502 12116 66016 40653 18816 61347 41710 21186 8334 63751 28343 35541 42948 56927 51692 60663 55993 42683 40052 6584 56850 70101 61982 9110 22071 17537 2556 9506 38752 53698 56342 63373 48737 12612 1733 53227 37807 50662 57074 26009 61070 24190 68085 3424 45763 65059 43884 19692 52853 53856 31627 36579 68674 13974 1821 3873 66674 53314 36502 3925 4195 47991 38455 38245 66065 30747 17439 14148 38570 52650 10455 30819 16608 14596 4371 18732 53580 57765 68006 31254 13214 70568 7088 68739 34006 7450 36161 46402 54624 21976 18002 32388 67364 18223
254 631
63363 22612 1087 5394 49981 3853 41329 31550 32881 428 68685 10807 17752 60923 19707 61626 42859 45966 51991 58239 4662 64569 16016 19761 574 30830 49997 61514 62712 1893 18867 66879 59564 41400 11808 22687 28034 67654 70457 65171 65875 56772 50658 53068 44774 17451 9453 41776 33167 41195 15353 19358 56480 39276 55775 49301 42875 20033 20690 17083 11250 59975 20695 46101 22329 1495 49270 779 24873 67631 70354 9615 45854 49749 24230 68760 65049 35655 25821 40383 26013 12489 19672 65568 51105 21653 22916 45721 39610 20197 2969 23654 7324 29744 56400 47925 55710 50197 46435 7617 65608 61701 15331 31142 63287 45165 65350 57596 70534 66761 19934 7090 654 57820 45714 38929 44546 67790 34903 69583 61020 22991 14961 33937 59386 9860 30506 57800 23586 58826 25264 26360 20548 39268 3316 70298 42172 56581 28234 28818 14939 87 27165 46346 64779 34271 48830 34758 52302 5803 58483 55653 2334 35589 17933 61944 19438 16251 46264 61685 5346 42080 47224 36263 58323 18311 57826 28916 66540 14651 22983 23624 52978 9303 18779 33958 63839 69078 50081 33035 56072 17311 65096 44189 15634 27064 14858 68138 66935 37967 66978 20278 43732 40876 45606 48871 51853 28751 65284 12624 36396 23199 54667 46860 27221 31601 46061 29799 22871 27346 23725 3698 29897 19864 50271 62494 55552 57840 36100 21525 34437 55098 69383 19495 65974 65635 3244 23024 15607 38544 58698 47049 47347 28151 11469 46039 50501 51518 46035 65499 33609 63456 67019 61150 65866 64501 37079 45711 33502 11520 36184 43333 68533 54776 53552 53900 41151 46516 66209 2914 66925 38279 55543 27794 50459 28655 56103 69072 39640 13237 16758 15426 1628 14259 9716 69332 25504 55650 678 21914 32978 47527 53845 40930 17560 37187 40636 23183 66397 17168 62661 21974 31179 56428 45800 13830 5922 27328 27159 30081 26445 44384 69710 25467 15612 31069 19751 48678 11530 28704 57440 53526 43614 28781 19413 26395 2787 44828 56230 5322 38135 46821 26835 52911 5926 6706 15336 14690 45400 24170 57033 57376 50970 65808 12728 3519 47251 24550 30132 23041 38177 26192 69929 5333 34529 32843 45573 38867 59655 30159 67376 12254 42184 12453 22777 17073 49796 62370 60772 28536 45452 52257 32936 6824 63094 24208 36752 57999 3987 36140 11294 8714 13019 68457 54580 16762 34229 6055 59876 54299 11389 48313 57199 43644 69514 31109 69196 3796 34761 67694 35001 24853 63379 22305 25625 10363 61645 51604 48246 48336 41214 70719 14526 47096 70122 60979 44116 69601 41963 38297 36160 55874 40401 3561 17304 36533 29786 42135 28248 53597 56387 31555 1775 48098 24737 70758 36974 18821 54208 1776 47365 43715 58537 61823 21804 2127 28776 60764 40798 37291 11682 63372 54191 16191 30570 38982 57730 15172 13538 38293 65023 561 14926 63710 49496 52386 4872 9176 60123 53863 44038 65122 28621 51125 35552 38743 24562 16857 66546 70873 13680 9944 27995 66278 68506 55294 60742 7369 67385 35563 5300 51374 43565 59508 57529 39977 25138 25342 18937 58464 13978 53541 7025 4068 10655 62956 5277 33464 65356 50011 53419 6001 52294 50434 69490 30525 47986 60960 43125 41558 35478 69448 68414 57628 47982 5916 54006 43256 57711 68052 70096 30729 9424 34734 29136 20626 43609 24047 52330 25902 46478 39162 34731 13503 49204 16109 33181 32101 4673 33565 29605 57618 10912 58980 35190 54013 52047 41734 4531 62256 35105 49689 60463 58675 56107 25484 23691 32051 58954 53596 34880 61252 44556 4338 19970 26741 60668 37725 60674 14563 62117 4235 5482 1561 66253 23826 43155 22859 29068 25029 35764 46900 34922 13879 47157 45853 65941 51939 50274 23476 53162 37276 60796 48922 60730 54242 55931 28779 70038 41847 11621 32708 59073 23339 66754 43114 56910 26562 9997 4347 37298 40980 41565 63656 18455 55553 306 20890 64095 70308 43889 35801 15359 64522 36250 13962 50879 18116 18124 63392 67514
106 631
13712 37283 64389 47520 62349 34227 44122 22616 19491 24441 62211 17665 28161 24631 27478 66376 50675 51174 22114 45519 39803 63014 40591 54809 30850 25396 29047 43483 2288 64119 34625 31361 4512 2865 49687 66834 34713 47495 16096 66874 58377 69947 17020 58072 56955 18111 35506 25278 4934 34003 60632 43618 59629 43124 62200 55882 22155 61668 35944 47199 7325 62293 20027 12169 53758 42645 27611 50718 40969 60214 39923 18316 25994 23440 44468 47911 51525 30010 35561 53566 30043 30476 55968 60167 52200 58968 11223 32885 22529 374 57019 42130 3632 1242 55994 21594 57994 3376 48880 36741 12629 41515 61429 67115 23252 68812 50456 60976 17954 17107 65928 63982 55992 10030 5207 43969 9308 2806 57305 67034 9874 44866 45657 33808 28796 20650 39789 24746 33257 33312 13160 58628 67630 16485 4604 37448 65182 13488 26217 39006 36477 9911 50980 19633 35282 35540 51437 45550 4524 40100 42525 8987 25503 34819 7176 32991 42187 53181 12635 45238 20213 42842 2495 50249 17233 52627 28262 16850 30604 37028 44995 8734 53836 42395 34525 2696 45658 41738 40512 63904 9158 59518 1101 66967 46623 48887 27095 6347 54028 9775 47112 50228 54426 15430 22143 21661 59465 69868 63657 54575 14165 6361 52240 41079 52750 68625 66816 22368 68188 54335 43090 45593 19346 996 661 18266 54487 20254 4851 24011 3199 11586 17520 67135 56997 17190 31678 45127 1809 12947 33709 38514 68272 29571 17013 31213 45748 7734 5943 6795 19733 2804 13665 47962 54814 61383 53406 68364 53179 51397 20205 65694 47613 3036 59574 35782 15889 45836 37442 32301 3401 12393 55779 11743 55006 23900 69411 19437 26372 69415 62001 61104 38603 16402 42374 62786 67209 2524 47481 37363 47330 21042 61323 4090 61656 45798 62177 44574 39922 32455 40841 11134 58621 30984 45356 52025 20588 8568 33635 15015 15695 32098 61764 53656 31040 39020 47292 27409 54326 59479 47901 64550 30170 52953 39213 14977 12961 2872 60224 48811 22337 69469 10543 57866 2580 63465 16616 53703 14844 51329 25027 8989 9754 12976 62749 46413 34817 6363 68024 6840 3481 13285 63914 66058 38708 55669 45130 54136 7777 40996 20561 2622 45985 62417 3123 5077 55524 33125 12729 8661 13090 56942 10908 55841 26108 7838 33190 66902 22454 30931 46057 36790 63572 23363 1488 34322 69917 19076 5034 42131 19373 7807 54462 39515 41332 11351 54892 53429 44760 13812 63531 31207 19578 58888 61391 51284 32866 659 21466 54506 59427 18952 33344 13027 36271 38238 3730 30951 69208 37527 27629 17522 40680 56280 49355 54923 38656 30372 2500 16592 57129 47658 21768 28697 4760 69223 57837 18397 4784 65402 66496 52238 29636 58391 43730 29958 10714 33323 33335 12890 24148 2583 34280 22231 62 4888 55714 19979 36403 67165 59632 8547 65640 66640 61115 35595 7049 38803 28744 622 50592 45051 70155 60254 60410 25035 39987 1013 35495 54045 62478 66194 34752 69174 25538 15209 21221 2864 70866 56685 48936 30773 11015 60309 56768 5808 58426 20951 61096 48910 29033 48084 21930 33568 31937 59362 68738 45908 65009 6074 55356 3017 36635 42019 17531 21471 1533 65251 15632 52634 38756 5584 65258 62389 4928 50530 10601 6988 11887 52097 13543 48646 6501 4587 68128 62460 25703 9674 44614 21216 13332 59400 59902 31827 34548 42390 18554 25040 12446 23066 200 50033 3413 54893 10375 40997 58361 42574 1936 49541 26464 57054 13612 36904 49345 3164 32184 11876 60412 55864 38028 42227 22028 57164 51021 39575 34400 32967 48614 57956 42043 37389 48456 37386 51912 48106 48234 7860 70416 27316 41072 49206 39484 32252 55007 62368 40548 31480 27598 67960 35199 70291 30035 22075 63113 49211 46802 39305 14754 33861 14679 16680 7605 55648 37256 24458 4442 29574 3220 20063 64260 37677 38092 2059 60594 55845 51467 58998 42441 22641 61584 18945 27350 2830 35678 25853 70914 38235 23968 3725 57045
432 614
49397 47657 24523 34848 60988 53358 61964 51982 53898 48042 353 13761 49576 19939 49411 22919 39202 66593 3286 14004 2893 10555 4745 31871 9873 50699 14686 67156 1153 20060 38894 67148 40522 52033 50577 45090 9221 35145 30262 69957 70067 39479 26442 46607 16302 64330 65277 6418 27021 387 42173 3634 63160 882 3834 12735 68918 58853 6798 14391 21271 18209 65514 52520 28802 5882 10436 39182 60174 43739 11636 25674 33297 70031 33622 39287 32907 13119 28662 51355 51219 52943 27055 23460 63022 37660 4002 7827 63308 66799 58763 61608 17657 13988 305 19310 26170 18798 57050 23573 24662 21881 53576 27690 23671 68084 13430 6254 17514 60861 27819 52970 43664 22577 70595 23315 6018 22485 26587 28666 53737 22676 47260 35475 44418 47870 46968 31959 56879 10431 34117 26131 8538 23543 42856 5426 22536 10392 7410 31598 69573 22484 24969 27147 69594 28562 663 31723 42292 7817 736 5740 8523 62932 45143 34026 67072 11748 66239 27650 69327 6632 27520 38577 57775 62133 52790 34910 69385 57928 8151 7852 20875 51754 66418 44993 20805 18638 23655 24141 24653 33403 30197 68005 55898 50876 33955 48339 64854 62043 3577 58489 28333 12215 25694 29570 62856 14828 4857 8471 49113 5325 44370 16260 60172 2045 34608 11271 32004 22826 39185 70818 24537 29583 35807 24372 59569 60008 37837 66769 13596 10526 35289 42640 32857 7134 33959 13764 18940 4676 35469 39155 27475 67684 64398 30535 20454 46067 56674 54679 5060 70897 3891 11401 20246 5848 33060 31557 29979 38901 19682 7675 31368 51717 61425 24756 56979 22240 66438 67577 62847 67266 55443 45537 505 52290 6704 31375 5190 70896 38264 19251 28460 23343 29675 14584 53662 36669 53741 5644 28318 8755 6070 26195 7920 33516 21179 67061 50158 28687 51709 55685 23429 41948 25950 52587 59943 54185 62730 34600 33813 14773 46174 65330 16969 21301 29998 7619 44974 68568 58039 61742 26824 37151 35794 5657 12288 29197 67112 59624 21488 53642 5110 4692 67755 31292 39663 39699 45105 59892 27868 2650 24015 31180 16713 62764 61475 47005 48170 65433 21990 64239 31309 61013 20832 23704 337 38345 21906 53839 63453 23091 25719 19205 22151 1498 35638 49147 34052 17497 52232 15738 64697 27197 25374 33953 49120 26697 44972 25390 182 47728 50686 42625 46192 64656 5267 29498 17247 52753 59224 64805 27692 42945 53163 35102 8485 21109 27826 9680 33208 65580 57843 62250 1381 27834 21612 48342 15284 55178 67629 35012 13720 266 22888 7147 61128 6736 65390 22760 59513 15715 26827 7041 26361 17650 47502 62428 69756 31739 44639 12428 39720 40732 56534 37105 11493 41696 44323 22190 30507 61404 55596 55911 11061 961 23018 67334 14620 37212 15636 68838 32032 21587 58392 24681 39948 60718 42573 70708 38119 56890 39504 36591 51583 58064 62776 7577 32618 15886 39319 21935 28276 38049 8252 32103 39817 58137 1412 7761 12440 50265 15928 5797 175 17700 54131 67628 47664 42146 49138 38203 13029 28633 24883 29677 17162 65752 16937 53945 51937 9223 64385 51042 25773 54222 64895 67254 35296 58796 12603 64510 30246 50190 32556 66946 39341 62114 49390 58169 21866 14205 4007 57222 14409 53683 67085 62980 20193 3538 14700 23288 28074 28110 22783 38944 63098 33383 13191 48440 65562 55758 58713 22270 12120 56687 62314 38814 57564 42301 21773 33029 12069 43440 42569 31621 64355 22732 23925 355 38460 9318 29779 25502 25033 47238 14522 25128 29954 13852 34366 58228 53659 24601 50715 6907 28863 42153 2348 9466 12468 39429 25733 11390 43165 25116 15272 53258 440 19499 47334 1633 35680 3001 29702 7507 43421 49743 53601 4070 53416 33129 39454 12203 3540 42053 62203 59835 58458 17479 20079 18427 37148 67358 27656 63596 4508 20929 23326 64643 62724 58677 46459 9984
100 609
64192 48721 68592 27009 54016 69152 2769 57138 10479 14646 30445 34414 9267 9305 7869 26499 21706 66604 26319 327 52182 645 9768 2163 37111 3913 6517 20191 39294 23509 70622 3358 37655 55139 10530 2302 13077 54224 38432 67181 41796 60217 31327 60284 62193 3308 2592 11782 67275 58071 53088 53676 19552 31788 52103 34233 56665 68809 64903 30704 53821 40367 43760 49164 42308 12822 68193 70685 67268 21624 24107 19212 10652 62802 47484 29496 20385 23165 54400 41045 19289 42170 41764 16983 36254 70272 66732 4469 13660 62650 54518 52889 5884 62604 39757 48594 11489 66135 64138 37177 38710 39536 38703 29543 10675 63355 37880 46759 18090 38720 35369 31683 22439 27040 15220 6036 43197 59747 11429 34137 48786 51980 38471 51305 40425 58333 22241 3113 25481 24000 3227 42899 188 67008 45435 54205 26156 39299 15762 1748 51318 42316 66183 39197 67516 16351 60314 69089 61123 33395 24477 43788 20316 64166 58139 7198 24144 34958 17548 64613 16071 45768 33546 24704 31494 62112 32815 26720 25639 39962 14517 66368 2911 40288 31692 9455 54061 62536 20806 364 26054 5836 46476 6694 54308 48431 47172 68686 52869 52013 27743 53333 20418 49198 59211 18465 35396 19807 66015 51683 22158 39877 42835 42698 64434 5835 3363 47015 4435 65904 55893 48001 32518 49450 56123 25336 56094 68938 20330 18698 38396 66238 29376 11582 10677 68000 43481 13037 67617 11145 17231 22350 59328 21281 57088 62695 21851 51565 50289 15126 65605 42243 16960 29201 68314 5242 56801 65086 14142 1055 50213 56439 8735 23699 25043 11865 19408 54329 38280 29426 19709 7167 68892 61679 66837 45936 66020 2816 38986 62056 69474 3645 5694 32440 47 14734 56681 67587 19452 3254 67393 68185 43619 2994 47244 18386 27991 15654 17923 32363 28082 31137 62663 41137 50842 62938 3567 42552 22819 29912 58851 64117 16478 9005 11674 20508 41644 69634 64673 23220 37923 5385 48471 22234 29494 10170 44061 62219 30901 49716 7548 33906 10266 69728 70881 23354 21846 67219 67357 45561 44021 13623 27863 56052 45814 68484 54128 53887 5062 6405 35459 50111 50888 3766 30492 24007 18199 8350 46016 26168 61589 70311 38100 13702 16168 20259 9522 32157 28803 43964 15410 22344 55182 50645 70732 70770 62318 21231 55532 64160 15234 15282 22073 58035 6919 8657 17606 6010 26972 19209 10307 69090 28158 13945 58539 42606 44890 32429 6044 25748 61017 26210 70058 14815 70702 20652 35191 12916 38836 40940 65198 69098 58917 46925 18080 47698 58157 53192 47780 37312 64115 69425 68167 58259 45618 56680 3862 69738 27512 38428 20170 23385 40685 58404 18889 53033 53795 52877 22598 39195 49217 29048 59774 40575 63935 19365 41071 21147 23961 58930 64546 5419 46497 64133 49986 66656 57878 52716 12047 55778 50493 35216 9958 20438 66206 52638 8424 39169 12087 21563 26135 14121 29804 20500 4306 16199 48144 36677 56550 29763 55382 3326 4795 61040 22212 61286 26496 22691 67161 61807 54331 69527 30540 67039 17286 64465 57347 9903 63514 50415 11811 4482 40257 32673 1911 17944 57265 19725 45411 20883 32503 58732 59589 68270 4889 50060 56448 53016 45484 43752 63102 40859 9277 20544 43319 33263 66149 18288 7263 14025 27725 11616 53043 55754 62221 37887 22021 52512 30514 23375 55245 49415 7299 28487 35524 40759 1117 66462 41287 43500 62762 44009 11434 45515 31072 10445 51638 33642 35362 54232 19926 38712 17539 66050 48460 24673 61825 24863 11598 45371 58031 59408 58859 49337 26976 35054 7938 48390 66079 582 53044 11346 20163 1339 56891 44759 60793 20547 24252 24444 63427 8905 53545 31977 47800 10239 14557 11914 69954 29713 27823 57862 52470 9766 5587 61464 14838 27242 25238 21227 19336 25497 46156 30057 54641 19908 1664 34507 5861
64 594
55244 30696 60162 40569 5357 31169 68360 12691 1043 7832 62937 13122 27494 38850 2333 48259 44347 23867 51850 58343 7552 57093 35394 5270 62379 61684 9136 32835 48803 43147 11379 43001 27215 52975 3400 67880 49962 52362 45401 7432 30772 51436 27636 21617 63860 5080 26923 54480 21122 32171 24503 16790 4319 40843 12059 34024 35442 68451 44039 49696 68097 7606 165 52329 20146 66796 35378 19131 41971 55510 33281 67511 29159 42188 39380 49277 351 5903 59869 33532 7021 12443 29185 10270 15418 7426 52045 40660 47453 12347 66176 27637 62832 19420 70116 42032 11812 62173 56084 45981 68767 65803 9551 55402 62723 36554 54584 68564 43328 14606 42195 44254 5614 58799 33229 44233 7363 55109 63551 543 3434 68400 1826 10509 12873 36562 10134 63763 60299 2441 41342 21412 46040 7171 9792 47386 2660 32523 30768 7522 49603 15276 19448 21683 11484 43298 57777 5352 31819 14068 7836 53788 67479 62806 26452 53778 8081 47114 22731 14971 22323 16396 24083 20 46358 59136 67857 70098 41967 45057 41121 20377 23461 11550 14084 18786 7401 61537 8338 38164 62988 4178 26847 52396 36646 69943 60656 57808 55791 48729 38767 22280 19065 25813 1570 54309 43406 10357 46776 69748 70607 33901 45080 16235 45599 41575 14015 45041 47947 16043 67457 8359 33653 23439 56165 15468 50526 56864 10023 1648 2222 64129 30934 32931 64327 29063 30637 31102 22947 12951 70214 42418 20361 29634 48773 32250 39717 52239 10131 49435 41916 3860 25184 37004 31408 63266 31810 54838 8570 39201 15862 50861 49780 28264 18620 58885 70023 26869 39898 15708 25006 39060 18612 54186 68573 5779 49555 6396 5603 54962 64311 55441 48010 35215 10761 27200 62253 21955 27166 48082 11017 37809 64445 61458 13969 52285 16261 51427 27334 59089 44145 28899 9897 9961 56824 13111 12945 33177 64277 17260 30867 35423 61889 56251 66797 3541 199 25164 21088 53960 50180 60550 17491 9350 21253 46666 23449 6462 27600 426 14937 41105 69822 34756 59455 57597 61848 44737 41447 43504 2983 22289 53549 22969 36758 3076 49037 68525 1254 5422 23910 19054 15736 22253 49104 65185 20591 39476 35128 63441 61245 33731 34467 26149 46086 68712 53441 16840 39435 45402 2861 10508 66226 66764 6551 457 33939 5650 16060 8383 10046 3348 41632 48213 20877 27562 12167 45383 30367 63595 5063 22087 3671 57470 23848 18200 28475 33585 23731 5152 34173 8352 44413 25458 24825 18137 26789 59340 35096 17586 44272 29328 54239 11143 56549 66658 58005 47355 25479 14096 12076 39316 49737 7063 27116 28052 50337 8077 69591 35015 112 29374 33228 12379 9904 66025 65479 30706 23100 9720 19075 68572 41275 39974 21125 27386 1579 11829 15252 50391 17905 30968 6960 43810 37066 39104 12879 53219 37885 39554 44073 62833 58942 27523 24479 27460 56967 41212 51763 40910 37072 52601 63899 31460 7440 62750 39825 21590 6900 42943 58669 42553 34686 48884 59187 53149 39875 37462 26865 29412 50539 22834 37091 5310 4497 14506 49953 42336 20018 53748 50423 52641 17613 59444 63934 42307 56704 66968 47620 39260 49905 59424 34859 18613 31183 16830 52701 58156 41888 34370 35073 2474 51640 10032 20144 1370 24010 65755 23833 30814 52260 11343 21797 64575 68156 27457 54244 63351 214 40769 65447 64669 6911 39895 61155 30386 8384 29894 53454 44991 49911 18119 47420 38579 55360 25151 10493 29296 61334 43851 67107 31058 51918 38965 27872 41013 2958 22227 45552 46060 61800 62950 33960 25375 4224 6742 34435 22471 33749 58177 69066 30530 52836 39081 19553 22748 41525 6037 23353 62894 18176 31002 50824 41089 14594 69978 33350 21213 7392 62887 26058 21977 5604 30185
184 578
57132 21574 48795 54420 70346 40747 59161 51530 57495 36687 12731 44373 48323 39292 12361 25419 874 7834 56489 41168 31978 21673 29165 11547 14999 51744 27915 40374 36204 49493 49989 45360 58073 26130 53648 4509 6567 62592 20441 50309 19050 54881 1910 28148 52009 28088 44627 51775 22364 5261 18039 21747 36504 66334 45727 38254 61695 7905 25977 59203 46001 47674 68512 44217 11673 16918 34681 23482 58622 34473 45652 8664 6849 36440 37426 42238 34741 8851 6752 7999 62942 67531 49099 59760 23724 63736 12174 5355 5738 39134 27325 15552 26377 4171 26020 13473 34008 9732 54103 51037 51275 6146 19093 16145 6574 18068 44564 65280 14658 26949 15407 56714 60940 25237 41850 55951 21344 40394 18917 64638 59449 8610 61282 816 39384 11110 20905 7785 11826 41468 48796 63197 1314 2159 31648 1046 24127 7962 12146 57533 67970 60381 64275 6535 23525 50369 21023 5629 46065 52490 283 62425 16455 52235 4056 4624 1060 64863 53755 30242 6100 51664 35564 15248 59798 62767 23271 49248 38531 39357 13093 22117 9653 7651 66470 37206 45975 50192 42210 30977 34176 37250 45668 51554 5121 62471 48932 49293 16656 69365 8036 31728 10201 62167 41820 27599 35871 3684 59702 23388 62419 41041 55651 13050 48224 33136 67419 36705 55599 15874 26538 60154 24289 65482 29509 24100 47513 19238 64408 24492 12704 26725 46442 20396 24760 46403 48911 58863 16865 61265 53556 58471 6235 22906 41180 17234 44633 57126 25031 37637 67103 51840 44696 45526 69770 38001 8549 56359 56097 39899 20381 26354 24837 23902 16831 23198 39814 38818 1947 67656 45192 23053 56189 23978 14712 70213 19610 29042 3553 31394 51607 52096 2069 64451 9109 13999 11499 52606 59510 31993 27121 49331 32648 70279 70686 56492 17896 57337 2202 11227 44332 34327 59701 65945 69373 34641 50570 63289 27632 17690 40922 39920 56794 58651 42778 17791 55372 16007 68440 6712 68613 62664 61845 15882 54710 31838 48508 2882 40076 1898 64486 11688 28085 1265 25076 12912 11623 47539 62519 69156 23973 49391 39164 27437 39071 37227 3071 15561 27896 65292 37525 59936 47438 62756 14095 20102 56188 2022 41669 63969 31676 5255 27899 65594 20930 33324 23420 9923 42144 54080 62546 18221 23994 51133 9735 16449 69007 51215 27652 22411 16487 61043 59762 25847 53633 29086 70356 52043 48641 24878 35200 39497 18496 45875 35244 39611 53191 2160 47522 57047 51029 59216 58017 15977 25316 67870 27277 70565 4164 52063 49083 41718 47958 40796 22387 57341 6296 24743 66639 66751 17236 29 59839 59545 6797 22005 59070 12831 53929 13389 51894 33757 60842 3927 20733 46234 41236 7332 40330 25282 44582 42843 57721 8997 21309 68366 61960 7555 61675 62643 17535 2478 19620 56556 32075 217 62195 53132 11327 10435 18941 32884 23538 31013 19286 9028 69754 41797 63314 29808 66701 46059 4246 11470 34377 68864 29908 14055 53186 55803 9956 44180 63220 27784 26846 25369 46719 26534 19946 60023 8218 31449 12021 481 61099 69299 8367 13420 36563 48896 49243 54922 30532 20736 32185 28752 757 59486 49349 42394 4892 10766 6886 38755 54193 5341 28266 20724 24850 15987 34352 32707 21119 38401 49228 33385 47896 62567 3854 55335 20962 51769 58436 44683 65728 49339 50713 62599 21826 48654 25223 30953 47575 24672 14321 21954 8265 41620 7062 19237 18675 10069 55564 24598 5015 942 41106 60041 31600 17068 10927 42062 13256 27272 41090 61948 60916 59845 45764 69149 46512 13661 25127 5816 24394 14355 59606 18703 51616 70277 35520 60494 13436 25751 9651 24049 13814 12124
448 567
7022 4274 59209 53843 34696 65596 23273 33314 40296 30241 610 3252 24328 36978 33529 41413 22905 35405 16151 28897 34674 63133 65099 42277 21996 69764 32923 65218 65586 15570 27999 18284 39040 20013 25795 30993 13178 1815 18748 68860 37201 60545 21303 13373 15798 27639 27533 33768 9660 39145 53994 61789 59796 65073 7055 2117 25421 3338 39001 51135 59891 60370 59862 58905 12274 3196 37625 38489 12530 45029 58100 3242 3651 46412 12452 67491 66402 39556 12031 54858 60335 3341 67731 67798 64719 69187 49712 48 70378 56622 13409 33837 55417 33520 67484 63554 1871 63238 2817 50004 63748 66556 40984 61575 797 24461 60035 69117 56506 25774 42413 22034 56216 65520 32588 915 43170 11502 42846 20657 35697 34177 12253 45498 42193 65216 6487 24546 34530 13651 12694 28755 66899 37763 10419 11942 26834 16868 31671 11576 22127 36932 13914 52511 1234 21841 65226 40225 7975 49162 57139 52917 16008 44457 32730 13706 66770 44843 45662 2712 59867 8952 49848 39959 27989 30198 70434 594 9584 29067 42380 4611 37103 61564 69982 35395 67208 69286 37604 27958 30816 51350 68274 20676 33543 12579 41494 31057 46590 28982 48511 9915 26939 29464 18024 8739 44679 20964 12817 7952 21695 4005 55502 43894 11496 22284 59183 20126 38610 26437 63671 62063 62991 10991 18449 27158 46685 62341 57548 57884 52185 28050 61197 38409 69324 55038 49806 28162 26806 27964 26041 63636 44400 47391 16268 26904 18155 35100 59633 68671 62768 44127 56 59436 25096 23438 69004 7126 3192 40541 56617 56654 10623 43416 19037 21808 63675 63784 33269 27694 26044 11055 44292 68083 39117 70418 36670 49084 53451 26776 46870 69518 41546 9421 9203 61083 66086 5540 58966 41146 15431 30340 22560 52786 5713 21979 17368 39224 69270 42870 49662 45712 56481 53981 49655 33794 58446 1552 63555 45891 41141 48299 66078 41442 11817 35293 14561 18334 49052 54323 64687 61281 4089 49481 40590 52188 36777 10918 33840 67966 8956 50047 25210 29761 3711 41296 58251 10613 26968 68130 57962 40784 32600 26487 33099 11724 69401 35129 65883 37503 68979 24892 5756 44364 23789 47166 54684 39756 68737 19893 14288 36820 6754 9758 21094 49984 47107 14680 51867 2772 35494 1691 41918 29372 56529 4630 1272 33802 17183 15381 40238 26028 28525 53584 60759 26036 17427 45205 17823 26831 15511 65772 37622 55331 45094 65852 27167 17282 62684 38715 6806 39765 5410 59409 62180 32133 22432 5420 12466 50132 59500 29167 20365 36270 51203 46135 67716 7667 23736 40450 5508 46624 11991 58775 36922 26491 6190 16452 50540 59077 5185 35194 11375 11046 58335 24261 15929 22165 66249 29747 15968 47373 47497 54566 38922 8794 9224 20799 51556 69895 19440 14119 3943 7689 59639 57514 8439 21592 1353 18140 28798 58282 28003 23784 8480 35053 51452 8208 42968 42707 6737 63809 20122 3247 24996 9705 18435 4670 21341 49425 39661 43849 56950 44671 2974 41186 32765 36585 47463 42468 16602 41855 26132 13358 34160 48980 63451 33160 3114 65799 57217 31333 30083 40989 69396 54120 12255 36549 9050 48164 29433 60920 59168 57449 60004 31196 60177 53417 61649 54436 24009 11212 44187 59054 53869 31335 57741 32192 42616 26537 69799 66960 4109 23046 62617 35997 12106 56765 28279 20307 62052 15954 15057 59345 38569 48667 23182 61918 31517 53223 16282 23298 68304 550 5668 21810 54758 64823 18372 63793 43054 67444 10495 17220 24586 21633 63745 33812 67816 55764 4694 6835 60705 30129 56951 24206 61349
437 582
498 53107 43089 65079 43342 40298 49591 21322 44747 66524 67130 2602 60490 54481 157 54870 29217 20294 15773 61011 830 21667 16468 36828 66000 43251 38968 68976 69062 22544 31400 63600 3999 8069 50 40816 12072 46328 10730 35758 25323 19257 11039 30211 11918 38012 2317 48605 8834 16944 61346 60402 20753 18052 23793 29077 921 46803 3245 27994 25404 53317 68029 6466 48079 54878 38789 51188 28957 22217 70102 64181 24460 15098 33704 67493 14393 8261 8703 31429 26702 41341 56043 68912 58785 14413 37946 35359 47427 66615 50993 14039 38660 18701 2737 46764 59637 60918 49354 36621 51007 10290 46871 41857 14241 47409 4642 60937 46668 44687 39847 14542 69508 46428 51340 57646 5696 60736 4797 9372 14597 14075 2797 37396 61117 15653 40396 44285 56294 11112 13485 31730 9285 7178 39583 61244 7991 61516 39105 69794 29481 46198 58907 31081 29836 56553 38874 29569 11347 3455 1851 6716 44937 19015 44490 5917 12931 26229 32322 65863 48124 31927 25621 58125 24002 11902 28868 17331 59218 657 58204 50056 54533 15471 43181 3922 38872 27115 60427 6934 16566 62033 23869 5814 69193 37424 28111 32929 9967 46486 681 46762 59890 28275 28442 36861 37367 40020 43723 18525 1761 63779 55635 16309 25118 63108 22182 69477 39950 8990 11592 69595 64175 48212 67136 47311 24844 31145 33492 42068 25366 46466 8483 20995 35635 37438 31041 68771 51574 27266 34962 55696 58058 15566 57345 411 34429 41748 32933 18659 12850 16136 48577 69531 18167 12143 20732 40222 60866 70640 50585 14509 25260 68480 5249 3685 36883 53280 47331 53782 43737 61694 40077 1525 22472 6219 58061 23646 14602 41709 52773 69265 61525 67829 33724 52453 21539 24182 52059 7076 5218 50079 54558 61121 43061 69121 29828 46396 44507 67624 23635 8757 51481 51656 9008 64708 55357 31586 14738 13362 1529 2032 70830 28835 20912 60163 35357 60270 36104 59381 55301 19429 46236 16753 49611 13327 65591 33449 16531 17443 3911 7840 4499 12741 34783 47737 24487 32674 68804 64113 20075 22412 15853 30745 66038 33556 33879 59100 47233 41029 31396 14050 9291 6174 19156 37530 64353 7056 24156 42508 47952 67178 23173 40572 10832 67298 62030 31364 17381 50461 15684 19428 44173 23270 54873 18581 62468 34434 58944 40639 31560 46103 16407 31774 10836 58227 47697 50472 50848 120 6398 34326 5154 34267 4307 4929 29666 19622 2598 9726 10859 55579 53557 27718 26686 33021 51085 29900 7456 24005 69110 10474 4422 26568 39216 34609 30663 4728 35988 7598 31127 13089 45062 18770 37368 45905 45928 58502 41227 41935 45367 48818 52384 30207 45929 11603 26624 38290 12362 16655 25580 48398 53943 50230 17738 24545 11877 10595 14749 60140 23286 56761 41791 56847 12840 67190 61113 53586 25071 3610 65081 5403 52073 60099 11051 3687 68551 3484 70739 40136 39160 62115 68642 61144 65696 57274 67868 32408 27593 59490 39103 32432 27790 49924 46988 42240 4540 34260 16331 14580 40537 62660 26584 63862 58273 25990 15590 36383 24859 14336 61278 39724 65071 63449 64376 59370 37158 60483 490 41474 44453 30208 41226 33694 54170 18978 68839 31771 1510 18490 31721 30838 18590 44226 6839 52074 64659 40361 2361 47020 18508 48580 45009 3518 27303 69678 26101 7443 66281 46573 51129 1141 37634 46854 39219 17157 11440 50930 14240 19694 29851 62608 66801 31664 66749 44349 67807 32222 56928 820 69747 62672 6169 61133 7347 52099 36729 28214 10654 59460 6520 53422 49215 11044 15132 24935 37854 39087 45279 4321 8569 16899 49990 33775 44018 38162 69155 3779 26438 65378 65401 28555
58 522
37200 28738 27220 60366 14579 65943 62943 47154 37596 5004 51979 40923 1763 6749 10284 50666 36923 70206 16139 69370 70235 20116 647 59404 2756 16892 50126 40478 65169 45889 33612 61335 53329 24491 21058 28709 38382 34213 27332 41124 62778 33407 51820 66685 4022 45827 62502 27698 48639 27374 11642 19811 44190 25623 15811 65991 60160 25923 65869 7956 35519 21731 60744 34702 39796 22576 22023 51365 56683 43294 65725 15364 25647 20581 57447 18794 19585 24758 13223 37419 2597 32170 16035 32986 39513 27839 20821 6042 55207 56296 25995 11455 68276 15073 33908 60325 16466 26997 23277 47205 60037 6197 6484 6106 15404 46344 56527 69342 34102 6990 33586 59777 51879 7837 42124 12020 64149 68670 23779 14444 60274 31134 52674 34449 213 62358 63279 495 27256 60009 66425 49560 15179 40400 8967 3992 64835 68546 21900 65297 31103 21769 19267 13717 67430 53954 67939 31162 53174 67963 6745 15188 15265 63173 53021 9738 42589 54351 26998 11114 10017 15202 35960 56888 11670 31588 31757 62882 20111 62037 10867 62054 40150 61149 20661 70516 19769 58279 49344 64155 16296 15756 27928 53072 363 39516 21874 39251 25771 35413 46946 2172 27645 26797 32096 48300 56115 16526 7314 11686 66154 49152 12195 59918 67498 21055 52116 40536 62746 57491 53341 38785 14511 54181 10750 27388 23448 64942 12058 5501 37853 24467 9019 53636 31563 33781 50166 39347 31531 50293 36125 22327 55364 39511 23357 70237 66322 5591 46629 44874 70667 48848 14350 68496 37844 20717 41814 61098 2158 21452 6274 69924 36583 45444 4545 38760 59499 25298 9796 5455 43817 52154 51550 8853 56144 19742 18036 38314 66558 15181 64962 4372 67160 5711 12948 31813 34085 70197 34134 20486 741 20249 66864 22380 42329 52651 28593 50330 30347 27781 22192 22780 63849 64689 39980 65510 24113 55531 44160 22652 57692 24059 24982 8696 33061 10701 48207 51146 67555 41609 58931 67191 69984 3431 60302 60781 6422 37776 64477 70349 63394 7294 61562 46134 33844 15533 57197 45462 45837 29706 54439 14421 70461 31990 25131 6836 48747 38918 51490 13145 861 31155 59855 24720 8407 38911 23884 23050 57979 25628 39328 68832 44442 64380 58818 41345 43357 43825 13057 13022 13228 49710 57728 19367 51372 47957 40294 36131 43731 29712 37779 30080 63069 26441 35660 2218 64763 6775 17978 42684 60122 58887 914 38300 11156 3811 50247 6433 32750 47458 15079 4488 36371 44409 64971 32449 31048 9215 30793 12498 43499 12385 60508 69329 37751 59466 18758 8 42204 62990 22767 64517 39336 58934 31402 24068 1397 20348 32796 33028 44970 59463 30860 13180 1858 14239 19048 54773 57636 14925 9617 9799 61689 59364 42220 56109 38024 30467 6683 15641 29319 24576 10558 27998 41508 66687 55641 24209 47397 54781 20243 18195 9092 42101 12942 58708 58211 67042 31886 6541 64152 58925 63616 58158 65160 6950 67182 65138 14059 35608 65282 39411 68772 6477 66603 24048 29885 25988 52893 47371 5114 49535 54907 10813 70724 50363 8809 40435 38251 59397 13808 12237 12483 65050 6634 66996 7290 27153 65276 17645 45429 27087 10428 62639 58598 10527 52377 50598 58146 2426 4845 10233 50336 35737 42953 45111 43420 51936 23349 50191 42229 9484
479 524
57639 10581 11587 68935 4987 8762 43956 2212 56839 65781 26029 56249 54367 36778 22133 50133 20271 59783 39019 18082 17353 40295 65597 59904 18958 26970 35752 25992 48820 16288 445 56585 17176 25391 52380 46644 61882 59897 27545 17457 46790 511 57436 36544 44163 64162 6480 65851 23290 49839 642 68569 11394 473 42344 17077 16403 20679 26456 25378 36704 35967 65267 14347 69798 3879 41094 34034 9494 14204 12261 25802 57729 30193 12366 50486 14037 43779 22309 16224 43238 59092 23713 55686 40457 25615 8988 16624 45796 19950 10219 69986 26903 58488 32509 2276 68778 36914 12895 37820 54724 6964 61032 61165 28211 66075 16187 63147 49381 27088 2339 11378 68074 24160 39286 59375 56844 4006 33313 12277 39558 58375 69676 43546 5101 34852 12805 3620 41082 19655 10342 42542 51221 8306 8602 3665 17634 12161 56360 53619 46758 61402 36165 11021 60774 68247 27308 39521 58686 5645 14200 64916 44897 43058 51446 4586 11976 30094 43666 61957 38962 22659 27024 61671 26691 57911 56963 26435 8039 52157 48551 1584 49971 64405 16824 59360 69705 1320 23139 36688 11171 49314 13477 16433 43306 7081 59253 34048 49346 4290 14827 42147 42516 43393 32981 56309 47405 1771 21371 42762 69412 17567 29994 53792 24303 13865 10327 70264 11831 17346 70445 39763 9696 60870 11821 56933 6000 30857 36268 2858 47182 2189 20811 24787 58847 68747 27227 58791 65355 12478 57898 26211 13707 34615 25363 17729 67055 13948 42658 9916 52879 8169 56313 6087 27368 64796 17959 4943 62616 43020 65 2286 41961 63481 4398 44128 57273 51098 29179 62064 26573 60711 21994 5610 18238 27304 19275 19338 35077 49061 59484 20914 19737 14592 49330 53010 35645 36801 3901 51976 29946 23426 4465 41418 15691 67853 8238 41120 15323 1678 32789 55771 23280 26185 67487 63677 33280 70741 66394 61780 30353 13531 49735 49783 43242 9189 40355 56354 65600 10612 6913 6877 30320 54344 36346 35717 31874 34724 24473 15512 35049 47611 19345 41648 14513 55953 63506 17519 22653 12756 7564 53631 65536 2657 6134 45697 36463 36815 50012 62017 41749 16275 59470 64392 34090 42511 19758 56958 12686 64161 53403 22468 61473 38990 6441 11399 47738 4386 20091 21753 57891 32404 9906 33186 54259 22137 33417 44080 14621 1617 13798 48650 59297 23450 55355 55506 58592 39700 68729 39528 2284 50532 45419 52195 65323 4724 24700 65094 40689 67605 17459 63945 63200 54337 58163 29023 62329 63868 6649 65489 66308 15507 16461 55565 51326 12545 49832 26458 49648 23086 55871 14616 5018 60124 17111 41739 19896 14448 19125 17148 69016 13786 42813 14943 70591 22167 29246 58682 9905 17034 29682 3602 49639 44425 11139 40928 40064 26890 50537 34554 2075 54940 40488 27049 38359 50729 28416 10882 46847 55189 56805 35230 30437 1342 14280 17029 13419 45345 19072 68721 2634 3681 32412 8573 6578 41241 45913 26909 20879 37626 66032 53593 537 7323 48513 34126 68106 10144 35250 23743 63109 24975 57304 65993 44172 34128 37913 11816 28328 44156 21532 4543 41606 1129 67010 37558 37401 64616 65895 10223 24561 55058 41263 9719 228 15059 22237 16817 41178 8487 8007 25259 26655 30845 65710 60013 49876 41766 54081 9052 23483 50755 40583 9928
84 527
23035 3964 46986 70780 29043 30669 57173 50095 48719 24390 51351 13659 41251 12425 70888 52057 37565 29326 7291 28260 65131 28816 36505 12013 36083 57964 3386 29550 10120 16158 47353 7588 40523 57581 66474 69057 61739 20384 37790 70693 62452 6262 18134 25168 22125 66186 46731 35341 63858 43237 35646 65486 64068 7379 45126 22431 12011 2130 21092 40318 41228 62270 26205 23309 8681 62443 64401 48037 40310 53573 16779 12978 57101 38829 15124 37048 27660 19012 15207 10512 53208 12849 60084 20960 42853 53786 1971 898 7752 58214 3942 14660 62983 50945 52228 36633 25070 16128 55296 33511 63902 61956 43673 3865 68911 33278 25619 52015 51649 52475 8533 27920 60418 4062 55472 8937 70508 36099 2560 59543 50748 24383 69816 28978 44313 1553 56356 56607 2555 13106 15508 20374 32675 22186 39620 61080 56443 70438 27812 17434 51883 31753 4750 68053 31552 14422 40669 5258 4827 33669 25382 37012 49952 66439 55379 48373 43583 62123 44815 19274 42724 68038 29968 29469 37106 43653 56282 52331 1438 1609 63281 48041 24300 45665 9492 53152 31899 49438 9884 790 20501 26780 38189 5782 41102 41258 35527 15814 48689 6887 41751 3680 4262 8675 41500 62479 44537 4734 32571 38171 15651 43376 7911 3683 66103 62518 45409 34583 51344 21033 47724 10973 61804 51813 9519 34070 36682 28575 47719 38825 14028 32099 61595 21004 32260 31025 4377 26111 31945 116 6577 18290 9090 54330 56278 38107 56569 51131 68786 44927 68595 7660 35391 46537 61371 41581 23545 2084 12575 3841 55388 22110 64332 40423 26046 47758 56767 24465 31914 11425 30101 65435 6456 427 48221 50340 47558 46337 64440 22651 47472 16825 69344 16094 47276 9778 49556 29689 12847 46487 9670 56401 22517 24619 23584 33487 30658 35560 42180 26960 37597 50270 13749 11521 51385 20387 4668 267 21380 34050 26588 20860 2077 5804 63518 37150 3266 43417 40597 7601 61067 22516 18441 29504 29870 50660 51096 64580 53446 13008 70066 15309 27546 14442 27567 69725 3016 40430 59857 29241 57389 67370 41931 3993 50506 66940 43545 19932 31496 46657 40489 54592 40963 55712 33542 65698 29907 20923 53028 25874 70688 50388 50538 14793 13892 20138 62752 69236 43663 46581 66250 62343 18022 14330 3061 1720 11983 50127 55762 23436 42583 38499 18146 5594 425 47138 704 1131 48890 16550 48519 15368 54397 49976 11154 27305 68303 44721 37443 1278 5867 11349 28517 21429 33483 41985 21508 16664 33967 44526 22274 755 6007 11628 28804 65540 36940 22842 11542 39387 48732 13408 39880 20641 60809 61226 60894 21604 46840 11433 63908 70048 54918 18461 12210 33425 21208 47108 27511 46670 68545 8931 26032 50743 63885 27330 40887 2371 60837 35974 28107 64287 21839 1853 1263 67303 24333 45265 1337 42669 39571 46680 54076 64283 65780 10712 28011 65603 69198 21946 33614 20793 33118 49791 42399 63792 62583 56798 38572 56453 50758 42567 25415 59778 11321 41679 18553 30810 24610 25276 17538 58800 25351 37309 64293 5474 5686 30994 23081 13396 20172 26193 924 61241 64118 21178 38876 34264 51031 48094 1989 49011 57539 19034 16742 3039 18877 15640 5089 25274 59306 12004 4536 11063 32485 22692 47377 70099 8972 66695 17589 21687 48608 65029 60972 9909 57243
4 506
6850 52635 34789 14363 47788 2249 46999 62296 30005 61640 4709 32339 45591 8049 44361 50632 68203 30230 35718 36634 8048 15415 69621 50259 45292 45427 40279 25038 831 26388 70764 62093 50837 44388 41109 22108 49715 21273 25979 69274 28413 42954 47034 14481 36928 49910 27768 21669 46850 16999 16714 28998 24183 7210 55519 69882 22845 23806 57352 16765 54291 47312 9496 52480 58903 26045 63909 61976 22735 21694 65506 17173 54078 17984 23590 60719 53634 67905 3782 37867 19771 25195 51109 5596 51836 49633 3973 10706 10702 18898 56194 66616 41083 4626 40378 69907 26426 4411 62165 4860 43833 65363 69087 54396 47572 13574 24388 50348 10806 33756 11376 17001 51563 45669 5223 70450 16343 67375 36686 24413 49177 17047 51027 26309 51155 14168 22851 56239 35303 61412 4139 57649 58549 42915 14819 45601 59240 55821 13245 36156 211 14759 58091 4498 33819 48859 47327 65987 64488 44944 4408 53740 21001 36145 14501 180 26994 54298 9145 65110 61287 30757 53936 41956 27555 91 2429 19003 3762 56717 10929 23703 12450 56170 40764 64430 52713 41259 13202 15701 31465 23739 68449 6814 56292 48356 24227 40366 41779 35987 62683 63523 69699 24313 24637 67020 56472 22613 4808 8282 31212 17470 13622 52194 67865 36430 43 22194 2119 48101 60881 38346 7711 69713 61775 68687 56787 3747 29725 55366 7562 50578 61539 20862 1344 7968 37953 30780 23551 23350 5856 20240 59721 49765 1634 62579 6880 48275 49896 746 62533 34527 8287 21503 63662 19471 33279 31300 10610 16764 43096 56138 65948 46085 21713 33073 58485 35119 8792 15245 54135 54529 6385 32234 1645 32820 47898 68544 21550 53134 50875 31875 31715 61108 12590 18985 20782 16843 50077 10733 39148 40469 2610 20607 30863 60036 13414 17818 40765 45961 3916 43245 66428 19501 59288 52956 56597 8764 2945 36321 14947 43878 58611 54595 54952 61385 61619 7423 1535 18574 16897 2849 53147 14747 51160 28483 10802 22621 45951 36742 60436 42557 55063 13876 53991 5467 24154 6444 29333 8005 31962 6149 28906 61224 55554 53672 31229 61465 61699 59957 29336 52122 41313 5449 4494 35437 49128 5970 26815 51338 45318 53791 10235 24972 1825 62208 59931 41502 46832 67580 65874 19325 56930 70829 4984 57978 60496 35162 55363 30973 9099 31096 60093 61394 21560 11367 67858 362 52086 56773 36444 1697 4665 70696 33286 55933 20263 31405 56629 65672 31114 13088 35948 6250 70362 3396 4014 16446 8767 19272 6645 30927 54548 12565 15206 1848 38576 2570 46051 50301 59978 43854 17957 19563 67132 56630 26290 26773 49740 61300 35653 17544 68510 29710 69012 28076 70083 30023 29231 39840 26401 64462 34335 55656 56812 30373 5955 5430 44055 40809 34942 63285 6039 52779 41706 32334 61750 49398 35928 48274 9831 36564 20703 26705 60914 44724 68302 34362 9185 66353 52944 68232 24191 12999 30915 13435 22511 32528 52270 69715 61972 32494 41371 55761 52314 25152 29263 56390 21837 58893 35175 70507 53774 32930 20646 20400 69559 4050 65964 21181 41055 29753 51895 69550 36810 51383 65754 27045 20991 68620 56365 25864 40362 34463 26375 38817
317 471
23660 18646 34292 57276 69762 20844 19568 21618 52133 57508 15467 5588 4074 36245 3896 38773 23526 45405 42215 33406 54172 16529 45984 55723 11909 12199 56260 15692 34618 7782 58455 7567 1734 30743 60841 42003 55730 57124 9292 57233 14378 28820 52682 4370 65420 62713 36462 37819 67038 44243 30219 62059 55670 31749 58704 11446 13766 14870 59707 70395 70588 60379 38469 19432 28759 70794 49488 35694 62851 66175 36915 14447 25788 49815 48618 61471 7310 58032 57927 7156 57968 22649 7790 56306 12685 3107 43508 35418 2833 23769 62872 66369 10454 12993 2081 41211 32479 23269 35421 57219 18623 26085 29166 7685 32597 13136 55998 41166 56139 11339 5479 10151 6503 701 26277 33128 21159 35727 25654 63713 995 21522 5667 56895 34544 51342 31062 60286 9139 54682 16645 45563 28926 18291 49036 609 58627 11179 70408 64648 60183 56460 47446 17335 54278 8633 29829 41359 36569 29121 4474 16237 31651 42249 70552 35833 67958 65076 61792 25034 27561 38527 36595 59925 59885 31125 839 23924 39262 7129 25661 66722 662 53888 11020 52876 29780 30376 65616 18582 63389 836 38178 1284 42673 2885 50856 14042 18824 50610 70088 6999 59864 51733 17492 23678 36228 12067 4202 52366 62676 12692 57785 69620 313 7637 49980 17278 1959 43332 44538 17149 35914 20289 4162 41253 56806 37804 62741 46492 51262 25686 66835 41095 8474 41875 54843 36785 70268 29678 31649 36864 39522 56001 65062 53200 48663 16357 10757 44571 2129 53964 23652 27449 13517 59274 6293 12989 51264 35486 19789 19953 69139 38862 44846 69632 32353 46807 25845 70220 15909 46593 18314 21030 2071 27190 6730 51033 4212 30466 53253 19673 9581 57598 8718 42612 34200 24553 34430 13541 42767 47494 38474 35123 52791 61521 23616 15045 42460 4810 1755 55497 4428 64053 19636 19722 19768 67341 25897 49703 3136 19609 14863 49751 13101 15504 68815 42216 57154 54178 13392 18573 60407 28443 54830 70422 25372 1429 59801 67342 45300 50805 38736 14410 2036 52105 59807 9419 2414 8035 50795 37796 9059 50491 48443 58819 63115 40739 61782 39531 3532 433 28227 44289 63993 42521 26901 20026 2492 4824 2782 58423 24718 15589 8923 50291 11581 48133 65044 26868 16702 35389 3147 43053 15742 45949 31666 46324 56722 36018 39921 20969 51448 27785 16668 60253 68637 23717 59805 40486 70106 56380 9590 37006 35644 15 25666 10040 16748 52727 40716 68792 36003 18924 45939 46239 40983 67129 33071 33582 56532 63919 69739 17246 9708 13940 62040 10274 42628 70738 54832 47441 1169 56476 42357 33102 7304 47196 51974 14540 28612 34347 44584 10476 380 13635 37969 10770 19772 70256 34136 7284 46705 39477 35052 21938 61667 2575 61493 37476 35256 20719 31472 17299 16819 10019 25289 9734 14383 33112 14875 50101 6864 29486 26128 44834 13813 35491 29512 48229 17 58013 10970 63062 69598 10076 69820 2122 60300 50239 28653
286 478
3248 18887 49916 15259 11702 18983 47726 70208 782 827 40531 47153 20095 68468 56285 60844 8948 20192 15327 14245 57756 31239 10566 52845 19221 21554 1134 61966 26633 18730 2301 36032 13956 47685 38035 61126 21217 19174 12507 61664 45510 15804 35433 52264 26885 66280 55939 54818 49531 29693 42711 43191 8524 27132 68403 8946 47161 26454 60939 70865 66148 45571 4138 66199 35024 59623 34004 14401 67090 69455 20802 54635 22258 16833 46513 61652 30865 11190 21081 31424 19287 64718 23246 62441 25341 17354 3755 36803 31772 46031 33616 9808 63261 52737 70851 35236 49653 46361 34290 32078 62287 3075 46411 43028 20809 19933 24724 30906 52692 34957 33571 18263 6225 59852 65450 37099 6022 20825 70740 31938 43940 26875 46689 27970 10861 27643 38424 61821 35750 66172 6914 68087 21819 42483 63747 50544 26956 29140 69730 1220 11825 30736 19393 46334 29018 27320 5304 32993 52675 70425 62654 33072 36126 19066 1279 19872 22316 45197 13247 66066 3218 61567 68498 13601 16042 3773 52268 62985 44621 39390 41813 1560 39238 49836 49846 4820 44260 7098 70879 46353 52654 43528 38861 61459 39627 1235 4541 23481 56498 2350 62623 39496 5459 38909 16462 13024 60954 35430 60229 42486 31043 27108 56849 34579 33032 40300 52754 50321 63759 40540 22849 51596 14489 11395 5025 19587 50734 56921 34476 30432 21814 47017 47937 52160 64598 27214 54570 16370 14631 65124 33811 66595 24508 64859 14737 52821 54454 9327 11961 66352 17789 28718 15101 69853 64813 40719 5975 25991 24927 43921 53952 64988 22924 5960 17594 59761 3078 48433 64918 6758 27031 68740 5291 60799 13484 15487 16501 69055 55708 56018 44280 53404 1081 60926 3670 2600 58450 55083 41363 67977 60291 50989 55126 33318 2803 29516 60825 15347 34148 45495 27194 3514 7621 36581 30726 544 54928 47082 30350 28571 20541 6548 57869 67359 56145 59690 40015 51650 66275 63709 28944 61891 20131 9791 2736 46231 70040 14460 23480 48469 4490 54774 61190 39222 44223 30594 7375 69570 57698 40902 24136 29669 5928 65371 45174 42201 67167 9563 59604 8648 12245 21484 40589 55246 4637 13815 2165 940 10501 18135 30581 67139 24533 39430 6450 61129 34174 11915 65285 4562 42214 69278 45084 27808 59671 69623 37890 26257 6165 8839 3273 5870 42036 50927 63370 69606 67440 17817 51547 1524 4284 61795 53113 68657 8061 70263 68305 11857 26709 19109 61707 960 16587 55147 14093 4736 45159 57349 45795 52925 47106 65595 70175 54057 67824 26665 24436 69979 58289 70563 67152 19997 55018 20660 45894 49102 4266 69726 3490 46599 61622 21796 28892 24762 14786 45477 13348 18718 17982 15175 48783 52364 9257 44183 15279 53961 68696 38797 8772 28351 35627 70343 30598 31222 43858 42807 45925 4464 28456 70816 4933 113 26685 59669 47970 17723 16284 56650 66930 3050 54075 8978 43317 35060 9851 51803 14435 58513 11097 60599 62280 70694 68329 23729 2303 629 2979 34010
